date,temperature_2m_max,temperature_2m_min,temperature_2m_mean,precipitation_sum,rain_sum,et0_fao_evapotranspiration,shortwave_radiation_sum,wind_speed_10m_max,relative_humidity_2m_mean,source
1995-01-01,12.6,4.1,7.8,0.0,0.0,1.24,8.99,9.2,82,era5_archive
1995-01-02,14.5,2.6,7.8,0.0,0.0,1.75,12.82,8.0,79,era5_archive
1995-01-03,15.2,3.2,8.2,0.0,0.0,2.12,13.08,17.5,68,era5_archive
1995-01-04,15.8,5.8,9.7,0.0,0.0,2.02,12.78,17.4,72,era5_archive
1995-01-05,13.7,4.3,8.4,0.0,0.0,1.61,11.98,10.5,83,era5_archive
1995-01-06,14.8,2.6,8.1,0.0,0.0,1.66,11.35,14.3,81,era5_archive
1995-01-07,14.9,7.0,10.0,0.0,0.0,1.75,11.65,15.6,81,era5_archive
1995-01-08,13.4,5.7,8.7,0.0,0.0,1.54,11.38,9.4,86,era5_archive
1995-01-09,14.5,2.4,8.0,0.0,0.0,1.81,12.9,20.1,79,era5_archive
1995-01-10,13.0,6.0,8.9,0.0,0.0,1.32,9.93,11.3,83,era5_archive
1995-01-11,12.9,3.4,7.8,0.0,0.0,1.7,12.3,20.2,78,era5_archive
1995-01-12,11.4,2.5,6.5,0.0,0.0,1.77,13.71,12.3,69,era5_archive
1995-01-13,13.0,1.3,6.5,0.0,0.0,1.83,13.87,9.4,71,era5_archive
1995-01-14,13.7,2.7,7.8,0.0,0.0,2.08,12.24,24.8,68,era5_archive
1995-01-15,15.3,5.4,10.4,0.0,0.0,1.83,12.05,22.5,80,era5_archive
1995-01-16,8.5,2.8,5.6,0.2,0.2,1.84,13.36,30.4,69,era5_archive
1995-01-17,9.0,4.4,6.2,0.1,0.1,1.47,9.29,22.9,71,era5_archive
1995-01-18,9.4,4.5,6.4,1.9,1.9,1.2,9.94,21.7,86,era5_archive
1995-01-19,9.2,3.8,6.2,0.0,0.0,1.09,8.09,17.8,86,era5_archive
1995-01-20,9.0,1.9,5.5,0.0,0.0,1.32,10.29,11.2,78,era5_archive
1995-01-21,9.6,1.6,5.3,0.1,0.1,1.33,10.0,9.2,78,era5_archive
1995-01-22,11.5,1.5,6.4,0.0,0.0,1.5,11.26,5.4,77,era5_archive
1995-01-23,12.7,1.0,6.6,0.0,0.0,1.85,12.63,15.1,71,era5_archive
1995-01-24,13.8,0.9,6.4,0.0,0.0,2.14,14.95,11.3,65,era5_archive
1995-01-25,11.4,0.7,6.0,0.0,0.0,1.53,10.81,16.3,76,era5_archive
1995-01-26,12.9,5.0,8.4,0.0,0.0,1.43,9.66,9.9,83,era5_archive
1995-01-27,14.9,1.7,8.4,0.0,0.0,2.09,14.68,9.4,75,era5_archive
1995-01-28,15.3,2.7,8.2,0.0,0.0,2.28,15.32,16.3,71,era5_archive
1995-01-29,11.6,5.3,8.0,0.7,0.7,0.97,6.77,13.0,90,era5_archive
1995-01-30,13.9,3.3,8.4,0.0,0.0,1.61,10.71,9.7,84,era5_archive
1995-01-31,12.7,4.1,7.6,0.0,0.0,1.65,12.25,12.7,83,era5_archive
1995-02-01,15.8,2.4,8.6,0.0,0.0,1.9,11.61,9.7,75,era5_archive
1995-02-02,16.3,4.5,10.2,0.0,0.0,2.35,15.83,7.4,73,era5_archive
1995-02-03,17.0,5.2,10.4,0.0,0.0,2.48,16.26,8.4,76,era5_archive
1995-02-04,11.2,3.8,7.3,7.3,7.3,0.88,5.63,14.1,86,era5_archive
1995-02-05,10.7,5.8,7.6,2.1,2.1,1.14,9.58,17.1,92,era5_archive
1995-02-06,11.2,5.7,7.7,2.0,2.0,1.47,11.17,24.5,85,era5_archive
1995-02-07,8.0,3.6,5.8,9.0,9.0,1.42,11.64,28.3,80,era5_archive
1995-02-08,7.6,2.8,4.6,5.1,4.8,1.06,8.26,29.1,84,era5_archive
1995-02-09,10.4,3.7,6.5,1.0,1.0,1.4,11.03,14.2,84,era5_archive
1995-02-10,12.8,-0.6,6.1,0.0,0.0,2.12,16.31,14.7,74,era5_archive
1995-02-11,14.3,0.8,7.3,0.0,0.0,2.37,16.07,11.9,68,era5_archive
1995-02-12,15.4,1.6,8.0,0.0,0.0,2.65,17.34,11.3,64,era5_archive
1995-02-13,16.1,2.2,9.0,0.0,0.0,3.15,17.72,22.1,59,era5_archive
1995-02-14,10.0,6.6,8.4,14.6,14.6,1.42,6.42,18.1,74,era5_archive
1995-02-15,12.2,4.2,7.9,1.3,1.3,1.6,11.81,15.2,84,era5_archive
1995-02-16,12.9,5.8,8.6,0.0,0.0,1.92,13.76,5.4,82,era5_archive
1995-02-17,13.0,4.6,8.6,2.5,2.5,1.64,10.71,14.5,76,era5_archive
1995-02-18,14.1,4.9,9.2,0.0,0.0,2.2,14.75,9.5,76,era5_archive
1995-02-19,15.1,4.6,9.7,0.0,0.0,2.44,16.6,8.7,75,era5_archive
1995-02-20,16.3,2.7,10.0,0.0,0.0,2.46,16.75,19.4,74,era5_archive
1995-02-21,14.4,6.2,9.8,0.0,0.0,2.33,15.93,13.8,80,era5_archive
1995-02-22,11.1,5.5,7.7,1.0,1.0,1.64,12.6,22.1,87,era5_archive
1995-02-23,12.8,6.0,8.6,0.0,0.0,1.92,13.24,18.8,79,era5_archive
1995-02-24,15.3,3.2,8.7,0.0,0.0,2.86,19.38,11.5,64,era5_archive
1995-02-25,16.9,4.2,9.9,0.0,0.0,3.29,19.6,20.5,56,era5_archive
1995-02-26,14.5,4.7,9.4,0.0,0.0,2.39,16.37,16.9,70,era5_archive
1995-02-27,15.5,4.0,9.0,0.0,0.0,2.7,18.67,15.9,79,era5_archive
1995-02-28,17.4,4.0,10.6,0.0,0.0,3.08,20.0,8.7,74,era5_archive
1995-03-01,15.3,6.9,10.2,0.0,0.0,2.57,17.86,14.5,75,era5_archive
1995-03-02,19.2,5.2,11.8,0.0,0.0,3.62,19.08,17.9,62,era5_archive
1995-03-03,19.0,5.2,12.2,0.0,0.0,3.94,20.78,16.5,52,era5_archive
1995-03-04,19.6,7.9,12.9,0.0,0.0,4.21,19.86,24.2,46,era5_archive
1995-03-05,20.5,7.1,13.3,0.0,0.0,3.61,18.6,17.8,49,era5_archive
1995-03-06,20.5,7.0,14.1,0.0,0.0,3.53,20.13,11.8,51,era5_archive
1995-03-07,15.4,6.5,11.1,0.0,0.0,2.71,16.71,22.3,68,era5_archive
1995-03-08,16.6,3.9,10.2,0.0,0.0,3.2,20.87,8.2,68,era5_archive
1995-03-09,17.7,6.8,11.7,0.0,0.0,3.44,21.1,17.1,64,era5_archive
1995-03-10,17.4,6.2,11.4,0.0,0.0,3.35,21.27,11.8,69,era5_archive
1995-03-11,15.9,4.1,9.6,0.0,0.0,3.22,21.28,16.0,72,era5_archive
1995-03-12,13.5,5.0,8.6,0.0,0.0,2.58,17.11,21.3,75,era5_archive
1995-03-13,14.8,3.5,8.6,0.0,0.0,2.96,20.41,11.3,72,era5_archive
1995-03-14,19.8,3.0,11.9,0.0,0.0,4.15,19.54,17.5,50,era5_archive
1995-03-15,22.9,8.4,15.0,0.0,0.0,5.09,22.22,24.2,44,era5_archive
1995-03-16,14.2,6.2,9.5,8.9,8.9,1.98,14.94,31.3,83,era5_archive
1995-03-17,13.2,7.0,9.5,0.0,0.0,2.37,16.76,23.1,78,era5_archive
1995-03-18,15.2,6.2,10.2,0.2,0.2,2.74,17.81,12.8,74,era5_archive
1995-03-19,15.2,5.5,10.1,0.0,0.0,2.49,16.32,14.5,78,era5_archive
1995-03-20,20.0,5.7,12.8,0.0,0.0,3.59,22.2,9.2,63,era5_archive
1995-03-21,19.8,5.4,12.5,0.0,0.0,4.18,23.59,13.8,54,era5_archive
1995-03-22,20.7,7.3,13.5,0.0,0.0,4.43,23.25,21.1,46,era5_archive
1995-03-23,20.1,6.9,13.2,0.0,0.0,3.73,22.22,10.5,70,era5_archive
1995-03-24,16.2,6.5,11.3,0.2,0.2,3.15,19.02,26.4,68,era5_archive
1995-03-25,9.8,4.9,6.7,10.9,10.9,1.66,14.74,31.7,84,era5_archive
1995-03-26,9.6,4.6,6.7,2.2,2.2,1.79,17.02,33.0,84,era5_archive
1995-03-27,14.3,2.1,8.1,0.0,0.0,3.28,23.84,12.1,73,era5_archive
1995-03-28,16.3,2.2,9.4,0.0,0.0,3.73,24.6,9.2,65,era5_archive
1995-03-29,20.6,4.0,12.2,0.1,0.1,4.34,24.33,21.2,56,era5_archive
1995-03-30,15.6,5.6,11.3,0.0,0.0,2.76,17.2,22.1,69,era5_archive
1995-03-31,19.1,5.8,11.9,0.0,0.0,3.72,23.5,8.6,74,era5_archive
1995-04-01,24.8,5.8,15.9,0.0,0.0,4.8,23.76,15.5,52,era5_archive
1995-04-02,14.4,7.5,10.9,0.2,0.2,1.91,12.03,20.6,82,era5_archive
1995-04-03,11.2,4.7,7.4,3.4,3.4,2.29,18.17,23.9,78,era5_archive
1995-04-04,12.7,3.8,7.5,1.0,1.0,2.88,21.4,21.5,73,era5_archive
1995-04-05,16.4,2.0,9.3,0.0,0.0,3.92,26.0,11.0,59,era5_archive
1995-04-06,19.8,2.2,11.6,0.0,0.0,4.31,26.06,9.7,52,era5_archive
1995-04-07,22.9,5.2,14.2,0.0,0.0,5.21,25.97,15.8,41,era5_archive
1995-04-08,23.7,9.3,15.9,0.0,0.0,4.84,21.99,13.1,35,era5_archive
1995-04-09,25.6,10.0,17.1,0.1,0.1,5.11,21.79,24.8,45,era5_archive
1995-04-10,18.2,9.1,13.1,0.0,0.0,3.64,21.89,25.8,71,era5_archive
1995-04-11,15.4,6.4,10.7,0.0,0.0,3.66,24.19,22.5,67,era5_archive
1995-04-12,18.0,3.3,11.3,0.0,0.0,3.54,21.18,11.5,59,era5_archive
1995-04-13,22.7,6.3,15.2,0.0,0.0,5.27,26.67,15.6,49,era5_archive
1995-04-14,17.5,8.2,13.0,0.0,0.0,4.01,23.07,21.9,61,era5_archive
1995-04-15,22.4,4.3,13.7,0.0,0.0,4.83,26.92,11.0,54,era5_archive
1995-04-16,24.2,10.9,17.5,0.0,0.0,5.15,25.37,17.3,42,era5_archive
1995-04-17,25.9,13.2,19.5,0.0,0.0,5.81,26.13,24.3,41,era5_archive
1995-04-18,26.8,10.8,17.3,0.0,0.0,4.45,16.46,39.4,59,era5_archive
1995-04-19,17.1,8.5,12.0,0.4,0.4,3.54,21.36,22.7,70,era5_archive
1995-04-20,18.8,5.9,11.9,0.0,0.0,4.54,27.5,13.9,61,era5_archive
1995-04-21,20.2,5.6,12.6,0.0,0.0,4.52,26.44,23.8,69,era5_archive
1995-04-22,18.4,9.6,13.1,0.6,0.6,3.47,19.6,19.5,72,era5_archive
1995-04-23,20.8,7.8,14.0,0.0,0.0,4.61,25.96,19.7,62,era5_archive
1995-04-24,22.9,9.8,15.8,0.0,0.0,5.1,26.54,20.3,56,era5_archive
1995-04-25,21.1,9.1,15.1,0.0,0.0,4.53,24.63,20.7,65,era5_archive
1995-04-26,26.1,10.2,18.4,0.0,0.0,5.19,25.67,12.9,53,era5_archive
1995-04-27,28.7,11.3,20.9,0.0,0.0,6.25,27.03,16.8,40,era5_archive
1995-04-28,32.2,15.3,21.9,0.0,0.0,8.19,25.74,33.5,32,era5_archive
1995-04-29,24.1,10.6,16.9,0.0,0.0,5.35,27.9,14.3,57,era5_archive
1995-04-30,29.4,11.3,20.4,0.0,0.0,5.75,26.79,13.6,42,era5_archive
1995-05-01,29.7,13.8,21.6,0.6,0.6,4.68,20.4,16.4,50,era5_archive
1995-05-02,24.6,11.9,17.8,0.0,0.0,5.48,27.96,22.8,63,era5_archive
1995-05-03,23.4,8.5,16.0,0.0,0.0,5.44,28.18,18.6,57,era5_archive
1995-05-04,20.3,7.7,14.2,0.0,0.0,4.96,27.81,24.9,62,era5_archive
1995-05-05,19.9,7.5,13.4,0.0,0.0,4.7,27.35,20.7,67,era5_archive
1995-05-06,17.7,8.3,12.9,1.1,1.1,3.95,23.18,24.7,69,era5_archive
1995-05-07,18.1,7.1,12.3,0.0,0.0,3.9,22.09,24.5,69,era5_archive
1995-05-08,19.6,6.9,13.0,0.0,0.0,4.75,28.3,18.2,65,era5_archive
1995-05-09,21.8,7.6,14.3,0.0,0.0,5.22,29.02,17.4,55,era5_archive
1995-05-10,24.2,8.3,16.3,0.0,0.0,5.59,28.76,19.8,57,era5_archive
1995-05-11,24.4,9.5,16.4,0.0,0.0,5.32,27.64,20.6,65,era5_archive
1995-05-12,27.1,9.9,18.8,0.0,0.0,5.65,27.99,13.0,58,era5_archive
1995-05-13,30.9,13.6,23.0,0.0,0.0,6.45,28.61,11.5,42,era5_archive
1995-05-14,32.6,14.7,24.4,0.0,0.0,6.59,26.14,17.7,30,era5_archive
1995-05-15,30.5,17.4,23.8,0.0,0.0,7.01,29.28,19.9,36,era5_archive
1995-05-16,27.6,13.1,19.9,0.0,0.0,6.52,29.05,22.1,47,era5_archive
1995-05-17,23.7,10.4,16.6,0.0,0.0,5.59,28.79,22.9,60,era5_archive
1995-05-18,24.2,8.5,16.2,0.0,0.0,5.51,29.42,18.9,63,era5_archive
1995-05-19,27.6,13.0,19.6,0.0,0.0,5.98,28.98,16.9,58,era5_archive
1995-05-20,31.4,14.2,23.0,0.0,0.0,6.57,29.49,14.0,36,era5_archive
1995-05-21,33.1,17.9,25.4,0.0,0.0,6.54,29.31,12.2,32,era5_archive
1995-05-22,37.0,17.6,28.3,0.0,0.0,8.08,29.25,14.1,24,era5_archive
1995-05-23,36.7,23.7,29.9,0.2,0.2,9.12,27.35,18.6,17,era5_archive
1995-05-24,36.8,21.0,28.7,0.0,0.0,7.37,26.26,16.9,22,era5_archive
1995-05-25,35.5,17.8,26.3,0.3,0.3,7.02,26.29,17.7,44,era5_archive
1995-05-26,30.0,16.8,23.2,0.0,0.0,6.57,27.54,23.3,55,era5_archive
1995-05-27,30.5,14.8,22.8,0.0,0.0,6.25,25.21,19.0,46,era5_archive
1995-05-28,32.6,17.6,24.9,0.0,0.0,6.81,27.19,19.8,34,era5_archive
1995-05-29,32.4,17.5,25.3,0.8,0.8,6.11,26.38,15.5,43,era5_archive
1995-05-30,32.3,15.6,25.0,0.0,0.0,6.48,27.76,13.8,44,era5_archive
1995-05-31,28.4,17.1,22.2,0.8,0.8,6.39,27.3,22.5,52,era5_archive
1995-06-01,25.5,12.4,18.8,0.0,0.0,6.06,29.47,23.1,59,era5_archive
1995-06-02,27.0,13.3,19.7,0.0,0.0,5.93,28.17,23.9,64,era5_archive
1995-06-03,29.6,14.7,21.9,0.0,0.0,6.89,28.88,25.9,53,era5_archive
1995-06-04,29.8,15.1,22.3,0.0,0.0,7.25,29.71,24.3,43,era5_archive
1995-06-05,28.6,12.8,20.6,0.0,0.0,6.46,29.76,21.3,57,era5_archive
1995-06-06,28.1,13.5,20.8,0.0,0.0,6.33,29.3,21.8,61,era5_archive
1995-06-07,29.2,14.7,21.6,0.0,0.0,6.37,28.7,23.0,62,era5_archive
1995-06-08,34.7,16.9,25.6,0.0,0.0,7.56,28.2,20.7,44,era5_archive
1995-06-09,28.1,14.8,21.7,0.0,0.0,6.91,29.8,29.0,52,era5_archive
1995-06-10,27.1,13.5,20.3,0.0,0.0,6.44,29.16,25.2,55,era5_archive
1995-06-11,29.4,14.3,21.4,0.0,0.0,6.8,29.35,25.1,53,era5_archive
1995-06-12,31.5,16.3,23.5,0.0,0.0,7.15,29.73,22.1,42,era5_archive
1995-06-13,32.1,16.9,24.3,0.0,0.0,7.54,29.61,26.7,41,era5_archive
1995-06-14,33.1,17.6,25.1,0.0,0.0,7.76,29.49,26.1,42,era5_archive
1995-06-15,34.8,19.4,27.4,0.0,0.0,7.77,29.39,19.9,33,era5_archive
1995-06-16,33.4,21.0,27.5,0.0,0.0,7.64,29.72,20.9,33,era5_archive
1995-06-17,30.1,15.9,22.5,0.0,0.0,6.31,28.88,19.0,63,era5_archive
1995-06-18,31.8,16.7,23.7,0.0,0.0,6.44,28.18,19.4,62,era5_archive
1995-06-19,33.0,16.5,24.4,0.0,0.0,6.9,28.67,22.0,60,era5_archive
1995-06-20,31.3,15.7,23.6,0.0,0.0,7.5,29.5,27.5,52,era5_archive
1995-06-21,28.9,16.5,22.6,0.0,0.0,6.96,29.5,29.6,56,era5_archive
1995-06-22,30.2,17.9,23.4,0.0,0.0,6.23,28.51,14.2,60,era5_archive
1995-06-23,34.6,17.3,26.5,0.0,0.0,6.7,29.92,14.1,38,era5_archive
1995-06-24,33.5,18.6,25.7,0.0,0.0,7.44,29.74,20.2,46,era5_archive
1995-06-25,32.3,15.9,23.8,0.0,0.0,7.07,29.95,19.1,50,era5_archive
1995-06-26,33.0,16.3,24.5,0.0,0.0,7.09,30.26,18.3,50,era5_archive
1995-06-27,33.2,17.3,25.3,0.0,0.0,7.3,28.83,25.6,57,era5_archive
1995-06-28,33.3,17.6,25.3,0.0,0.0,8.09,29.77,34.9,53,era5_archive
1995-06-29,30.6,18.1,23.7,0.0,0.0,7.28,28.73,35.3,56,era5_archive
1995-06-30,30.4,17.1,23.2,0.0,0.0,6.97,28.56,29.0,59,era5_archive
1995-07-01,32.5,16.3,24.7,0.0,0.0,7.22,29.02,24.0,52,era5_archive
1995-07-02,37.4,18.8,28.0,0.0,0.0,8.99,28.22,32.9,34,era5_archive
1995-07-03,28.4,17.1,22.6,0.0,0.0,5.88,26.21,21.7,64,era5_archive
1995-07-04,29.1,16.8,22.6,0.0,0.0,6.3,27.69,26.9,65,era5_archive
1995-07-05,30.7,16.0,23.1,0.0,0.0,6.44,27.82,26.9,64,era5_archive
1995-07-06,32.2,17.6,24.4,0.0,0.0,6.69,28.01,22.5,60,era5_archive
1995-07-07,33.4,19.3,25.6,0.0,0.0,7.39,29.1,24.8,52,era5_archive
1995-07-08,33.7,17.8,25.5,0.0,0.0,7.53,29.49,23.9,51,era5_archive
1995-07-09,29.5,18.1,23.3,0.0,0.0,6.38,28.12,23.9,62,era5_archive
1995-07-10,27.2,17.2,22.0,0.0,0.0,5.23,22.76,24.8,68,era5_archive
1995-07-11,27.0,17.2,21.7,0.0,0.0,5.24,24.04,23.9,69,era5_archive
1995-07-12,27.0,16.0,21.2,0.0,0.0,5.54,25.66,21.2,67,era5_archive
1995-07-13,28.8,15.3,21.8,0.0,0.0,6.01,28.1,21.0,68,era5_archive
1995-07-14,29.1,16.1,22.1,0.0,0.0,6.22,28.1,23.8,67,era5_archive
1995-07-15,28.5,16.8,22.1,0.0,0.0,5.92,26.82,26.1,69,era5_archive
1995-07-16,28.9,17.3,22.3,0.0,0.0,5.6,25.09,24.9,70,era5_archive
1995-07-17,29.6,16.2,22.4,0.0,0.0,6.16,27.34,24.1,67,era5_archive
1995-07-18,30.1,16.9,23.1,0.0,0.0,6.19,27.14,26.5,68,era5_archive
1995-07-19,30.3,17.3,23.2,0.0,0.0,6.16,27.09,27.8,69,era5_archive
1995-07-20,30.3,18.0,23.5,0.0,0.0,6.51,27.8,29.3,66,era5_archive
1995-07-21,30.3,18.3,23.4,0.0,0.0,6.11,26.09,28.3,68,era5_archive
1995-07-22,30.0,17.2,23.1,0.0,0.0,6.33,27.9,23.1,65,era5_archive
1995-07-23,29.8,15.5,22.9,0.0,0.0,6.22,27.36,22.9,65,era5_archive
1995-07-24,30.3,17.4,23.3,0.0,0.0,6.24,27.86,19.6,66,era5_archive
1995-07-25,32.4,16.7,24.4,0.0,0.0,6.7,28.76,17.4,57,era5_archive
1995-07-26,33.2,17.5,24.7,0.0,0.0,6.66,27.81,20.7,58,era5_archive
1995-07-27,32.5,17.6,24.7,0.0,0.0,6.82,28.0,21.6,59,era5_archive
1995-07-28,32.0,18.1,24.9,0.0,0.0,6.72,27.5,23.3,62,era5_archive
1995-07-29,31.8,18.4,24.7,0.0,0.0,6.73,28.23,22.1,58,era5_archive
1995-07-30,32.8,18.7,24.9,0.0,0.0,6.54,27.98,18.4,59,era5_archive
1995-07-31,34.7,18.6,26.1,0.0,0.0,6.97,28.47,18.3,53,era5_archive
1995-08-01,34.4,19.4,26.1,0.0,0.0,7.24,28.52,20.5,50,era5_archive
1995-08-02,33.5,18.1,25.0,0.0,0.0,6.96,28.23,21.7,54,era5_archive
1995-08-03,31.8,16.9,23.9,0.0,0.0,6.73,28.09,21.7,61,era5_archive
1995-08-04,30.9,16.5,23.3,0.0,0.0,6.43,27.69,24.2,63,era5_archive
1995-08-05,30.7,16.5,23.0,0.0,0.0,6.45,27.87,23.5,65,era5_archive
1995-08-06,30.9,17.0,23.3,0.0,0.0,6.14,27.06,21.9,68,era5_archive
1995-08-07,30.3,16.7,23.0,0.0,0.0,6.17,27.43,21.3,66,era5_archive
1995-08-08,31.0,16.3,23.3,0.0,0.0,6.29,27.91,21.0,64,era5_archive
1995-08-09,32.3,18.3,24.6,0.0,0.0,6.31,27.22,19.9,65,era5_archive
1995-08-10,32.9,18.1,24.7,0.0,0.0,6.77,27.66,23.7,60,era5_archive
1995-08-11,33.6,18.0,25.2,0.0,0.0,6.94,28.3,20.3,53,era5_archive
1995-08-12,35.5,18.9,26.6,0.0,0.0,6.86,28.11,16.4,48,era5_archive
1995-08-13,35.3,19.6,27.0,0.0,0.0,6.81,27.38,17.9,54,era5_archive
1995-08-14,33.7,17.8,25.5,0.0,0.0,6.77,27.32,21.4,55,era5_archive
1995-08-15,31.8,17.6,24.0,0.0,0.0,6.56,26.8,24.9,60,era5_archive
1995-08-16,30.6,16.7,23.0,0.0,0.0,6.12,26.68,21.5,63,era5_archive
1995-08-17,30.1,16.6,22.7,0.0,0.0,5.75,26.24,19.0,69,era5_archive
1995-08-18,30.7,16.2,22.7,0.0,0.0,6.03,27.07,18.8,65,era5_archive
1995-08-19,30.8,16.6,22.9,0.0,0.0,6.07,27.1,18.9,64,era5_archive
1995-08-20,30.4,16.2,22.7,0.0,0.0,5.99,26.92,20.4,68,era5_archive
1995-08-21,28.9,16.2,22.0,0.0,0.0,5.8,26.04,23.4,69,era5_archive
1995-08-22,28.7,18.3,22.5,0.0,0.0,5.73,25.38,26.2,66,era5_archive
1995-08-23,28.8,16.1,22.0,0.0,0.0,5.44,25.02,20.3,69,era5_archive
1995-08-24,30.0,16.9,23.1,0.0,0.0,5.6,25.94,14.5,67,era5_archive
1995-08-25,31.1,18.1,23.8,0.0,0.0,5.66,24.97,19.2,68,era5_archive
1995-08-26,32.7,18.7,25.0,0.0,0.0,5.97,25.42,17.3,63,era5_archive
1995-08-27,35.1,20.0,27.2,0.0,0.0,6.23,25.93,16.1,49,era5_archive
1995-08-28,36.1,21.7,28.0,0.0,0.0,7.05,25.94,24.5,47,era5_archive
1995-08-29,34.8,21.4,27.3,0.0,0.0,6.85,25.79,21.7,48,era5_archive
1995-08-30,29.5,18.1,23.2,0.0,0.0,5.96,25.28,26.4,62,era5_archive
1995-08-31,29.6,17.1,22.5,0.0,0.0,5.71,25.43,19.5,62,era5_archive
1995-09-01,30.5,15.5,22.5,0.0,0.0,5.86,25.5,22.0,60,era5_archive
1995-09-02,28.5,15.5,21.4,0.0,0.0,5.49,24.95,25.2,69,era5_archive
1995-09-03,27.1,16.7,20.8,0.0,0.0,5.03,23.27,24.0,70,era5_archive
1995-09-04,25.8,15.6,20.1,0.0,0.0,4.88,22.62,23.9,66,era5_archive
1995-09-05,27.0,17.0,21.3,0.0,0.0,4.5,21.06,20.0,70,era5_archive
1995-09-06,31.1,17.3,23.6,0.0,0.0,5.15,24.12,13.8,65,era5_archive
1995-09-07,33.2,18.0,25.3,0.0,0.0,5.95,24.14,18.2,54,era5_archive
1995-09-08,32.4,18.1,25.0,0.0,0.0,6.25,23.24,27.5,50,era5_archive
1995-09-09,29.0,15.8,22.0,0.0,0.0,5.22,23.68,18.3,65,era5_archive
1995-09-10,31.8,17.0,23.7,0.0,0.0,5.35,24.32,13.0,56,era5_archive
1995-09-11,35.8,16.8,26.2,0.0,0.0,5.35,23.21,12.9,54,era5_archive
1995-09-12,34.4,19.6,26.6,0.0,0.0,5.27,21.88,12.6,60,era5_archive
1995-09-13,34.5,20.9,27.6,0.0,0.0,5.12,20.44,13.1,56,era5_archive
1995-09-14,33.1,21.0,26.3,0.0,0.0,5.16,20.09,18.8,56,era5_archive
1995-09-15,31.6,17.5,23.9,0.0,0.0,5.68,23.63,20.3,55,era5_archive
1995-09-16,30.3,15.4,22.0,0.0,0.0,5.43,23.59,20.3,58,era5_archive
1995-09-17,29.1,15.2,21.4,0.0,0.0,5.09,22.68,23.1,69,era5_archive
1995-09-18,27.8,14.9,20.6,0.0,0.0,4.66,21.31,24.4,72,era5_archive
1995-09-19,27.8,16.6,21.4,0.3,0.3,4.53,20.44,22.3,72,era5_archive
1995-09-20,27.6,16.7,21.4,0.0,0.0,5.12,22.17,21.9,62,era5_archive
1995-09-21,30.1,15.1,22.4,0.0,0.0,5.27,22.98,14.0,36,era5_archive
1995-09-22,31.7,16.3,23.7,0.0,0.0,6.25,22.7,12.3,27,era5_archive
1995-09-23,27.7,14.4,20.9,0.0,0.0,4.91,21.86,25.3,61,era5_archive
1995-09-24,28.7,15.7,21.5,0.0,0.0,4.68,20.83,22.4,69,era5_archive
1995-09-25,27.6,16.0,21.1,0.0,0.0,4.79,20.82,22.7,67,era5_archive
1995-09-26,27.1,14.8,20.1,0.0,0.0,4.5,20.86,17.3,64,era5_archive
1995-09-27,29.0,14.9,21.5,0.0,0.0,4.86,21.49,18.4,59,era5_archive
1995-09-28,30.3,17.1,23.0,0.0,0.0,5.08,20.76,21.9,58,era5_archive
1995-09-29,31.5,18.5,24.3,0.0,0.0,5.19,21.05,16.1,48,era5_archive
1995-09-30,33.8,17.2,25.5,0.0,0.0,5.02,19.89,11.5,36,era5_archive
1995-10-01,32.5,19.3,25.2,1.1,1.1,4.8,19.88,16.0,51,era5_archive
1995-10-02,26.7,17.1,21.1,0.2,0.2,4.27,18.85,27.7,71,era5_archive
1995-10-03,23.0,13.8,17.7,0.3,0.3,4.24,20.46,22.5,61,era5_archive
1995-10-04,25.2,9.9,17.7,0.0,0.0,4.1,21.15,8.9,49,era5_archive
1995-10-05,27.2,12.6,19.5,0.0,0.0,4.35,20.74,9.0,38,era5_archive
1995-10-06,28.5,13.4,20.7,0.0,0.0,4.61,20.54,12.2,37,era5_archive
1995-10-07,26.7,13.1,19.2,0.0,0.0,4.25,20.06,14.4,61,era5_archive
1995-10-08,26.8,13.5,19.2,0.0,0.0,4.14,19.86,14.5,63,era5_archive
1995-10-09,26.8,14.0,19.6,0.0,0.0,3.98,19.75,9.1,62,era5_archive
1995-10-10,27.2,14.4,20.0,0.0,0.0,4.17,19.35,15.0,61,era5_archive
1995-10-11,24.6,13.4,18.1,0.0,0.0,3.94,18.59,20.3,68,era5_archive
1995-10-12,23.4,12.7,17.2,0.0,0.0,3.75,18.58,18.4,68,era5_archive
1995-10-13,24.2,11.8,17.5,0.0,0.0,3.66,18.47,11.3,65,era5_archive
1995-10-14,25.6,11.7,18.4,0.0,0.0,3.81,18.84,10.5,59,era5_archive
1995-10-15,25.7,13.1,18.5,0.0,0.0,3.72,18.23,12.7,65,era5_archive
1995-10-16,25.5,12.2,18.3,0.0,0.0,3.65,17.89,14.8,71,era5_archive
1995-10-17,24.5,13.6,18.3,0.0,0.0,3.42,16.82,17.4,74,era5_archive
1995-10-18,23.7,13.4,17.8,0.0,0.0,3.32,16.92,17.0,75,era5_archive
1995-10-19,26.2,14.1,19.4,0.0,0.0,3.64,17.72,13.8,67,era5_archive
1995-10-20,22.9,13.9,17.4,0.0,0.0,3.15,15.97,23.9,78,era5_archive
1995-10-21,22.2,14.4,17.3,0.0,0.0,3.13,15.9,16.3,74,era5_archive
1995-10-22,22.8,9.2,16.3,0.0,0.0,3.5,17.9,14.8,65,era5_archive
1995-10-23,22.8,13.1,17.2,0.0,0.0,3.1,16.14,15.0,70,era5_archive
1995-10-24,25.2,10.9,18.3,0.0,0.0,3.38,17.34,8.4,53,era5_archive
1995-10-25,27.6,12.2,19.6,0.0,0.0,5.45,17.49,26.0,36,era5_archive
1995-10-26,28.0,17.5,22.3,0.0,0.0,7.01,16.42,29.9,26,era5_archive
1995-10-27,27.6,17.1,21.8,0.2,0.2,4.65,14.85,18.1,37,era5_archive
1995-10-28,23.2,16.5,18.8,0.0,0.0,2.2,10.25,13.0,78,era5_archive
1995-10-29,23.0,12.3,17.0,0.1,0.1,2.96,15.2,15.8,75,era5_archive
1995-10-30,21.0,9.3,14.7,0.0,0.0,3.03,16.56,13.7,70,era5_archive
1995-10-31,24.1,10.4,17.0,0.0,0.0,3.23,16.0,11.8,60,era5_archive
1995-11-01,23.2,12.1,17.2,0.0,0.0,3.31,13.24,19.0,46,era5_archive
1995-11-02,17.6,12.1,14.3,3.8,3.8,1.51,9.23,16.5,88,era5_archive
1995-11-03,19.9,9.4,14.3,0.0,0.0,2.73,14.23,16.8,67,era5_archive
1995-11-04,22.4,8.7,15.2,0.0,0.0,3.21,16.09,13.1,54,era5_archive
1995-11-05,23.4,9.1,16.0,0.0,0.0,3.17,15.84,14.7,50,era5_archive
1995-11-06,24.0,10.1,17.1,0.0,0.0,3.34,13.96,13.8,44,era5_archive
1995-11-07,24.2,11.3,15.8,2.8,2.8,4.01,15.48,31.2,53,era5_archive
1995-11-08,14.2,8.2,11.4,5.5,5.5,1.6,10.57,23.4,80,era5_archive
1995-11-09,16.4,7.3,11.3,0.0,0.0,2.36,14.46,15.0,68,era5_archive
1995-11-10,14.0,7.4,10.4,0.5,0.5,1.48,9.81,23.2,81,era5_archive
1995-11-11,14.5,6.2,10.0,0.0,0.0,2.17,15.02,14.2,74,era5_archive
1995-11-12,14.7,2.7,8.6,0.0,0.0,2.84,15.7,16.3,46,era5_archive
1995-11-13,15.2,3.8,9.1,0.0,0.0,2.46,13.7,11.6,40,era5_archive
1995-11-14,17.3,3.0,9.5,0.0,0.0,3.08,15.38,13.5,39,era5_archive
1995-11-15,18.5,4.9,11.1,0.0,0.0,3.77,15.3,18.1,32,era5_archive
1995-11-16,19.7,5.9,12.6,0.0,0.0,3.52,14.28,15.6,32,era5_archive
1995-11-17,20.7,8.5,14.2,0.0,0.0,2.54,11.46,9.1,37,era5_archive
1995-11-18,19.9,9.7,13.7,0.0,0.0,2.81,13.75,17.2,53,era5_archive
1995-11-19,18.2,9.2,12.9,0.0,0.0,2.18,13.72,8.3,74,era5_archive
1995-11-20,20.8,8.1,14.3,0.0,0.0,2.43,14.31,8.9,57,era5_archive
1995-11-21,16.9,9.9,12.9,0.7,0.7,1.8,10.59,17.4,71,era5_archive
1995-11-22,15.4,7.4,11.3,0.0,0.0,2.53,12.22,27.0,69,era5_archive
1995-11-23,9.5,5.3,7.4,14.5,14.5,1.13,8.68,30.9,84,era5_archive
1995-11-24,10.2,5.0,6.9,4.5,4.5,1.14,9.74,25.6,89,era5_archive
1995-11-25,10.9,3.8,7.1,0.0,0.0,1.49,11.24,21.0,78,era5_archive
1995-11-26,12.6,-0.3,5.8,0.0,0.0,2.08,14.13,16.6,68,era5_archive
1995-11-27,13.6,2.2,7.1,0.0,0.0,2.01,13.87,10.6,61,era5_archive
1995-11-28,14.4,2.1,7.5,0.0,0.0,1.93,14.01,7.7,60,era5_archive
1995-11-29,14.3,1.1,7.0,0.0,0.0,2.04,13.0,8.2,52,era5_archive
1995-11-30,14.3,1.0,6.9,0.0,0.0,2.29,12.41,10.1,46,era5_archive
1995-12-01,14.8,1.1,7.1,0.0,0.0,2.31,13.62,9.2,48,era5_archive
1995-12-02,14.6,2.0,7.9,0.0,0.0,2.05,11.81,13.6,59,era5_archive
1995-12-03,14.8,7.1,10.0,0.0,0.0,1.82,11.27,11.0,64,era5_archive
1995-12-04,12.7,4.2,8.3,0.0,0.0,1.67,10.38,20.2,75,era5_archive
1995-12-05,11.8,7.4,9.3,6.4,6.4,1.09,6.9,17.1,84,era5_archive
1995-12-06,13.7,6.6,9.5,0.0,0.0,1.46,10.39,9.7,84,era5_archive
1995-12-07,13.7,4.1,8.5,0.0,0.0,1.65,12.02,17.9,80,era5_archive
1995-12-08,13.8,4.3,8.8,0.0,0.0,1.63,11.25,12.3,79,era5_archive
1995-12-09,12.5,5.7,8.6,1.1,1.1,1.43,10.76,9.8,84,era5_archive
1995-12-10,12.0,6.4,8.4,1.4,1.4,1.3,9.63,6.9,83,era5_archive
1995-12-11,8.6,4.4,6.0,6.4,6.4,0.62,4.47,10.7,92,era5_archive
1995-12-12,9.7,4.8,6.6,2.6,2.6,1.0,8.33,14.5,91,era5_archive
1995-12-13,10.2,3.3,7.4,2.7,2.7,1.1,8.74,13.8,87,era5_archive
1995-12-14,12.0,-0.2,5.7,0.0,0.0,1.56,11.72,13.2,82,era5_archive
1995-12-15,11.9,2.4,6.6,0.0,0.0,1.46,10.84,11.4,83,era5_archive
1995-12-16,11.0,1.3,5.6,0.0,0.0,1.42,11.44,9.0,85,era5_archive
1995-12-17,10.7,3.6,6.4,0.1,0.1,1.24,9.44,15.8,81,era5_archive
1995-12-18,10.8,0.1,4.8,0.0,0.0,1.45,11.57,10.1,80,era5_archive
1995-12-19,9.1,2.4,5.9,0.0,0.0,1.29,8.68,23.2,77,era5_archive
1995-12-20,11.4,5.8,7.9,0.0,0.0,1.19,7.04,22.5,79,era5_archive
1995-12-21,14.0,4.7,8.5,0.0,0.0,1.61,12.09,20.6,80,era5_archive
1995-12-22,13.7,5.3,8.9,0.0,0.0,1.54,11.75,15.1,82,era5_archive
1995-12-23,14.2,4.9,9.1,0.0,0.0,1.48,9.14,15.8,76,era5_archive
1995-12-24,13.5,4.5,8.6,0.0,0.0,1.46,10.59,8.3,73,era5_archive
1995-12-25,13.6,2.7,8.1,0.0,0.0,1.7,12.09,13.7,75,era5_archive
1995-12-26,13.7,2.5,8.6,0.0,0.0,1.67,12.2,8.0,77,era5_archive
1995-12-27,14.3,2.2,7.8,0.0,0.0,1.99,12.53,13.9,71,era5_archive
1995-12-28,14.6,3.6,8.2,0.0,0.0,2.05,12.88,17.4,65,era5_archive
1995-12-29,16.3,1.8,8.4,0.0,0.0,2.03,12.93,10.2,67,era5_archive
1995-12-30,16.6,5.7,10.2,0.0,0.0,1.89,12.16,18.0,70,era5_archive
1995-12-31,14.5,6.9,9.6,0.0,0.0,1.5,10.24,10.9,76,era5_archive
1996-01-01,16.4,4.8,10.3,0.0,0.0,1.79,12.31,4.3,71,era5_archive
1996-01-02,14.5,6.2,10.5,1.1,1.1,1.46,9.25,11.5,74,era5_archive
1996-01-03,15.4,4.4,9.7,1.2,1.2,1.85,11.3,14.5,72,era5_archive
1996-01-04,13.2,7.6,9.9,4.4,4.4,1.62,10.63,26.2,78,era5_archive
1996-01-05,9.8,5.9,7.6,5.9,5.9,0.76,4.82,18.2,84,era5_archive
1996-01-06,10.1,6.4,7.9,7.5,7.5,0.82,6.58,22.5,89,era5_archive
1996-01-07,10.0,5.3,7.9,6.0,6.0,0.87,6.67,20.8,91,era5_archive
1996-01-08,13.0,4.3,7.8,4.2,4.2,1.36,9.48,14.1,83,era5_archive
1996-01-09,13.8,2.7,7.7,0.0,0.0,1.66,11.55,12.2,80,era5_archive
1996-01-10,12.7,6.2,8.9,0.1,0.1,1.26,7.73,16.4,78,era5_archive
1996-01-11,11.3,4.7,7.7,3.2,3.2,1.31,10.03,17.9,83,era5_archive
1996-01-12,10.7,4.2,6.6,0.0,0.0,1.44,11.19,17.0,83,era5_archive
1996-01-13,11.3,-0.4,5.0,0.0,0.0,1.76,13.7,15.1,78,era5_archive
1996-01-14,12.1,1.6,6.1,0.0,0.0,1.83,14.07,17.1,72,era5_archive
1996-01-15,11.8,2.3,6.2,0.0,0.0,1.87,13.59,16.3,68,era5_archive
1996-01-16,11.5,2.3,6.3,1.2,1.2,1.73,13.13,10.7,73,era5_archive
1996-01-17,9.4,4.4,6.1,8.7,8.7,0.97,7.41,24.4,89,era5_archive
1996-01-18,6.5,3.0,4.2,6.5,6.5,0.78,7.83,27.3,90,era5_archive
1996-01-19,8.6,3.9,5.4,8.7,8.7,1.0,9.23,21.1,90,era5_archive
1996-01-20,9.3,3.3,6.0,0.1,0.1,1.18,9.12,8.5,85,era5_archive
1996-01-21,10.9,1.8,6.0,0.0,0.0,1.63,12.3,9.3,77,era5_archive
1996-01-22,8.8,2.8,5.6,1.5,1.5,1.24,10.58,15.8,88,era5_archive
1996-01-23,10.6,3.6,6.3,2.3,2.3,1.39,10.61,16.4,85,era5_archive
1996-01-24,9.5,2.9,6.0,1.1,1.1,1.58,12.74,20.3,79,era5_archive
1996-01-25,11.2,-2.9,4.2,0.0,0.0,1.93,15.15,15.3,74,era5_archive
1996-01-26,12.8,2.7,7.3,0.0,0.0,1.8,12.05,24.6,73,era5_archive
1996-01-27,16.6,6.8,10.7,0.0,0.0,2.15,14.05,19.2,75,era5_archive
1996-01-28,13.7,5.1,9.3,0.4,0.4,1.79,12.82,15.0,77,era5_archive
1996-01-29,13.1,7.3,9.6,0.6,0.6,1.46,9.95,15.8,86,era5_archive
1996-01-30,15.7,4.7,10.1,0.0,0.0,2.39,12.97,20.6,72,era5_archive
1996-01-31,17.2,8.0,12.1,0.0,0.0,2.75,14.01,25.5,64,era5_archive
1996-02-01,15.3,7.8,11.2,0.3,0.3,2.37,14.59,26.5,71,era5_archive
1996-02-02,11.9,5.7,9.0,1.7,1.7,1.2,8.63,12.3,90,era5_archive
1996-02-03,11.4,3.5,6.7,0.0,0.0,1.85,13.26,9.9,79,era5_archive
1996-02-04,10.4,0.8,5.0,0.0,0.0,1.86,14.48,17.0,77,era5_archive
1996-02-05,11.9,1.8,6.2,0.0,0.0,1.7,13.01,12.0,81,era5_archive
1996-02-06,18.2,4.8,10.5,0.0,0.0,3.04,15.75,21.0,57,era5_archive
1996-02-07,19.4,6.9,12.4,0.4,0.4,2.93,15.87,19.6,59,era5_archive
1996-02-08,20.9,7.9,13.2,2.9,2.9,2.66,12.18,26.8,69,era5_archive
1996-02-09,14.8,3.3,9.5,0.0,0.0,2.71,17.04,21.7,62,era5_archive
1996-02-10,11.7,3.8,7.7,2.6,2.6,1.81,12.61,29.1,72,era5_archive
1996-02-11,11.1,5.5,7.9,4.8,4.8,1.29,10.61,18.5,90,era5_archive
1996-02-12,13.0,4.7,8.1,0.0,0.0,2.19,15.46,10.7,77,era5_archive
1996-02-13,17.3,5.3,10.6,0.0,0.0,3.71,17.38,31.8,52,era5_archive
1996-02-14,14.3,5.8,10.3,0.5,0.5,2.84,15.45,26.2,65,era5_archive
1996-02-15,13.6,6.0,8.9,0.0,0.0,1.87,12.41,9.7,80,era5_archive
1996-02-16,13.6,3.5,8.8,0.0,0.0,2.06,13.54,9.3,76,era5_archive
1996-02-17,14.5,5.5,9.3,0.3,0.3,2.06,13.5,13.2,77,era5_archive
1996-02-18,13.5,3.6,8.8,1.3,1.3,2.02,13.42,9.0,74,era5_archive
1996-02-19,14.7,5.5,9.4,2.7,2.7,2.31,15.99,13.2,81,era5_archive
1996-02-20,11.9,4.3,8.1,0.9,0.9,1.89,15.24,20.8,85,era5_archive
1996-02-21,13.0,5.7,8.7,0.0,0.0,1.88,13.21,19.5,82,era5_archive
1996-02-22,16.4,3.3,9.4,0.0,0.0,2.85,18.28,11.5,70,era5_archive
1996-02-23,19.1,5.4,11.9,0.0,0.0,4.46,19.32,25.0,44,era5_archive
1996-02-24,19.8,8.6,13.0,0.0,0.0,4.4,18.9,25.0,50,era5_archive
1996-02-25,12.9,4.2,8.5,0.0,0.0,2.6,18.85,23.8,73,era5_archive
1996-02-26,12.4,2.0,7.1,0.4,0.4,2.16,16.16,15.8,79,era5_archive
1996-02-27,11.9,4.5,7.5,0.2,0.2,2.24,15.85,22.0,78,era5_archive
1996-02-28,12.0,2.1,7.0,0.0,0.0,2.38,17.45,11.0,70,era5_archive
1996-02-29,16.5,4.5,10.6,0.8,0.8,2.58,15.31,15.2,65,era5_archive
1996-03-01,15.4,7.6,12.2,0.4,0.4,2.98,15.78,28.0,64,era5_archive
1996-03-02,11.0,6.3,7.8,8.8,8.8,1.42,12.06,25.2,88,era5_archive
1996-03-03,11.7,4.9,7.8,1.5,1.5,2.15,16.73,15.9,83,era5_archive
1996-03-04,13.6,2.1,8.2,0.2,0.2,2.76,19.29,19.9,68,era5_archive
1996-03-05,18.1,3.8,10.7,0.0,0.0,3.17,15.26,25.2,55,era5_archive
1996-03-06,18.0,6.3,11.9,1.5,1.5,4.35,18.96,30.0,53,era5_archive
1996-03-07,8.9,4.0,5.9,12.8,12.8,0.98,8.38,30.6,89,era5_archive
1996-03-08,11.6,5.4,7.9,4.5,4.5,1.76,12.9,25.3,83,era5_archive
1996-03-09,11.8,3.4,7.5,0.0,0.0,1.89,13.2,9.4,79,era5_archive
1996-03-10,14.7,2.6,8.7,0.4,0.4,2.75,19.36,7.4,79,era5_archive
1996-03-11,15.4,5.9,10.0,0.2,0.2,2.62,17.45,18.5,74,era5_archive
1996-03-12,14.4,7.4,9.9,0.2,0.2,2.04,13.0,17.7,82,era5_archive
1996-03-13,15.6,3.0,9.5,0.0,0.0,3.14,21.62,16.9,75,era5_archive
1996-03-14,18.0,3.9,11.0,2.7,2.7,2.86,15.52,15.5,66,era5_archive
1996-03-15,20.2,8.7,13.9,0.0,0.0,3.52,19.36,13.8,62,era5_archive
1996-03-16,20.3,7.6,14.0,0.0,0.0,3.67,22.34,11.8,74,era5_archive
1996-03-17,17.8,7.8,12.4,0.0,0.0,3.37,22.07,25.2,76,era5_archive
1996-03-18,13.0,7.2,9.7,0.3,0.3,2.27,15.63,34.0,78,era5_archive
1996-03-19,14.3,6.5,9.8,0.0,0.0,2.7,18.32,18.4,73,era5_archive
1996-03-20,12.7,4.7,8.4,2.9,2.9,2.19,16.55,22.7,83,era5_archive
1996-03-21,15.5,4.6,9.6,0.0,0.0,3.03,19.79,13.0,76,era5_archive
1996-03-22,12.9,5.0,8.5,2.5,2.5,2.41,17.89,24.7,81,era5_archive
1996-03-23,11.9,5.4,8.0,5.7,5.7,2.07,16.02,15.2,87,era5_archive
1996-03-24,10.3,5.0,6.9,10.4,10.4,1.54,12.84,16.9,89,era5_archive
1996-03-25,9.5,4.2,6.2,6.4,6.4,1.5,13.94,24.7,88,era5_archive
1996-03-26,11.5,4.6,7.2,4.4,4.4,2.02,17.81,24.6,87,era5_archive
1996-03-27,12.4,5.4,8.6,4.5,4.5,1.89,15.77,31.2,87,era5_archive
1996-03-28,18.3,5.3,11.6,0.0,0.0,3.53,22.76,10.0,75,era5_archive
1996-03-29,24.1,8.9,16.1,0.0,0.0,4.48,22.29,21.4,58,era5_archive
1996-03-30,24.2,12.0,17.5,0.6,0.6,4.74,22.75,19.4,54,era5_archive
1996-03-31,17.7,8.3,12.5,0.0,0.0,3.65,24.55,14.6,75,era5_archive
1996-04-01,19.8,5.6,12.9,0.0,0.0,4.15,24.83,15.6,67,era5_archive
1996-04-02,21.0,8.1,14.3,0.0,0.0,4.43,23.85,18.4,56,era5_archive
1996-04-03,20.5,6.1,13.4,0.0,0.0,4.28,25.5,10.0,66,era5_archive
1996-04-04,23.8,7.8,15.8,0.0,0.0,4.72,25.34,13.6,55,era5_archive
1996-04-05,26.8,8.7,17.0,0.0,0.0,5.66,25.48,26.1,50,era5_archive
1996-04-06,17.4,7.7,12.0,0.0,0.0,3.44,22.68,19.4,76,era5_archive
1996-04-07,22.5,6.1,13.8,0.0,0.0,4.19,23.24,13.0,57,era5_archive
1996-04-08,18.2,7.6,12.7,0.0,0.0,3.97,25.44,22.8,69,era5_archive
1996-04-09,15.9,5.7,10.4,0.0,0.0,3.28,21.28,27.3,73,era5_archive
1996-04-10,18.2,6.9,11.8,0.0,0.0,3.86,24.65,11.5,69,era5_archive
1996-04-11,27.4,7.1,17.1,0.0,0.0,5.08,23.04,21.9,49,era5_archive
1996-04-12,15.4,9.4,13.0,0.8,0.8,3.02,18.35,32.5,71,era5_archive
1996-04-13,14.0,7.6,10.1,8.2,8.2,2.42,18.81,25.3,82,era5_archive
1996-04-14,14.5,5.5,9.9,0.0,0.0,2.84,18.2,17.7,74,era5_archive
1996-04-15,19.0,2.3,11.4,0.0,0.0,4.39,26.5,13.3,64,era5_archive
1996-04-16,23.8,4.9,15.2,0.0,0.0,4.99,26.65,10.5,48,era5_archive
1996-04-17,25.2,10.9,17.2,0.1,0.1,5.68,16.64,35.3,40,era5_archive
1996-04-18,14.9,8.2,11.3,0.7,0.7,2.85,16.65,24.6,73,era5_archive
1996-04-19,17.1,7.4,11.7,0.1,0.1,3.51,21.61,14.9,70,era5_archive
1996-04-20,23.3,6.7,14.6,0.8,0.8,4.59,23.63,18.2,58,era5_archive
1996-04-21,14.5,8.2,11.3,5.2,5.2,2.57,18.11,27.4,77,era5_archive
1996-04-22,14.5,6.5,10.4,0.3,0.3,2.78,17.09,16.2,71,era5_archive
1996-04-23,14.1,5.3,9.4,4.1,4.1,2.88,21.07,17.7,81,era5_archive
1996-04-24,14.0,5.0,9.2,0.5,0.5,2.99,20.35,23.3,74,era5_archive
1996-04-25,16.8,4.1,10.3,0.0,0.0,3.8,25.09,16.3,72,era5_archive
1996-04-26,22.2,6.2,14.2,0.0,0.0,4.99,28.12,11.6,56,era5_archive
1996-04-27,26.2,11.0,18.4,0.0,0.0,6.56,27.39,25.3,35,era5_archive
1996-04-28,28.9,13.2,20.6,0.0,0.0,6.55,27.94,25.6,36,era5_archive
1996-04-29,31.5,14.3,22.2,0.0,0.0,7.69,26.67,26.9,36,era5_archive
1996-04-30,28.9,14.3,21.4,0.0,0.0,5.97,26.52,19.4,42,era5_archive
1996-05-01,35.4,15.6,26.2,0.0,0.0,6.38,24.54,14.1,28,era5_archive
1996-05-02,32.0,17.4,25.9,0.1,0.1,6.74,24.43,24.5,32,era5_archive
1996-05-03,26.1,12.6,19.7,0.0,0.0,4.89,19.46,16.9,44,era5_archive
1996-05-04,28.1,11.9,19.6,0.0,0.0,6.36,28.67,18.2,46,era5_archive
1996-05-05,28.4,11.4,19.7,0.0,0.0,6.19,29.18,18.0,49,era5_archive
1996-05-06,31.9,13.8,22.3,0.0,0.0,6.4,27.92,21.6,50,era5_archive
1996-05-07,31.6,13.9,22.4,0.0,0.0,6.3,28.23,21.1,53,era5_archive
1996-05-08,33.4,16.0,24.9,0.0,0.0,6.55,28.4,16.4,40,era5_archive
1996-05-09,31.6,18.5,24.7,0.9,0.9,6.68,25.22,18.1,32,era5_archive
1996-05-10,25.4,14.2,19.5,0.2,0.2,5.59,26.26,26.0,60,era5_archive
1996-05-11,26.7,12.1,19.7,0.0,0.0,6.42,29.12,25.2,51,era5_archive
1996-05-12,34.2,15.4,25.2,0.0,0.0,6.89,28.09,11.3,33,era5_archive
1996-05-13,25.4,14.1,19.5,0.0,0.0,5.74,27.02,27.0,58,era5_archive
1996-05-14,31.0,11.8,21.4,0.0,0.0,6.67,29.6,14.2,41,era5_archive
1996-05-15,28.0,15.1,21.8,0.0,0.0,6.93,27.69,26.4,37,era5_archive
1996-05-16,26.2,11.2,18.5,0.0,0.0,5.65,26.7,18.4,55,era5_archive
1996-05-17,26.9,12.0,19.2,0.0,0.0,6.02,29.24,19.3,53,era5_archive
1996-05-18,27.0,11.2,18.7,0.0,0.0,6.0,29.09,20.2,56,era5_archive
1996-05-19,23.5,11.5,16.8,0.0,0.0,5.12,27.11,21.9,66,era5_archive
1996-05-20,25.1,13.2,18.2,0.0,0.0,5.05,25.9,20.2,69,era5_archive
1996-05-21,28.3,13.3,20.8,0.0,0.0,5.96,27.53,18.9,58,era5_archive
1996-05-22,32.7,15.9,24.7,0.0,0.0,6.6,29.44,17.1,41,era5_archive
1996-05-23,34.3,18.3,26.5,0.0,0.0,7.14,28.83,18.7,30,era5_archive
1996-05-24,31.5,15.6,23.4,0.0,0.0,7.37,29.46,24.4,46,era5_archive
1996-05-25,30.2,14.3,22.1,0.0,0.0,6.26,28.7,18.8,62,era5_archive
1996-05-26,29.3,15.5,21.9,0.0,0.0,6.62,29.21,23.9,58,era5_archive
1996-05-27,26.7,14.3,19.9,0.0,0.0,6.22,28.81,25.0,59,era5_archive
1996-05-28,25.4,11.5,18.1,0.0,0.0,5.8,29.35,21.5,63,era5_archive
1996-05-29,26.4,11.6,19.0,0.0,0.0,5.98,29.51,18.6,58,era5_archive
1996-05-30,30.5,14.4,22.6,0.0,0.0,7.23,29.38,23.7,44,era5_archive
1996-05-31,25.1,13.7,19.0,0.0,0.0,5.87,28.79,24.7,62,era5_archive
1996-06-01,25.0,11.5,18.0,0.0,0.0,5.43,27.89,19.9,66,era5_archive
1996-06-02,25.3,13.3,18.7,0.0,0.0,5.53,28.27,20.4,68,era5_archive
1996-06-03,24.8,12.6,18.2,0.0,0.0,5.42,27.42,25.2,69,era5_archive
1996-06-04,25.5,12.7,18.6,0.0,0.0,5.4,27.48,22.0,69,era5_archive
1996-06-05,28.6,13.8,20.9,0.0,0.0,6.16,29.29,17.0,57,era5_archive
1996-06-06,31.2,14.6,23.4,0.0,0.0,6.47,29.42,14.3,42,era5_archive
1996-06-07,33.7,17.7,25.6,0.0,0.0,7.17,29.45,22.1,38,era5_archive
1996-06-08,30.9,15.8,23.3,0.0,0.0,7.26,29.58,23.1,44,era5_archive
1996-06-09,31.2,16.8,23.5,0.0,0.0,7.22,30.38,19.3,34,era5_archive
1996-06-10,32.5,15.4,23.8,0.0,0.0,7.1,29.98,20.1,42,era5_archive
1996-06-11,34.0,17.2,25.7,0.0,0.0,7.01,30.07,18.6,38,era5_archive
1996-06-12,33.2,16.7,24.8,0.0,0.0,7.79,29.51,27.9,41,era5_archive
1996-06-13,29.4,15.0,22.3,0.0,0.0,6.88,29.01,23.8,50,era5_archive
1996-06-14,29.7,15.6,22.1,0.0,0.0,6.22,28.31,20.5,63,era5_archive
1996-06-15,30.9,15.3,22.9,0.0,0.0,6.33,28.25,20.3,62,era5_archive
1996-06-16,30.6,15.9,22.9,0.0,0.0,6.98,29.52,24.2,56,era5_archive
1996-06-17,27.4,15.5,20.7,0.0,0.0,6.06,28.48,26.0,66,era5_archive
1996-06-18,26.0,15.2,19.7,0.0,0.0,5.69,27.27,28.8,66,era5_archive
1996-06-19,27.1,15.3,20.3,0.0,0.0,5.74,27.45,24.4,65,era5_archive
1996-06-20,29.0,14.5,21.4,0.0,0.0,6.56,28.49,24.5,58,era5_archive
1996-06-21,26.9,13.7,19.8,0.0,0.0,5.99,28.71,23.4,63,era5_archive
1996-06-22,29.4,15.0,21.7,0.0,0.0,6.52,29.61,19.0,53,era5_archive
1996-06-23,30.4,15.1,22.4,0.0,0.0,6.95,30.09,20.3,50,era5_archive
1996-06-24,31.7,16.0,23.5,0.0,0.0,7.1,30.02,20.7,48,era5_archive
1996-06-25,34.3,17.7,25.3,0.0,0.0,7.48,30.2,22.2,45,era5_archive
1996-06-26,35.2,18.5,26.4,0.0,0.0,7.83,30.1,22.7,40,era5_archive
1996-06-27,36.0,18.7,27.3,0.0,0.0,7.97,29.82,21.3,39,era5_archive
1996-06-28,35.5,20.2,27.5,0.0,0.0,8.33,29.96,24.9,36,era5_archive
1996-06-29,31.1,16.2,23.4,0.0,0.0,7.34,29.76,23.3,50,era5_archive
1996-06-30,31.6,14.5,22.8,0.0,0.0,6.57,29.08,18.7,57,era5_archive
1996-07-01,31.4,17.0,23.5,0.0,0.0,6.51,28.18,20.4,62,era5_archive
1996-07-02,33.4,16.1,24.6,0.0,0.0,6.96,29.62,16.1,50,era5_archive
1996-07-03,38.5,19.7,29.1,0.0,0.0,7.25,29.56,13.9,37,era5_archive
1996-07-04,37.9,21.3,29.6,0.0,0.0,8.07,29.39,20.1,38,era5_archive
1996-07-05,33.5,17.6,25.9,0.0,0.0,8.97,30.42,31.6,36,era5_archive
1996-07-06,32.7,17.1,25.0,0.0,0.0,7.86,29.44,28.0,47,era5_archive
1996-07-07,31.8,18.0,24.6,0.0,0.0,6.79,27.19,25.4,57,era5_archive
1996-07-08,32.7,18.4,25.4,0.0,0.0,6.57,26.28,20.3,57,era5_archive
1996-07-09,33.8,19.1,26.2,0.0,0.0,7.33,28.8,23.5,53,era5_archive
1996-07-10,33.2,19.4,26.1,0.0,0.0,7.15,27.74,25.2,54,era5_archive
1996-07-11,32.2,19.4,25.4,0.0,0.0,6.84,27.28,24.6,58,era5_archive
1996-07-12,29.9,19.3,23.6,0.0,0.0,5.74,24.39,24.4,65,era5_archive
1996-07-13,30.3,18.1,23.1,0.0,0.0,6.03,26.85,22.9,66,era5_archive
1996-07-14,29.6,16.2,22.2,0.0,0.0,6.02,27.53,24.0,68,era5_archive
1996-07-15,29.5,17.0,22.4,0.0,0.0,5.88,27.13,22.6,69,era5_archive
1996-07-16,31.6,17.0,23.8,0.0,0.0,6.25,28.02,21.5,68,era5_archive
1996-07-17,33.3,19.4,25.9,0.0,0.0,5.98,24.64,17.1,67,era5_archive
1996-07-18,35.1,20.2,26.9,0.0,0.0,7.08,28.14,22.5,60,era5_archive
1996-07-19,33.9,18.4,25.9,0.0,0.0,6.9,27.96,20.3,57,era5_archive
1996-07-20,34.6,17.8,26.0,0.0,0.0,7.15,28.39,20.2,54,era5_archive
1996-07-21,34.3,19.3,26.2,0.0,0.0,6.99,27.23,21.3,55,era5_archive
1996-07-22,33.0,18.5,25.5,0.0,0.0,6.75,27.45,22.0,58,era5_archive
1996-07-23,32.2,18.5,24.8,0.0,0.0,6.51,26.8,23.3,59,era5_archive
1996-07-24,29.7,18.0,23.0,0.0,0.0,6.01,26.43,24.5,65,era5_archive
1996-07-25,30.7,18.0,23.7,0.0,0.0,5.97,25.37,22.3,64,era5_archive
1996-07-26,32.5,19.9,25.3,0.0,0.0,6.33,26.17,20.1,62,era5_archive
1996-07-27,34.4,19.1,26.5,0.0,0.0,5.81,20.89,18.8,51,era5_archive
1996-07-28,35.9,19.6,27.6,0.0,0.0,7.96,28.09,23.0,41,era5_archive
1996-07-29,34.0,18.6,25.9,0.0,0.0,7.92,28.83,27.7,48,era5_archive
1996-07-30,33.3,17.0,25.1,0.0,0.0,7.54,28.83,22.3,47,era5_archive
1996-07-31,34.4,19.3,26.4,0.0,0.0,7.41,28.34,21.3,39,era5_archive
1996-08-01,34.1,17.9,25.8,0.0,0.0,7.58,28.53,21.5,45,era5_archive
1996-08-02,35.0,18.4,26.3,0.0,0.0,7.93,28.3,29.2,47,era5_archive
1996-08-03,32.3,18.4,25.0,0.0,0.0,7.19,28.24,25.6,57,era5_archive
1996-08-04,30.9,16.6,23.4,0.0,0.0,6.23,27.85,19.5,65,era5_archive
1996-08-05,33.0,17.6,24.7,0.0,0.0,6.49,27.63,18.3,61,era5_archive
1996-08-06,33.0,17.8,24.9,0.0,0.0,6.63,27.53,22.0,62,era5_archive
1996-08-07,32.1,18.0,24.4,0.0,0.0,6.83,26.52,30.3,61,era5_archive
1996-08-08,33.1,18.3,25.2,0.0,0.0,6.77,27.02,22.4,54,era5_archive
1996-08-09,33.8,19.6,26.0,0.0,0.0,7.02,27.94,21.2,49,era5_archive
1996-08-10,33.3,19.1,25.7,0.0,0.0,6.76,27.74,20.0,54,era5_archive
1996-08-11,33.7,18.2,25.6,0.0,0.0,6.58,27.01,21.6,59,era5_archive
1996-08-12,35.4,18.0,26.6,0.0,0.0,6.89,26.7,21.1,55,era5_archive
1996-08-13,35.3,19.5,26.7,0.0,0.0,6.78,26.31,20.9,58,era5_archive
1996-08-14,34.9,21.0,26.7,0.0,0.0,6.58,26.07,20.2,60,era5_archive
1996-08-15,34.7,20.2,26.7,0.0,0.0,6.77,26.35,22.6,60,era5_archive
1996-08-16,34.0,20.0,26.2,0.0,0.0,6.66,26.42,23.0,61,era5_archive
1996-08-17,34.6,19.4,26.2,0.0,0.0,6.73,26.89,21.9,57,era5_archive
1996-08-18,34.7,20.1,26.9,0.0,0.0,7.06,27.31,21.1,50,era5_archive
1996-08-19,32.2,18.5,24.5,0.0,0.0,6.49,26.07,22.1,60,era5_archive
1996-08-20,29.7,17.8,23.0,0.0,0.0,6.29,26.15,26.9,62,era5_archive
1996-08-21,29.4,15.9,22.3,0.0,0.0,6.11,26.49,22.4,63,era5_archive
1996-08-22,29.2,15.8,22.0,0.0,0.0,5.89,26.76,19.1,62,era5_archive
1996-08-23,32.3,16.3,23.6,0.0,0.0,6.0,27.03,15.2,54,era5_archive
1996-08-24,32.8,17.1,24.4,0.0,0.0,6.23,25.86,19.4,56,era5_archive
1996-08-25,32.2,17.2,24.2,0.0,0.0,6.48,26.17,23.7,56,era5_archive
1996-08-26,30.7,17.1,23.2,0.0,0.0,5.82,25.52,17.7,63,era5_archive
1996-08-27,30.4,15.2,22.5,0.0,0.0,5.9,26.06,18.9,62,era5_archive
1996-08-28,31.3,15.6,23.3,0.0,0.0,5.73,25.47,16.2,62,era5_archive
1996-08-29,32.5,19.0,24.8,0.0,0.0,5.72,24.44,18.1,65,era5_archive
1996-08-30,32.8,18.3,24.9,0.0,0.0,6.11,25.32,15.8,58,era5_archive
1996-08-31,32.3,18.5,24.7,0.0,0.0,6.05,25.0,16.9,53,era5_archive
1996-09-01,32.9,17.7,24.6,0.0,0.0,5.93,24.6,20.9,58,era5_archive
1996-09-02,30.2,17.8,23.0,0.0,0.0,5.8,24.54,26.1,66,era5_archive
1996-09-03,28.8,17.6,22.3,0.0,0.0,5.46,24.08,19.8,66,era5_archive
1996-09-04,30.4,16.7,22.8,0.0,0.0,5.75,23.63,27.7,64,era5_archive
1996-09-05,32.8,16.8,24.4,0.0,0.0,5.96,24.52,15.8,50,era5_archive
1996-09-06,36.8,19.9,28.3,0.0,0.0,6.74,24.8,16.9,32,era5_archive
1996-09-07,28.3,18.5,22.9,0.1,0.1,5.11,22.37,26.1,67,era5_archive
1996-09-08,26.9,17.5,21.7,0.0,0.0,4.64,20.86,22.0,68,era5_archive
1996-09-09,28.2,16.6,21.7,0.0,0.0,5.29,23.98,22.0,62,era5_archive
1996-09-10,29.0,16.0,21.5,0.0,0.0,5.09,23.57,16.3,64,era5_archive
1996-09-11,30.9,14.8,22.3,0.0,0.0,5.46,23.61,19.3,61,era5_archive
1996-09-12,30.1,16.4,22.4,0.0,0.0,5.31,23.13,18.5,60,era5_archive
1996-09-13,32.3,16.9,23.7,0.0,0.0,5.51,23.46,18.5,57,era5_archive
1996-09-14,33.1,17.9,24.8,0.0,0.0,5.97,23.52,19.5,53,era5_archive
1996-09-15,32.7,18.8,25.0,0.0,0.0,6.22,23.18,24.8,47,era5_archive
1996-09-16,29.6,17.0,22.7,0.0,0.0,5.32,22.33,21.9,62,era5_archive
1996-09-17,27.0,14.4,20.1,0.0,0.0,5.16,23.21,23.5,62,era5_archive
1996-09-18,27.0,13.1,19.5,0.0,0.0,4.89,22.73,25.3,67,era5_archive
1996-09-19,28.1,15.2,20.9,0.0,0.0,5.3,22.66,27.2,62,era5_archive
1996-09-20,31.2,15.6,23.2,0.0,0.0,5.72,22.42,21.3,47,era5_archive
1996-09-21,29.3,16.6,22.5,0.0,0.0,6.37,22.22,39.7,49,era5_archive
1996-09-22,26.1,15.7,20.3,0.0,0.0,4.51,20.87,23.1,69,era5_archive
1996-09-23,28.6,15.5,21.5,0.0,0.0,4.54,21.36,13.3,66,era5_archive
1996-09-24,32.8,16.6,24.7,0.0,0.0,5.06,22.03,11.1,50,era5_archive
1996-09-25,34.9,18.3,26.7,0.0,0.0,5.73,21.82,10.4,30,era5_archive
1996-09-26,31.3,17.9,24.0,0.0,0.0,5.03,20.86,17.3,53,era5_archive
1996-09-27,30.7,16.9,22.8,0.0,0.0,4.78,20.71,14.4,55,era5_archive
1996-09-28,28.7,16.5,22.1,0.0,0.0,4.98,21.36,17.2,50,era5_archive
1996-09-29,30.5,16.8,23.4,0.0,0.0,4.55,21.24,8.8,45,era5_archive
1996-09-30,28.8,16.7,22.0,0.0,0.0,4.53,19.74,18.5,63,era5_archive
1996-10-01,29.3,15.9,22.1,0.0,0.0,4.58,21.02,11.6,50,era5_archive
1996-10-02,32.0,16.6,24.4,0.0,0.0,4.22,16.09,12.8,40,era5_archive
1996-10-03,28.1,15.2,21.2,0.0,0.0,5.08,21.21,18.8,53,era5_archive
1996-10-04,28.0,13.4,20.3,0.0,0.0,4.34,20.96,11.5,51,era5_archive
1996-10-05,29.4,13.6,21.1,0.0,0.0,4.36,20.33,11.5,58,era5_archive
1996-10-06,28.2,15.4,20.8,0.0,0.0,4.27,19.38,16.1,64,era5_archive
1996-10-07,25.7,13.6,18.8,0.0,0.0,3.99,18.77,20.5,69,era5_archive
1996-10-08,24.4,13.0,18.1,0.0,0.0,3.81,18.62,21.2,72,era5_archive
1996-10-09,24.7,13.8,18.5,0.0,0.0,3.67,17.55,17.9,72,era5_archive
1996-10-10,28.5,12.7,20.6,0.0,0.0,4.05,18.87,7.6,54,era5_archive
1996-10-11,27.6,15.7,21.0,0.4,0.4,4.79,17.61,21.6,46,era5_archive
1996-10-12,24.4,13.7,18.3,0.0,0.0,3.77,18.31,17.3,67,era5_archive
1996-10-13,20.7,13.4,16.5,1.4,1.4,2.43,12.35,24.4,77,era5_archive
1996-10-14,20.0,12.3,15.5,0.1,0.1,2.59,14.1,21.2,79,era5_archive
1996-10-15,20.4,11.3,15.5,0.1,0.1,2.65,13.94,15.1,73,era5_archive
1996-10-16,23.1,10.8,16.9,0.0,0.0,3.19,16.49,9.8,56,era5_archive
1996-10-17,25.5,10.7,17.9,0.0,0.0,4.9,18.91,15.3,36,era5_archive
1996-10-18,25.9,12.3,19.0,0.0,0.0,5.77,18.82,24.8,32,era5_archive
1996-10-19,27.5,14.3,20.4,0.0,0.0,6.05,18.4,22.9,26,era5_archive
1996-10-20,28.6,15.6,21.5,0.0,0.0,4.93,18.21,16.8,27,era5_archive
1996-10-21,28.8,12.6,21.0,0.0,0.0,3.97,17.48,13.0,50,era5_archive
1996-10-22,23.5,13.9,17.8,0.0,0.0,3.43,15.4,25.4,70,era5_archive
1996-10-23,22.1,11.9,16.3,0.0,0.0,2.97,15.05,15.7,67,era5_archive
1996-10-24,23.4,11.6,16.8,0.0,0.0,3.52,17.49,15.1,65,era5_archive
1996-10-25,21.3,9.6,15.3,0.0,0.0,3.03,14.15,29.8,67,era5_archive
1996-10-26,15.9,10.2,12.7,3.5,3.5,1.71,10.14,23.2,81,era5_archive
1996-10-27,16.8,9.5,12.6,0.1,0.1,2.23,12.25,17.9,73,era5_archive
1996-10-28,18.1,8.2,12.7,0.0,0.0,2.15,10.49,12.9,61,era5_archive
1996-10-29,14.8,7.9,11.2,3.7,3.7,1.59,10.61,18.9,84,era5_archive
1996-10-30,16.4,9.2,12.2,0.0,0.0,2.09,12.29,18.3,79,era5_archive
1996-10-31,19.4,6.5,12.7,0.0,0.0,3.01,16.66,12.9,64,era5_archive
1996-11-01,21.0,7.6,13.7,0.0,0.0,3.31,16.52,15.7,50,era5_archive
1996-11-02,18.4,8.7,13.2,0.0,0.0,2.18,12.79,19.1,82,era5_archive
1996-11-03,21.8,9.0,14.6,0.0,0.0,2.76,16.03,7.9,64,era5_archive
1996-11-04,23.0,8.6,15.3,0.0,0.0,3.99,16.08,23.0,41,era5_archive
1996-11-05,18.7,11.3,14.4,1.0,1.0,2.23,12.73,17.3,66,era5_archive
1996-11-06,17.0,10.8,13.3,0.1,0.1,1.98,11.87,19.5,84,era5_archive
1996-11-07,18.2,9.2,13.0,0.0,0.0,2.22,13.15,15.9,79,era5_archive
1996-11-08,20.0,7.8,13.6,0.0,0.0,2.57,15.56,7.2,62,era5_archive
1996-11-09,22.4,6.6,14.0,0.0,0.0,3.57,15.72,15.2,47,era5_archive
1996-11-10,22.6,8.2,14.8,0.0,0.0,3.89,15.67,18.6,40,era5_archive
1996-11-11,23.5,9.2,15.9,0.0,0.0,4.69,15.61,21.6,31,era5_archive
1996-11-12,21.9,8.4,14.8,0.0,0.0,4.56,15.21,18.9,22,era5_archive
1996-11-13,21.2,8.0,14.0,0.0,0.0,4.4,15.52,18.2,20,era5_archive
1996-11-14,21.4,6.9,13.8,0.0,0.0,4.46,14.2,16.3,14,era5_archive
1996-11-15,18.9,9.2,14.1,0.0,0.0,4.65,11.89,22.1,19,era5_archive
1996-11-16,18.9,12.3,15.3,0.2,0.2,3.36,9.89,28.5,55,era5_archive
1996-11-17,20.3,14.3,16.7,1.1,1.1,2.05,7.64,20.3,74,era5_archive
1996-11-18,16.9,13.3,15.2,4.4,4.4,1.19,4.71,17.7,81,era5_archive
1996-11-19,17.5,13.4,14.8,0.6,0.6,1.34,5.87,22.7,82,era5_archive
1996-11-20,17.2,12.0,14.3,5.5,5.5,1.66,7.85,20.3,77,era5_archive
1996-11-21,18.3,11.4,14.2,0.1,0.1,1.79,10.2,12.2,79,era5_archive
1996-11-22,18.7,10.2,14.0,0.0,0.0,1.8,11.47,9.2,81,era5_archive
1996-11-23,18.7,10.1,13.8,0.0,0.0,2.04,11.89,14.2,78,era5_archive
1996-11-24,18.2,9.2,13.2,0.0,0.0,2.19,11.87,22.5,74,era5_archive
1996-11-25,18.0,11.3,14.0,0.1,0.1,1.91,9.74,22.3,76,era5_archive
1996-11-26,17.3,12.2,14.0,3.4,3.4,1.35,7.39,17.0,82,era5_archive
1996-11-27,15.9,11.0,13.1,0.3,0.3,1.46,8.11,21.3,82,era5_archive
1996-11-28,17.1,9.8,12.8,0.7,0.7,1.54,9.63,18.4,82,era5_archive
1996-11-29,17.5,7.0,11.8,0.0,0.0,1.96,12.53,9.2,76,era5_archive
1996-11-30,18.9,7.9,12.9,0.0,0.0,2.71,12.78,25.8,67,era5_archive
1996-12-01,18.3,10.1,13.4,0.0,0.0,2.29,11.21,22.8,66,era5_archive
1996-12-02,20.1,6.0,13.1,0.0,0.0,2.54,13.26,13.0,64,era5_archive
1996-12-03,17.8,12.0,14.1,11.0,11.0,1.69,6.59,21.4,74,era5_archive
1996-12-04,17.5,8.4,12.7,0.0,0.0,2.0,12.06,11.2,78,era5_archive
1996-12-05,13.4,5.6,9.6,0.0,0.0,1.43,7.75,19.1,74,era5_archive
1996-12-06,15.1,7.6,10.9,0.1,0.1,1.37,8.95,9.7,82,era5_archive
1996-12-07,15.2,7.9,10.7,6.1,6.1,1.45,9.85,8.8,84,era5_archive
1996-12-08,15.0,6.1,9.9,4.0,4.0,1.46,10.11,5.8,85,era5_archive
1996-12-09,13.3,6.6,9.4,2.0,2.0,1.25,9.08,16.1,88,era5_archive
1996-12-10,12.8,6.9,9.3,0.0,0.0,1.23,8.6,18.1,86,era5_archive
1996-12-11,13.9,4.0,9.1,0.4,0.4,1.5,10.67,13.0,81,era5_archive
1996-12-12,15.7,4.8,10.0,0.2,0.2,1.9,12.43,16.0,73,era5_archive
1996-12-13,11.4,7.9,9.1,5.7,5.7,1.01,7.26,21.6,89,era5_archive
1996-12-14,12.1,6.6,9.0,0.0,0.0,1.25,8.64,19.6,83,era5_archive
1996-12-15,13.9,3.7,8.9,0.0,0.0,1.75,11.93,16.0,78,era5_archive
1996-12-16,13.4,3.7,8.7,0.0,0.0,1.43,8.54,15.1,75,era5_archive
1996-12-17,14.5,7.2,10.0,0.0,0.0,1.49,10.29,10.1,82,era5_archive
1996-12-18,14.0,5.0,8.9,0.0,0.0,1.95,12.4,21.4,72,era5_archive
1996-12-19,13.7,4.9,8.6,0.0,0.0,1.75,11.48,21.0,73,era5_archive
1996-12-20,14.8,3.3,8.7,0.0,0.0,1.7,12.13,7.6,76,era5_archive
1996-12-21,14.5,5.6,9.3,0.0,0.0,1.54,10.5,9.2,80,era5_archive
1996-12-22,13.4,6.3,9.4,0.0,0.0,1.16,7.65,18.9,87,era5_archive
1996-12-23,13.8,6.8,10.1,0.6,0.6,1.02,6.29,16.8,88,era5_archive
1996-12-24,14.7,7.3,10.7,0.0,0.0,1.39,9.39,11.0,85,era5_archive
1996-12-25,18.0,6.2,11.3,0.0,0.0,1.99,12.49,12.1,73,era5_archive
1996-12-26,18.8,4.3,10.7,0.0,0.0,2.49,13.1,15.3,56,era5_archive
1996-12-27,18.4,5.4,11.7,0.0,0.0,2.67,13.02,12.8,45,era5_archive
1996-12-28,19.6,6.5,12.1,0.0,0.0,2.43,11.8,15.3,63,era5_archive
1996-12-29,11.3,6.0,8.6,0.2,0.2,1.33,7.71,20.4,77,era5_archive
1996-12-30,14.7,5.2,10.0,0.0,0.0,1.96,12.5,17.4,72,era5_archive
1996-12-31,15.9,5.6,10.1,0.0,0.0,1.95,12.57,13.8,66,era5_archive
1997-01-01,17.1,4.8,10.0,0.0,0.0,2.0,12.89,8.7,67,era5_archive
1997-01-02,16.1,3.9,9.2,0.0,0.0,1.9,13.13,9.2,73,era5_archive
1997-01-03,16.1,3.1,8.8,0.0,0.0,2.11,13.21,11.7,68,era5_archive
1997-01-04,16.4,3.3,8.8,0.0,0.0,2.43,13.53,13.3,53,era5_archive
1997-01-05,17.0,4.0,9.5,0.0,0.0,2.94,12.85,16.3,45,era5_archive
1997-01-06,17.4,6.6,11.1,0.0,0.0,2.72,10.31,19.0,49,era5_archive
1997-01-07,15.9,6.1,10.9,0.0,0.0,1.37,5.59,14.8,61,era5_archive
1997-01-08,17.9,4.2,10.4,0.0,0.0,2.01,13.02,9.1,68,era5_archive
1997-01-09,15.3,4.2,9.5,0.0,0.0,1.88,10.94,20.9,70,era5_archive
1997-01-10,15.4,7.0,10.7,0.0,0.0,1.57,10.95,6.9,79,era5_archive
1997-01-11,16.7,4.0,9.9,0.0,0.0,2.56,13.68,23.7,63,era5_archive
1997-01-12,17.9,5.5,11.3,0.0,0.0,2.74,13.76,17.4,56,era5_archive
1997-01-13,19.1,8.0,12.7,0.1,0.1,3.33,13.75,26.6,55,era5_archive
1997-01-14,15.6,8.6,12.1,5.6,5.6,1.87,9.21,18.6,70,era5_archive
1997-01-15,10.8,6.9,8.6,2.5,2.5,1.22,8.88,28.1,87,era5_archive
1997-01-16,8.7,4.5,6.9,10.1,10.1,0.55,4.1,15.9,93,era5_archive
1997-01-17,9.7,1.5,5.5,0.0,0.0,1.44,10.9,17.7,80,era5_archive
1997-01-18,11.3,-0.5,5.6,0.0,0.0,1.79,14.0,10.0,76,era5_archive
1997-01-19,11.9,0.8,6.0,0.0,0.0,2.06,13.78,19.4,65,era5_archive
1997-01-20,12.5,2.3,6.7,0.0,0.0,1.76,11.62,10.6,66,era5_archive
1997-01-21,12.7,2.1,6.5,0.0,0.0,2.05,14.97,19.9,74,era5_archive
1997-01-22,9.7,2.6,6.6,9.3,9.3,0.8,5.96,21.7,90,era5_archive
1997-01-23,9.3,3.8,6.5,4.8,4.8,1.17,8.53,10.9,84,era5_archive
1997-01-24,11.7,3.4,6.9,0.0,0.0,1.6,10.2,24.4,74,era5_archive
1997-01-25,12.0,2.1,6.7,0.0,0.0,1.88,14.41,22.6,77,era5_archive
1997-01-26,10.9,5.4,8.0,0.3,0.3,1.0,7.3,22.0,87,era5_archive
1997-01-27,9.0,6.8,7.7,1.5,1.5,0.71,4.51,10.8,87,era5_archive
1997-01-28,10.9,3.0,7.1,2.9,2.9,1.38,9.39,13.3,80,era5_archive
1997-01-29,8.6,2.4,4.9,2.2,2.2,1.45,11.33,16.1,70,era5_archive
1997-01-30,9.7,0.1,5.4,3.4,3.4,1.44,11.83,20.1,81,era5_archive
1997-01-31,7.6,1.2,5.0,1.9,1.9,1.67,14.51,28.0,77,era5_archive
1997-02-01,8.2,-3.5,2.5,0.0,0.0,1.77,16.43,15.1,72,era5_archive
1997-02-02,9.5,-0.3,4.3,0.0,0.0,1.83,14.74,14.8,71,era5_archive
1997-02-03,9.2,3.9,6.0,3.5,3.5,1.25,10.84,28.5,83,era5_archive
1997-02-04,6.4,-0.2,3.4,6.7,6.4,0.83,9.1,30.2,91,era5_archive
1997-02-05,4.3,-2.1,0.6,0.0,0.0,1.44,13.27,21.3,70,era5_archive
1997-02-06,7.1,-3.6,1.2,0.0,0.0,1.99,17.3,9.4,63,era5_archive
1997-02-07,7.8,-4.1,1.2,0.0,0.0,2.07,17.42,16.0,60,era5_archive
1997-02-08,8.7,-4.7,1.4,0.0,0.0,2.17,17.69,7.9,58,era5_archive
1997-02-09,9.6,-3.6,3.2,0.0,0.0,2.21,17.67,7.6,51,era5_archive
1997-02-10,9.7,-0.5,4.3,0.0,0.0,2.04,15.46,15.8,59,era5_archive
1997-02-11,10.4,-0.8,4.5,0.0,0.0,2.2,17.4,13.2,70,era5_archive
1997-02-12,11.7,-0.7,5.7,0.0,0.0,2.36,18.04,10.6,67,era5_archive
1997-02-13,13.0,0.1,6.7,0.0,0.0,2.37,17.38,8.6,69,era5_archive
1997-02-14,12.9,1.2,7.3,0.0,0.0,2.21,15.94,8.6,72,era5_archive
1997-02-15,14.1,0.9,7.9,0.0,0.0,2.47,17.52,9.3,66,era5_archive
1997-02-16,17.1,3.1,9.8,0.0,0.0,3.27,18.21,14.2,54,era5_archive
1997-02-17,18.5,4.9,10.6,0.0,0.0,3.94,18.7,23.8,38,era5_archive
1997-02-18,14.5,5.0,9.4,0.5,0.5,2.45,15.49,21.4,63,era5_archive
1997-02-19,15.2,5.0,9.5,0.0,0.0,2.41,16.59,8.7,78,era5_archive
1997-02-20,16.1,3.4,10.1,0.0,0.0,2.77,17.06,18.4,67,era5_archive
1997-02-21,10.0,4.5,6.9,10.8,10.8,1.33,11.91,36.1,85,era5_archive
1997-02-22,7.0,3.6,5.4,5.7,5.7,0.93,7.69,39.0,87,era5_archive
1997-02-23,8.5,4.8,5.8,16.0,16.0,0.73,6.18,34.2,93,era5_archive
1997-02-24,10.1,3.5,6.0,2.6,2.6,1.94,15.1,24.7,76,era5_archive
1997-02-25,7.8,1.3,4.3,5.8,5.5,1.9,17.83,32.2,77,era5_archive
1997-02-26,8.5,0.2,4.3,2.0,2.0,1.5,14.71,24.4,83,era5_archive
1997-02-27,11.6,2.6,6.9,0.3,0.3,1.57,11.34,21.1,83,era5_archive
1997-02-28,14.5,1.7,8.1,0.0,0.0,2.55,18.41,7.8,79,era5_archive
1997-03-01,17.1,2.2,9.5,0.0,0.0,3.0,19.17,9.5,64,era5_archive
1997-03-02,18.5,4.7,11.2,0.0,0.0,3.25,18.36,14.6,54,era5_archive
1997-03-03,10.3,6.6,8.6,10.1,10.1,1.04,8.42,19.5,92,era5_archive
1997-03-04,12.0,6.5,8.9,1.8,1.8,1.75,13.85,19.2,89,era5_archive
1997-03-05,12.8,5.0,8.6,0.0,0.0,1.98,13.94,24.9,83,era5_archive
1997-03-06,12.0,5.9,8.5,4.4,4.4,1.39,11.83,31.2,90,era5_archive
1997-03-07,9.6,3.0,5.9,0.1,0.1,2.32,18.67,20.6,70,era5_archive
1997-03-08,10.7,-1.2,5.0,0.4,0.4,2.77,17.78,27.3,54,era5_archive
1997-03-09,11.0,3.7,7.0,0.4,0.4,2.19,15.26,13.4,64,era5_archive
1997-03-10,14.0,1.5,8.1,0.0,0.0,3.25,21.08,19.3,58,era5_archive
1997-03-11,16.3,5.7,10.5,0.0,0.0,4.24,18.9,27.3,41,era5_archive
1997-03-12,15.7,3.2,10.1,0.0,0.0,3.47,21.44,13.0,50,era5_archive
1997-03-13,15.8,5.9,10.3,2.0,2.0,3.01,19.8,13.6,62,era5_archive
1997-03-14,12.8,4.5,8.5,2.8,2.8,2.17,17.03,19.3,78,era5_archive
1997-03-15,12.3,4.0,7.2,6.1,6.1,1.96,16.14,20.6,87,era5_archive
1997-03-16,11.0,5.4,7.5,5.0,5.0,1.46,12.97,20.2,92,era5_archive
1997-03-17,12.1,5.2,8.0,0.2,0.2,2.21,16.94,20.8,82,era5_archive
1997-03-18,11.5,5.4,8.1,3.0,3.0,1.86,14.97,28.0,85,era5_archive
1997-03-19,10.4,3.2,7.5,5.3,5.3,1.87,16.02,44.5,80,era5_archive
1997-03-20,14.0,-2.5,7.1,0.0,0.0,3.22,23.34,13.2,68,era5_archive
1997-03-21,21.4,7.8,13.3,0.0,0.0,4.55,22.84,24.6,50,era5_archive
1997-03-22,12.2,6.6,9.1,5.9,5.9,1.7,14.01,27.4,86,era5_archive
1997-03-23,10.7,4.1,6.9,5.0,5.0,1.46,11.82,22.3,86,era5_archive
1997-03-24,9.3,2.5,5.5,2.5,2.5,2.13,19.88,20.9,85,era5_archive
1997-03-25,9.7,2.8,5.7,2.0,2.0,2.29,20.01,31.5,75,era5_archive
1997-03-26,12.5,1.3,6.5,0.0,0.0,2.91,22.12,12.2,67,era5_archive
1997-03-27,16.0,1.8,8.7,0.0,0.0,3.7,24.28,15.6,64,era5_archive
1997-03-28,12.9,3.1,7.6,0.0,0.0,2.67,20.24,29.1,76,era5_archive
1997-03-29,14.5,4.6,9.1,0.0,0.0,3.16,23.62,23.3,72,era5_archive
1997-03-30,18.8,2.1,10.8,0.0,0.0,3.9,24.6,12.7,69,era5_archive
1997-03-31,20.5,6.5,13.6,0.0,0.0,4.25,25.08,9.7,61,era5_archive
1997-04-01,24.7,9.8,16.6,0.2,0.2,4.74,21.27,19.5,51,era5_archive
1997-04-02,24.4,12.2,17.3,1.7,1.7,4.74,22.37,23.6,58,era5_archive
1997-04-03,16.0,7.2,11.9,0.0,0.0,3.47,23.14,19.1,75,era5_archive
1997-04-04,15.7,4.1,10.0,0.3,0.3,3.72,23.81,17.6,62,era5_archive
1997-04-05,13.0,4.2,8.9,2.8,2.8,2.47,19.23,33.2,74,era5_archive
1997-04-06,16.2,5.0,10.3,0.4,0.4,3.44,21.4,32.8,72,era5_archive
1997-04-07,11.1,5.5,8.2,1.2,1.2,2.21,18.21,20.5,83,era5_archive
1997-04-08,16.1,3.1,9.4,1.1,1.1,3.17,19.88,35.3,74,era5_archive
1997-04-09,9.5,3.9,6.2,9.0,9.0,2.12,19.37,36.1,79,era5_archive
1997-04-10,7.7,0.3,4.1,3.2,3.2,2.05,18.48,39.5,72,era5_archive
1997-04-11,10.1,-2.1,4.2,0.0,0.0,3.25,26.11,14.0,61,era5_archive
1997-04-12,15.8,-0.2,8.2,0.0,0.0,3.8,26.69,11.2,60,era5_archive
1997-04-13,23.2,5.3,14.4,0.0,0.0,4.65,20.94,25.6,46,era5_archive
1997-04-14,22.2,10.4,16.9,0.0,0.0,5.2,22.18,25.7,51,era5_archive
1997-04-15,13.4,5.6,10.1,0.0,0.0,2.54,17.99,24.9,79,era5_archive
1997-04-16,15.1,3.8,8.8,0.0,0.0,3.85,26.74,20.1,69,era5_archive
1997-04-17,16.4,3.8,9.6,0.0,0.0,4.07,27.3,14.8,67,era5_archive
1997-04-18,17.6,4.1,10.5,0.0,0.0,4.28,27.35,22.8,68,era5_archive
1997-04-19,19.4,5.9,12.6,0.0,0.0,4.36,25.62,11.5,60,era5_archive
1997-04-20,24.1,7.1,16.3,0.0,0.0,4.95,24.69,13.9,46,era5_archive
1997-04-21,28.0,12.4,19.6,0.0,0.0,6.56,27.38,17.9,36,era5_archive
1997-04-22,29.4,12.2,20.5,0.0,0.0,5.52,27.43,9.8,47,era5_archive
1997-04-23,33.7,12.2,23.2,0.0,0.0,7.05,27.04,25.8,37,era5_archive
1997-04-24,34.8,17.7,24.9,0.0,0.0,8.59,26.06,29.3,30,era5_archive
1997-04-25,27.1,15.6,21.1,0.0,0.0,5.1,23.25,22.6,56,era5_archive
1997-04-26,21.6,11.1,15.8,0.0,0.0,4.62,24.87,20.1,65,era5_archive
1997-04-27,15.9,7.9,11.7,0.0,0.0,3.54,21.11,31.8,69,era5_archive
1997-04-28,16.1,8.4,11.5,0.0,0.0,3.57,21.92,24.0,68,era5_archive
1997-04-29,19.1,6.6,12.5,0.0,0.0,3.91,22.99,9.5,63,era5_archive
1997-04-30,20.6,7.6,13.8,0.0,0.0,5.01,27.61,21.6,60,era5_archive
1997-05-01,25.3,9.0,17.2,0.0,0.0,6.0,28.27,20.9,45,era5_archive
1997-05-02,28.4,11.2,20.1,0.0,0.0,5.98,27.99,14.4,36,era5_archive
1997-05-03,20.5,10.9,16.4,0.2,0.2,4.96,26.23,28.9,55,era5_archive
1997-05-04,15.5,8.7,11.8,4.7,4.7,2.86,19.52,27.1,78,era5_archive
1997-05-05,18.5,9.5,13.6,0.0,0.0,3.67,21.34,19.5,70,era5_archive
1997-05-06,23.4,8.3,16.3,0.0,0.0,5.15,27.62,11.3,58,era5_archive
1997-05-07,25.7,11.1,18.8,0.0,0.0,5.37,26.45,14.1,54,era5_archive
1997-05-08,28.2,13.1,20.9,0.0,0.0,5.77,28.15,14.0,46,era5_archive
1997-05-09,30.8,13.9,23.1,0.0,0.0,6.44,29.04,17.7,36,era5_archive
1997-05-10,31.8,17.3,24.6,0.0,0.0,6.37,28.04,15.0,31,era5_archive
1997-05-11,33.2,18.0,25.3,0.0,0.0,6.43,26.8,19.1,30,era5_archive
1997-05-12,34.3,19.6,26.9,0.0,0.0,8.64,26.58,23.7,19,era5_archive
1997-05-13,33.6,20.8,27.1,0.0,0.0,8.64,26.83,25.2,26,era5_archive
1997-05-14,32.0,17.2,24.8,0.6,0.6,6.13,26.89,13.7,49,era5_archive
1997-05-15,31.9,16.3,24.8,0.0,0.0,6.53,26.88,16.6,41,era5_archive
1997-05-16,30.8,19.0,24.0,0.0,0.0,6.19,24.19,17.1,46,era5_archive
1997-05-17,28.5,14.8,21.2,0.0,0.0,6.79,29.56,22.5,49,era5_archive
1997-05-18,28.6,12.6,20.9,0.0,0.0,6.88,29.67,24.0,32,era5_archive
1997-05-19,33.6,15.8,24.5,0.0,0.0,7.48,27.25,27.6,32,era5_archive
1997-05-20,25.3,12.6,18.9,0.0,0.0,5.75,28.57,25.0,64,era5_archive
1997-05-21,25.3,12.6,18.5,0.0,0.0,5.6,26.83,26.0,63,era5_archive
1997-05-22,26.8,12.4,19.6,0.0,0.0,5.89,28.26,20.8,59,era5_archive
1997-05-23,29.0,14.9,21.7,0.0,0.0,6.45,28.63,21.0,52,era5_archive
1997-05-24,30.1,14.9,22.5,0.0,0.0,6.93,29.25,23.1,44,era5_archive
1997-05-25,29.5,15.0,21.9,0.0,0.0,6.79,30.1,19.6,41,era5_archive
1997-05-26,29.2,14.6,21.7,0.0,0.0,6.51,29.99,16.2,46,era5_archive
1997-05-27,30.2,15.7,22.6,0.0,0.0,6.37,28.06,16.8,49,era5_archive
1997-05-28,29.6,14.3,21.7,0.0,0.0,6.88,30.05,19.7,47,era5_archive
1997-05-29,30.7,14.7,22.4,0.0,0.0,6.94,29.88,18.9,40,era5_archive
1997-05-30,27.5,13.3,20.5,0.0,0.0,6.68,29.4,24.3,50,era5_archive
1997-05-31,27.0,13.2,19.7,0.0,0.0,6.01,28.35,25.9,62,era5_archive
1997-06-01,25.5,12.3,18.5,0.0,0.0,6.33,30.18,25.1,56,era5_archive
1997-06-02,26.6,10.1,18.1,0.0,0.0,6.22,30.36,20.3,52,era5_archive
1997-06-03,27.9,12.0,19.8,0.0,0.0,6.26,29.36,19.2,54,era5_archive
1997-06-04,29.6,13.5,21.4,0.0,0.0,6.84,29.29,23.2,50,era5_archive
1997-06-05,30.6,16.5,23.1,0.0,0.0,7.4,29.67,24.8,40,era5_archive
1997-06-06,28.1,13.1,20.7,0.0,0.0,6.18,28.98,19.2,60,era5_archive
1997-06-07,30.8,15.7,22.8,0.0,0.0,6.77,29.85,20.4,50,era5_archive
1997-06-08,35.0,19.2,27.3,0.0,0.0,6.73,27.83,17.2,30,era5_archive
1997-06-09,31.0,19.3,25.2,0.0,0.0,7.74,29.23,25.6,38,era5_archive
1997-06-10,26.6,15.9,20.4,0.0,0.0,5.65,26.51,20.2,63,era5_archive
1997-06-11,24.9,14.4,19.5,0.0,0.0,4.94,22.86,22.7,64,era5_archive
1997-06-12,24.4,13.7,19.3,0.0,0.0,4.61,21.81,20.0,67,era5_archive
1997-06-13,26.8,14.3,20.0,0.0,0.0,5.69,28.13,18.1,69,era5_archive
1997-06-14,28.3,14.9,21.1,0.0,0.0,6.24,29.3,20.9,64,era5_archive
1997-06-15,28.6,14.5,20.9,0.0,0.0,6.25,28.65,23.1,62,era5_archive
1997-06-16,30.0,14.6,22.0,0.0,0.0,6.67,29.21,24.4,57,era5_archive
1997-06-17,31.6,16.9,24.0,0.0,0.0,7.26,29.47,25.2,50,era5_archive
1997-06-18,32.2,17.7,24.3,0.0,0.0,7.32,30.21,21.0,46,era5_archive
1997-06-19,32.8,17.0,24.7,0.0,0.0,7.34,30.19,20.7,45,era5_archive
1997-06-20,35.4,18.0,26.4,0.0,0.0,7.35,29.57,20.3,44,era5_archive
1997-06-21,35.9,19.6,27.4,0.0,0.0,7.89,29.46,23.1,43,era5_archive
1997-06-22,36.3,19.9,27.6,0.0,0.0,8.55,29.95,25.6,37,era5_archive
1997-06-23,33.0,18.1,25.2,0.0,0.0,7.8,30.29,22.5,43,era5_archive
1997-06-24,32.3,16.0,24.0,0.0,0.0,7.37,29.47,26.8,54,era5_archive
1997-06-25,32.7,17.0,24.7,0.0,0.0,7.4,29.1,23.7,52,era5_archive
1997-06-26,29.1,16.7,22.7,0.0,0.0,6.12,27.45,23.4,65,era5_archive
1997-06-27,28.0,17.3,22.2,0.0,0.0,5.75,25.6,25.2,68,era5_archive
1997-06-28,28.9,17.4,22.2,0.0,0.0,5.69,25.52,23.5,68,era5_archive
1997-06-29,30.7,16.8,23.3,0.0,0.0,6.59,28.14,27.4,63,era5_archive
1997-06-30,32.3,16.5,24.5,0.0,0.0,7.44,29.56,26.5,53,era5_archive
1997-07-01,33.4,18.5,25.7,0.0,0.0,7.75,29.76,22.7,43,era5_archive
1997-07-02,32.6,17.3,24.8,0.0,0.0,7.46,29.07,27.0,51,era5_archive
1997-07-03,33.0,18.0,25.2,0.0,0.0,7.09,27.82,27.5,58,era5_archive
1997-07-04,33.2,18.0,25.4,0.0,0.0,7.52,28.53,28.0,54,era5_archive
1997-07-05,33.5,17.9,25.6,0.0,0.0,8.02,29.57,27.1,43,era5_archive
1997-07-06,33.5,18.0,25.7,0.0,0.0,7.6,29.69,23.8,43,era5_archive
1997-07-07,34.0,18.2,25.9,0.0,0.0,7.62,29.49,22.0,41,era5_archive
1997-07-08,33.7,19.1,25.9,0.0,0.0,7.87,29.67,25.0,42,era5_archive
1997-07-09,31.1,16.7,23.3,0.0,0.0,6.8,28.09,28.0,59,era5_archive
1997-07-10,29.1,14.3,21.4,0.0,0.0,6.8,29.19,28.8,60,era5_archive
1997-07-11,29.4,15.0,21.9,0.0,0.0,6.53,28.53,25.9,62,era5_archive
1997-07-12,31.2,17.0,23.5,0.0,0.0,6.73,27.54,28.7,62,era5_archive
1997-07-13,33.6,16.5,25.2,0.0,0.0,7.42,28.53,24.0,50,era5_archive
1997-07-14,32.0,17.4,25.3,0.0,0.0,7.56,29.34,24.9,42,era5_archive
1997-07-15,29.6,17.0,23.0,0.0,0.0,6.54,27.81,25.1,62,era5_archive
1997-07-16,30.0,16.2,22.6,0.0,0.0,6.4,27.66,24.3,64,era5_archive
1997-07-17,29.5,16.7,22.7,0.0,0.0,6.27,27.7,23.1,63,era5_archive
1997-07-18,30.9,16.3,23.1,0.0,0.0,6.25,28.0,19.1,64,era5_archive
1997-07-19,32.4,16.6,24.4,0.0,0.0,7.1,28.45,24.1,56,era5_archive
1997-07-20,32.4,16.6,24.2,0.0,0.0,7.18,27.98,27.4,56,era5_archive
1997-07-21,33.2,17.4,24.9,0.0,0.0,7.13,28.12,25.9,57,era5_archive
1997-07-22,32.9,17.5,24.9,0.0,0.0,7.23,28.42,27.1,58,era5_archive
1997-07-23,32.0,16.9,24.4,0.0,0.0,6.99,28.73,22.5,57,era5_archive
1997-07-24,31.2,16.4,23.6,0.0,0.0,6.33,28.18,19.5,63,era5_archive
1997-07-25,32.6,17.1,24.6,0.0,0.0,6.65,27.49,21.4,59,era5_archive
1997-07-26,32.9,17.6,24.9,0.0,0.0,6.93,28.88,19.4,50,era5_archive
1997-07-27,35.0,18.6,26.4,0.0,0.0,7.69,28.9,23.5,41,era5_archive
1997-07-28,32.1,17.2,24.8,0.0,0.0,7.08,28.45,23.3,50,era5_archive
1997-07-29,31.6,17.5,23.6,0.0,0.0,6.7,28.21,24.3,61,era5_archive
1997-07-30,31.0,15.6,22.7,0.0,0.0,6.39,27.85,23.6,64,era5_archive
1997-07-31,30.4,17.8,23.0,0.0,0.0,6.09,27.15,20.8,67,era5_archive
1997-08-01,29.8,16.1,22.5,0.0,0.0,6.23,27.94,22.4,65,era5_archive
1997-08-02,29.9,15.9,22.4,0.0,0.0,6.13,27.66,20.5,66,era5_archive
1997-08-03,29.9,15.7,22.2,0.0,0.0,6.13,26.88,26.0,67,era5_archive
1997-08-04,29.0,16.0,21.8,0.0,0.0,6.26,27.83,28.4,66,era5_archive
1997-08-05,28.4,17.2,21.6,0.0,0.0,5.93,26.49,28.1,67,era5_archive
1997-08-06,27.0,16.9,21.4,0.0,0.0,4.7,21.01,23.9,70,era5_archive
1997-08-07,30.1,18.0,23.2,0.0,0.0,5.77,25.33,23.2,68,era5_archive
1997-08-08,31.3,16.8,23.7,0.0,0.0,6.56,27.48,23.9,61,era5_archive
1997-08-09,32.7,18.5,25.0,0.0,0.0,6.76,28.31,17.1,51,era5_archive
1997-08-10,32.7,18.6,25.2,0.0,0.0,6.48,27.92,14.1,54,era5_archive
1997-08-11,31.2,19.0,24.6,0.0,0.0,6.29,27.16,21.0,62,era5_archive
1997-08-12,29.0,17.4,22.9,0.0,0.0,5.94,26.26,22.1,65,era5_archive
1997-08-13,28.5,16.0,21.8,0.0,0.0,5.8,25.88,25.3,68,era5_archive
1997-08-14,28.4,17.5,22.0,0.0,0.0,5.98,26.04,27.3,64,era5_archive
1997-08-15,30.3,15.7,22.7,0.0,0.0,6.29,27.27,23.7,58,era5_archive
1997-08-16,30.8,16.7,24.0,0.0,0.0,7.06,27.31,26.6,46,era5_archive
1997-08-17,27.8,16.4,21.3,0.0,0.0,5.65,25.64,25.7,66,era5_archive
1997-08-18,28.2,16.1,21.5,0.0,0.0,5.57,25.43,22.1,66,era5_archive
1997-08-19,29.2,16.0,22.0,0.0,0.0,5.49,24.61,23.0,70,era5_archive
1997-08-20,29.2,16.4,22.1,0.0,0.0,5.49,25.15,20.6,70,era5_archive
1997-08-21,28.8,15.9,21.6,0.0,0.0,5.51,25.56,20.4,70,era5_archive
1997-08-22,28.4,16.0,21.4,0.0,0.0,5.53,25.77,22.4,69,era5_archive
1997-08-23,31.3,15.5,23.4,0.0,0.0,6.21,26.38,20.8,56,era5_archive
1997-08-24,32.5,20.7,26.0,0.0,0.0,6.85,26.46,22.3,41,era5_archive
1997-08-25,28.2,16.4,21.8,0.0,0.0,5.66,25.25,28.2,67,era5_archive
1997-08-26,28.4,16.0,21.0,0.0,0.0,5.87,26.1,25.3,64,era5_archive
1997-08-27,28.7,14.2,20.8,0.0,0.0,5.63,25.73,19.6,62,era5_archive
1997-08-28,30.1,14.4,21.7,0.0,0.0,5.74,26.29,17.1,56,era5_archive
1997-08-29,31.5,15.2,22.5,0.0,0.0,5.98,26.0,19.1,58,era5_archive
1997-08-30,29.9,14.9,21.8,0.0,0.0,5.68,25.34,21.1,62,era5_archive
1997-08-31,30.4,16.0,22.2,0.0,0.0,5.55,25.09,19.2,66,era5_archive
1997-09-01,29.2,16.0,21.6,0.0,0.0,5.45,24.42,21.6,66,era5_archive
1997-09-02,26.8,15.1,20.2,0.0,0.0,5.07,23.97,23.8,68,era5_archive
1997-09-03,27.2,15.1,20.6,0.0,0.0,4.83,23.06,16.6,69,era5_archive
1997-09-04,30.4,16.3,22.6,0.0,0.0,5.35,24.44,12.7,59,era5_archive
1997-09-05,33.9,17.7,25.7,0.0,0.0,5.92,24.31,17.1,43,era5_archive
1997-09-06,32.7,18.0,24.6,0.0,0.0,6.57,24.87,20.9,40,era5_archive
1997-09-07,31.8,15.6,23.3,0.0,0.0,5.96,24.76,19.5,52,era5_archive
1997-09-08,31.8,15.6,23.4,0.0,0.0,5.76,24.68,14.5,49,era5_archive
1997-09-09,33.6,17.3,25.0,0.0,0.0,5.95,24.8,19.3,42,era5_archive
1997-09-10,30.5,15.2,22.3,0.0,0.0,5.89,24.67,21.1,52,era5_archive
1997-09-11,29.0,14.5,21.1,0.0,0.0,5.39,23.67,22.1,61,era5_archive
1997-09-12,29.1,16.0,21.7,0.0,0.0,4.92,22.26,20.3,71,era5_archive
1997-09-13,30.0,16.8,22.7,0.0,0.0,5.12,22.88,14.5,61,era5_archive
1997-09-14,33.6,17.1,25.2,0.0,0.0,5.37,23.73,9.0,45,era5_archive
1997-09-15,33.3,18.6,25.6,0.0,0.0,5.83,23.48,21.1,34,era5_archive
1997-09-16,28.2,16.7,21.6,0.0,0.0,5.05,22.62,21.2,65,era5_archive
1997-09-17,28.7,14.7,21.0,0.0,0.0,4.84,22.31,19.5,68,era5_archive
1997-09-18,29.1,16.0,21.8,0.0,0.0,4.5,20.93,16.6,73,era5_archive
1997-09-19,27.8,16.8,21.2,0.0,0.0,4.61,21.88,18.7,74,era5_archive
1997-09-20,27.7,16.1,20.9,0.0,0.0,4.5,21.28,18.4,71,era5_archive
1997-09-21,30.5,15.9,22.9,1.0,1.0,4.7,21.11,13.2,59,era5_archive
1997-09-22,28.0,16.7,21.6,0.0,0.0,4.73,21.96,17.4,66,era5_archive
1997-09-23,28.8,15.3,21.3,0.0,0.0,4.37,19.66,14.9,62,era5_archive
1997-09-24,28.8,15.8,21.6,0.0,0.0,4.89,20.91,18.5,62,era5_archive
1997-09-25,25.2,13.6,18.8,0.0,0.0,4.64,21.6,24.7,65,era5_archive
1997-09-26,24.9,13.3,19.1,0.0,0.0,3.89,19.18,20.3,67,era5_archive
1997-09-27,29.0,16.2,22.0,0.0,0.0,5.6,20.29,26.8,47,era5_archive
1997-09-28,21.9,15.4,18.3,1.5,1.5,3.18,16.08,22.1,74,era5_archive
1997-09-29,22.7,14.0,17.6,0.0,0.0,3.31,16.56,15.3,74,era5_archive
1997-09-30,24.2,13.7,18.2,0.0,0.0,3.77,19.54,14.3,69,era5_archive
1997-10-01,22.8,13.0,17.2,0.0,0.0,3.81,19.12,19.5,71,era5_archive
1997-10-02,23.1,12.5,17.5,0.0,0.0,3.98,20.07,20.2,67,era5_archive
1997-10-03,25.4,11.0,18.6,0.0,0.0,3.79,20.6,6.9,56,era5_archive
1997-10-04,26.5,14.1,19.4,0.0,0.0,4.21,19.74,19.7,63,era5_archive
1997-10-05,24.7,12.6,18.5,0.0,0.0,4.05,19.31,22.0,65,era5_archive
1997-10-06,23.9,15.0,18.9,0.0,0.0,3.57,18.19,18.8,64,era5_archive
1997-10-07,25.6,12.7,19.0,0.0,0.0,3.7,18.99,8.1,64,era5_archive
1997-10-08,29.3,14.0,21.1,0.0,0.0,4.64,19.7,16.6,50,era5_archive
1997-10-09,31.1,14.6,22.4,0.0,0.0,4.39,19.61,10.7,51,era5_archive
1997-10-10,29.3,16.7,22.4,0.0,0.0,3.6,15.84,12.4,58,era5_archive
1997-10-11,26.7,16.4,20.7,0.0,0.0,3.61,16.69,16.6,69,era5_archive
1997-10-12,27.8,15.7,21.3,0.0,0.0,3.84,17.38,11.3,52,era5_archive
1997-10-13,31.3,17.7,24.3,0.2,0.2,4.17,17.93,8.9,33,era5_archive
1997-10-14,31.8,17.9,25.3,0.4,0.4,4.67,16.15,13.3,34,era5_archive
1997-10-15,33.4,17.3,25.2,0.0,0.0,5.75,18.01,17.6,31,era5_archive
1997-10-16,33.1,19.7,25.8,0.1,0.1,7.06,17.55,28.6,22,era5_archive
1997-10-17,31.2,18.5,24.4,0.0,0.0,4.68,13.88,15.3,31,era5_archive
1997-10-18,23.4,16.1,19.7,6.6,6.6,2.19,10.77,11.5,74,era5_archive
1997-10-19,20.4,14.5,16.8,2.4,2.4,2.2,12.61,16.8,84,era5_archive
1997-10-20,19.3,13.2,15.6,0.0,0.0,2.47,13.61,17.1,78,era5_archive
1997-10-21,19.9,10.2,14.5,0.0,0.0,3.21,17.83,13.0,63,era5_archive
1997-10-22,19.2,10.6,14.5,0.0,0.0,2.64,15.36,12.6,73,era5_archive
1997-10-23,21.0,10.6,15.4,0.0,0.0,2.76,14.82,10.2,72,era5_archive
1997-10-24,23.0,10.6,16.8,0.0,0.0,3.15,17.48,9.0,60,era5_archive
1997-10-25,24.9,10.6,17.5,0.0,0.0,4.11,16.11,21.6,50,era5_archive
1997-10-26,26.2,14.7,19.7,0.0,0.0,4.34,16.82,18.2,42,era5_archive
1997-10-27,25.4,14.8,19.5,0.0,0.0,3.72,16.62,22.1,52,era5_archive
1997-10-28,25.4,11.7,19.0,0.5,0.5,3.34,15.46,11.7,55,era5_archive
1997-10-29,25.5,15.9,19.2,12.6,12.6,3.73,14.29,29.3,64,era5_archive
1997-10-30,22.3,12.9,17.4,6.8,6.8,2.51,14.46,8.9,77,era5_archive
1997-10-31,21.3,12.6,16.9,1.0,1.0,2.18,12.25,7.6,81,era5_archive
1997-11-01,20.2,12.6,15.9,1.0,1.0,2.11,12.09,10.5,84,era5_archive
1997-11-02,21.4,10.7,15.4,2.9,2.9,2.44,13.74,12.9,79,era5_archive
1997-11-03,19.9,12.2,15.5,5.6,5.6,2.67,13.51,18.4,68,era5_archive
1997-11-04,16.3,11.9,13.5,2.8,2.8,1.58,8.57,26.5,81,era5_archive
1997-11-05,17.1,11.3,13.6,1.1,1.1,1.61,10.12,14.1,87,era5_archive
1997-11-06,17.4,10.0,13.5,2.8,2.8,1.38,7.77,10.8,85,era5_archive
1997-11-07,18.2,10.4,14.0,0.7,0.7,1.61,8.91,10.7,80,era5_archive
1997-11-08,20.1,11.6,14.9,0.0,0.0,2.4,12.24,16.6,72,era5_archive
1997-11-09,19.0,8.4,13.8,0.0,0.0,2.36,12.79,16.2,73,era5_archive
1997-11-10,17.4,9.3,12.9,3.8,3.8,1.82,11.16,9.1,80,era5_archive
1997-11-11,19.7,8.1,13.3,0.0,0.0,2.53,13.99,12.4,74,era5_archive
1997-11-12,18.9,9.4,13.5,0.0,0.0,2.35,14.56,11.4,73,era5_archive
1997-11-13,19.9,5.9,13.1,0.0,0.0,2.62,14.86,12.3,72,era5_archive
1997-11-14,19.1,7.6,12.6,0.0,0.0,2.78,13.22,17.7,60,era5_archive
1997-11-15,19.9,6.7,12.3,0.0,0.0,3.0,15.24,14.3,57,era5_archive
1997-11-16,20.2,7.4,13.1,0.0,0.0,2.86,14.7,16.7,63,era5_archive
1997-11-17,20.5,11.4,14.9,0.2,0.2,2.46,13.43,17.1,74,era5_archive
1997-11-18,17.8,10.0,13.5,0.1,0.1,1.84,11.03,16.1,83,era5_archive
1997-11-19,18.8,7.2,12.2,0.0,0.0,2.11,10.99,15.5,70,era5_archive
1997-11-20,18.5,9.6,13.4,0.0,0.0,1.97,11.78,7.5,58,era5_archive
1997-11-21,18.9,6.4,12.6,0.0,0.0,2.26,13.26,10.5,69,era5_archive
1997-11-22,18.3,7.8,12.6,0.2,0.2,2.26,13.31,18.3,76,era5_archive
1997-11-23,18.1,8.7,12.5,0.0,0.0,1.96,12.34,8.4,76,era5_archive
1997-11-24,18.2,6.5,12.3,0.1,0.1,2.7,13.34,19.8,65,era5_archive
1997-11-25,18.0,9.1,12.8,0.8,0.8,2.38,11.85,19.8,63,era5_archive
1997-11-26,18.4,6.0,11.9,0.0,0.0,2.01,11.87,9.6,73,era5_archive
1997-11-27,17.8,7.6,12.3,0.0,0.0,1.86,11.41,6.6,73,era5_archive
1997-11-28,17.9,7.3,12.2,0.0,0.0,2.42,11.69,19.4,67,era5_archive
1997-11-29,18.0,8.7,12.8,0.0,0.0,3.05,13.11,30.1,58,era5_archive
1997-11-30,15.2,8.4,11.3,0.0,0.0,1.54,9.66,18.1,77,era5_archive
1997-12-01,17.7,8.8,12.3,0.0,0.0,1.78,10.35,10.4,72,era5_archive
1997-12-02,17.3,6.7,11.4,0.0,0.0,2.02,12.83,21.4,70,era5_archive
1997-12-03,15.6,8.5,11.6,0.0,0.0,1.7,9.57,16.6,70,era5_archive
1997-12-04,16.8,6.3,11.4,0.0,0.0,1.9,12.34,9.0,68,era5_archive
1997-12-05,15.7,4.1,10.5,0.0,0.0,1.59,9.51,7.6,64,era5_archive
1997-12-06,18.0,4.1,10.7,0.0,0.0,2.68,12.83,15.6,56,era5_archive
1997-12-07,19.6,7.1,12.6,0.0,0.0,3.59,12.89,23.6,44,era5_archive
1997-12-08,19.8,7.6,12.6,0.0,0.0,2.89,12.84,21.0,54,era5_archive
1997-12-09,11.5,8.1,9.1,8.6,8.6,0.99,5.44,26.1,84,era5_archive
1997-12-10,12.0,7.7,9.4,6.0,6.0,0.86,7.11,19.5,94,era5_archive
1997-12-11,14.1,9.0,10.9,0.0,0.0,1.06,6.8,6.8,86,era5_archive
1997-12-12,16.7,7.3,11.4,0.0,0.0,2.25,12.27,24.7,67,era5_archive
1997-12-13,13.2,5.5,8.8,0.2,0.2,1.44,9.41,17.6,75,era5_archive
1997-12-14,13.8,7.3,10.2,0.0,0.0,1.14,7.05,13.0,83,era5_archive
1997-12-15,14.7,5.5,9.1,0.0,0.0,1.91,12.82,24.0,72,era5_archive
1997-12-16,11.8,3.5,7.8,1.5,1.5,0.93,6.56,18.5,87,era5_archive
1997-12-17,12.6,8.2,9.6,1.6,1.6,1.26,7.26,32.8,85,era5_archive
1997-12-18,11.3,8.0,9.0,2.2,2.2,0.89,6.62,15.6,92,era5_archive
1997-12-19,9.9,4.8,7.9,12.7,12.7,0.67,4.35,8.6,92,era5_archive
1997-12-20,11.6,3.7,7.2,0.8,0.8,1.21,9.16,10.3,81,era5_archive
1997-12-21,11.3,0.8,5.6,0.0,0.0,1.55,12.09,13.8,79,era5_archive
1997-12-22,11.4,2.8,6.4,0.0,0.0,1.44,10.8,20.8,77,era5_archive
1997-12-23,12.8,2.6,7.3,0.0,0.0,1.45,10.56,17.7,82,era5_archive
1997-12-24,12.8,7.3,9.5,0.0,0.0,1.21,8.21,6.8,86,era5_archive
1997-12-25,13.0,5.2,8.9,0.0,0.0,1.59,11.08,12.1,76,era5_archive
1997-12-26,12.6,3.9,7.9,0.0,0.0,1.38,10.01,9.2,82,era5_archive
1997-12-27,13.5,2.3,7.6,0.0,0.0,1.71,9.75,20.9,77,era5_archive
1997-12-28,11.9,6.2,8.7,0.6,0.6,1.62,9.01,25.0,74,era5_archive
1997-12-29,12.2,4.7,7.9,1.0,1.0,1.37,9.6,22.2,80,era5_archive
1997-12-30,13.0,3.2,7.8,0.1,0.1,1.57,11.05,14.4,78,era5_archive
1997-12-31,11.8,4.3,8.4,1.4,1.4,1.35,9.35,18.2,81,era5_archive
1998-01-01,10.8,3.3,6.7,0.0,0.0,1.18,8.13,15.0,81,era5_archive
1998-01-02,10.4,2.0,6.0,0.0,0.0,1.46,11.82,12.0,80,era5_archive
1998-01-03,10.4,0.7,5.7,0.0,0.0,1.54,8.67,24.9,74,era5_archive
1998-01-04,10.3,5.4,7.8,1.2,1.2,1.01,4.49,20.0,78,era5_archive
1998-01-05,9.3,2.9,5.8,1.1,1.1,0.72,5.13,18.2,91,era5_archive
1998-01-06,11.5,4.1,7.9,0.1,0.1,0.8,5.41,16.1,92,era5_archive
1998-01-07,12.7,8.4,10.1,1.2,1.2,0.95,6.52,15.0,92,era5_archive
1998-01-08,13.7,7.7,10.2,0.0,0.0,1.48,9.92,13.9,84,era5_archive
1998-01-09,10.7,0.4,5.6,0.0,0.0,1.88,13.88,11.8,66,era5_archive
1998-01-10,10.3,-2.7,3.5,0.0,0.0,1.93,14.13,12.3,61,era5_archive
1998-01-11,5.8,-0.5,3.4,14.4,12.8,0.56,5.58,22.9,90,era5_archive
1998-01-12,4.5,-1.2,1.4,0.0,0.0,0.87,10.11,32.9,87,era5_archive
1998-01-13,10.2,-0.4,4.7,0.0,0.0,1.34,11.27,22.6,85,era5_archive
1998-01-14,12.1,5.6,8.4,0.0,0.0,1.29,8.82,8.4,82,era5_archive
1998-01-15,13.0,3.3,8.3,0.0,0.0,1.46,10.41,9.0,84,era5_archive
1998-01-16,14.0,3.5,7.9,0.0,0.0,1.83,13.31,11.2,84,era5_archive
1998-01-17,13.1,3.3,7.5,0.0,0.0,2.17,14.39,25.7,69,era5_archive
1998-01-18,11.2,3.6,7.1,2.4,2.4,1.51,11.68,12.4,77,era5_archive
1998-01-19,11.1,1.9,6.1,1.4,1.4,1.18,8.95,20.4,86,era5_archive
1998-01-20,10.0,3.1,6.2,12.6,12.6,1.06,8.1,13.3,86,era5_archive
1998-01-21,12.7,1.7,6.8,0.0,0.0,1.53,10.89,13.2,81,era5_archive
1998-01-22,13.4,4.4,8.3,0.0,0.0,2.38,14.19,25.9,66,era5_archive
1998-01-23,14.2,3.4,8.7,0.5,0.5,2.23,13.63,20.6,69,era5_archive
1998-01-24,10.3,3.6,6.9,6.1,6.1,1.23,10.38,25.3,88,era5_archive
1998-01-25,9.4,5.4,7.3,3.0,3.0,0.98,7.4,22.8,86,era5_archive
1998-01-26,11.5,6.4,8.1,1.5,1.5,1.38,10.05,18.4,83,era5_archive
1998-01-27,12.9,2.7,7.8,0.0,0.0,1.92,10.5,20.0,74,era5_archive
1998-01-28,13.7,4.0,8.8,0.6,0.6,2.3,14.13,17.7,66,era5_archive
1998-01-29,10.9,5.7,7.5,9.9,9.9,1.11,10.02,31.7,91,era5_archive
1998-01-30,9.9,4.7,6.7,2.3,2.3,1.18,10.75,26.6,89,era5_archive
1998-01-31,12.6,5.2,8.3,1.7,1.7,1.74,12.84,10.8,84,era5_archive
1998-02-01,10.8,1.7,6.0,0.0,0.0,1.89,15.16,12.3,78,era5_archive
1998-02-02,14.1,2.1,7.7,0.0,0.0,2.09,14.79,18.1,74,era5_archive
1998-02-03,16.7,6.6,10.9,0.0,0.0,2.4,15.59,6.9,67,era5_archive
1998-02-04,17.1,5.6,10.4,0.0,0.0,2.44,15.85,10.1,73,era5_archive
1998-02-05,17.6,5.4,11.0,0.0,0.0,2.56,13.89,24.6,68,era5_archive
1998-02-06,18.2,8.1,12.6,0.0,0.0,2.96,15.81,24.5,70,era5_archive
1998-02-07,13.9,8.5,10.3,11.7,11.7,1.3,9.78,27.9,90,era5_archive
1998-02-08,10.8,6.9,8.5,8.8,8.8,1.01,7.7,19.1,92,era5_archive
1998-02-09,6.8,2.7,5.4,13.6,13.6,0.78,5.47,17.2,87,era5_archive
1998-02-10,9.2,2.0,5.1,3.7,3.7,1.43,11.53,14.8,79,era5_archive
1998-02-11,8.8,2.4,5.1,7.2,7.2,1.24,9.58,17.4,84,era5_archive
1998-02-12,9.4,1.2,4.5,3.3,2.4,1.99,15.61,13.4,72,era5_archive
1998-02-13,8.5,-1.5,4.1,0.0,0.0,1.3,10.82,22.1,82,era5_archive
1998-02-14,10.9,6.0,8.3,2.3,2.3,0.9,6.83,24.6,92,era5_archive
1998-02-15,11.8,3.5,7.7,4.9,4.9,2.24,16.3,19.9,74,era5_archive
1998-02-16,11.0,1.2,6.3,0.0,0.0,1.71,12.5,16.4,76,era5_archive
1998-02-17,12.5,2.3,7.9,0.0,0.0,1.85,12.72,11.5,73,era5_archive
1998-02-18,13.1,4.9,8.9,0.1,0.1,1.91,13.31,14.4,72,era5_archive
1998-02-19,13.1,4.9,8.4,0.0,0.0,2.06,13.87,15.3,80,era5_archive
1998-02-20,11.4,3.0,7.3,0.7,0.7,1.62,11.35,13.2,76,era5_archive
1998-02-21,13.9,5.7,9.0,0.0,0.0,2.31,15.31,8.7,70,era5_archive
1998-02-22,15.9,2.4,9.3,0.0,0.0,2.83,19.35,6.2,66,era5_archive
1998-02-23,16.9,1.6,8.7,0.0,0.0,3.27,19.76,13.8,56,era5_archive
1998-02-24,14.7,2.6,8.6,0.3,0.3,2.78,16.06,12.8,54,era5_archive
1998-02-25,14.6,2.6,8.1,0.0,0.0,2.44,17.47,18.3,79,era5_archive
1998-02-26,14.1,5.2,8.6,0.0,0.0,2.62,18.67,15.5,77,era5_archive
1998-02-27,15.0,4.2,9.3,0.0,0.0,2.33,15.54,7.5,71,era5_archive
1998-02-28,11.5,3.3,7.5,3.2,3.2,1.61,11.83,19.1,78,era5_archive
1998-03-01,10.7,5.8,7.5,5.5,5.5,1.13,8.73,13.0,93,era5_archive
1998-03-02,12.1,6.2,8.6,0.2,0.2,1.65,12.27,21.3,86,era5_archive
1998-03-03,13.1,4.1,8.1,0.0,0.0,2.03,14.04,15.2,82,era5_archive
1998-03-04,15.1,3.1,9.2,0.0,0.0,2.73,18.5,6.3,73,era5_archive
1998-03-05,17.1,3.4,10.1,0.0,0.0,3.32,20.51,12.9,59,era5_archive
1998-03-06,17.7,3.1,10.6,0.0,0.0,3.36,20.61,15.1,51,era5_archive
1998-03-07,14.3,6.8,10.1,0.0,0.0,2.33,16.05,16.8,68,era5_archive
1998-03-08,12.6,5.5,8.6,2.6,2.6,1.72,12.21,12.8,85,era5_archive
1998-03-09,14.1,4.6,8.9,0.0,0.0,2.28,15.41,11.3,78,era5_archive
1998-03-10,18.2,2.8,11.0,0.0,0.0,3.46,21.88,10.4,65,era5_archive
1998-03-11,22.2,7.7,14.1,0.0,0.0,4.78,22.11,31.8,46,era5_archive
1998-03-12,16.3,5.8,10.5,0.0,0.0,3.06,18.76,30.1,66,era5_archive
1998-03-13,15.0,4.3,9.3,0.0,0.0,2.99,21.02,15.5,74,era5_archive
1998-03-14,13.7,2.9,8.2,0.0,0.0,2.61,18.94,24.2,76,era5_archive
1998-03-15,20.1,2.5,12.0,0.0,0.0,4.27,22.14,30.7,63,era5_archive
1998-03-16,18.3,9.1,14.5,1.8,1.8,4.78,19.17,37.6,52,era5_archive
1998-03-17,12.6,6.1,8.8,13.0,13.0,2.03,15.76,25.0,84,era5_archive
1998-03-18,7.9,2.6,5.0,12.2,11.9,1.55,15.72,30.9,85,era5_archive
1998-03-19,8.7,3.3,5.5,15.2,15.2,1.16,9.3,29.8,88,era5_archive
1998-03-20,10.0,2.2,5.8,0.2,0.2,2.04,16.35,24.5,79,era5_archive
1998-03-21,14.3,3.9,8.6,0.0,0.0,2.88,19.86,21.1,72,era5_archive
1998-03-22,15.3,4.3,9.5,0.0,0.0,3.45,24.12,14.4,68,era5_archive
1998-03-23,15.6,4.8,9.9,0.0,0.0,3.49,23.39,24.6,70,era5_archive
1998-03-24,10.1,4.4,7.1,0.2,0.2,2.19,16.84,29.4,75,era5_archive
1998-03-25,14.2,1.5,7.7,0.0,0.0,3.52,22.85,17.3,65,era5_archive
1998-03-26,16.9,6.7,11.6,0.0,0.0,4.82,22.15,39.6,43,era5_archive
1998-03-27,20.0,6.6,13.2,0.0,0.0,4.51,23.41,21.7,55,era5_archive
1998-03-28,17.1,9.7,12.6,3.7,3.7,2.37,13.68,11.9,72,era5_archive
1998-03-29,12.0,5.3,8.4,7.0,7.0,2.29,18.53,24.7,84,era5_archive
1998-03-30,10.5,5.8,7.6,10.7,10.7,1.24,10.47,33.3,87,era5_archive
1998-03-31,12.0,3.7,8.0,0.0,0.0,2.0,13.76,12.9,78,era5_archive
1998-04-01,16.6,3.4,10.1,0.0,0.0,3.36,21.11,9.8,74,era5_archive
1998-04-02,21.2,3.3,12.7,0.0,0.0,4.25,24.42,18.1,66,era5_archive
1998-04-03,13.9,7.5,10.5,0.0,0.0,2.66,18.41,29.2,74,era5_archive
1998-04-04,12.7,6.0,8.9,2.9,2.9,1.67,12.77,19.2,89,era5_archive
1998-04-05,17.0,7.3,11.3,0.0,0.0,3.31,22.53,19.3,79,era5_archive
1998-04-06,21.3,5.3,13.4,0.0,0.0,4.38,25.91,9.7,64,era5_archive
1998-04-07,23.0,7.8,15.0,0.0,0.0,4.97,25.97,11.9,54,era5_archive
1998-04-08,22.1,8.7,14.9,0.0,0.0,4.21,24.72,15.8,76,era5_archive
1998-04-09,24.8,8.1,16.9,0.0,0.0,4.79,25.82,9.7,64,era5_archive
1998-04-10,27.4,11.3,18.9,0.0,0.0,5.43,25.74,10.1,44,era5_archive
1998-04-11,28.2,13.5,20.3,0.0,0.0,6.9,26.33,20.4,34,era5_archive
1998-04-12,30.6,15.3,22.3,0.0,0.0,7.62,26.37,24.3,28,era5_archive
1998-04-13,31.8,17.3,23.6,0.0,0.0,7.22,23.69,24.1,32,era5_archive
1998-04-14,32.8,16.4,25.0,0.0,0.0,6.18,25.04,12.2,35,era5_archive
1998-04-15,33.4,15.9,24.2,0.6,0.6,6.0,24.02,12.9,39,era5_archive
1998-04-16,30.1,16.6,23.3,1.0,1.0,6.17,21.14,21.6,43,era5_archive
1998-04-17,24.9,11.2,18.1,0.0,0.0,4.69,23.11,17.3,58,era5_archive
1998-04-18,23.2,10.6,16.9,0.0,0.0,4.93,25.78,24.9,62,era5_archive
1998-04-19,23.2,10.5,16.1,0.0,0.0,4.97,26.41,22.5,64,era5_archive
1998-04-20,21.6,10.2,15.1,0.0,0.0,5.05,27.1,29.9,61,era5_archive
1998-04-21,18.2,7.8,12.3,0.0,0.0,4.01,23.32,31.2,68,era5_archive
1998-04-22,16.7,9.4,12.3,0.0,0.0,3.56,20.12,27.6,68,era5_archive
1998-04-23,17.2,7.9,12.2,0.0,0.0,3.94,22.4,33.4,65,era5_archive
1998-04-24,20.9,6.1,13.3,0.0,0.0,4.74,27.7,11.3,61,era5_archive
1998-04-25,24.2,7.8,16.8,0.2,0.2,4.3,20.05,12.2,49,era5_archive
1998-04-26,23.6,11.9,17.6,1.1,1.1,4.69,20.59,26.7,60,era5_archive
1998-04-27,15.7,9.0,12.4,1.9,1.9,2.79,17.78,22.5,80,era5_archive
1998-04-28,20.4,7.1,13.7,0.0,0.0,4.61,26.37,18.5,65,era5_archive
1998-04-29,23.2,6.2,15.5,0.0,0.0,5.14,27.7,14.5,61,era5_archive
1998-04-30,21.7,9.3,15.2,0.0,0.0,5.11,27.78,25.3,62,era5_archive
1998-05-01,25.1,8.7,16.9,0.0,0.0,5.68,29.06,17.3,51,era5_archive
1998-05-02,29.4,11.2,20.8,0.0,0.0,5.98,28.14,15.9,41,era5_archive
1998-05-03,32.1,13.9,23.4,0.0,0.0,6.98,28.53,14.6,29,era5_archive
1998-05-04,34.3,15.2,24.9,0.0,0.0,8.48,28.51,28.4,21,era5_archive
1998-05-05,34.4,21.2,27.1,0.0,0.0,8.82,26.7,25.1,22,era5_archive
1998-05-06,35.1,16.7,26.9,0.0,0.0,7.16,26.2,21.2,30,era5_archive
1998-05-07,30.8,21.4,25.9,0.0,0.0,5.31,13.91,20.7,33,era5_archive
1998-05-08,33.6,18.7,26.5,0.0,0.0,6.58,23.46,14.6,39,era5_archive
1998-05-09,35.1,19.6,26.1,0.0,0.0,7.0,22.27,30.8,40,era5_archive
1998-05-10,27.9,16.9,22.2,0.0,0.0,5.17,23.25,19.1,60,era5_archive
1998-05-11,23.3,14.1,17.9,0.0,0.0,5.15,25.57,21.3,61,era5_archive
1998-05-12,22.4,11.3,16.6,0.0,0.0,4.64,21.25,24.0,50,era5_archive
1998-05-13,20.1,10.6,15.2,0.0,0.0,4.05,22.32,22.4,71,era5_archive
1998-05-14,19.8,10.3,14.8,0.8,0.8,3.72,20.42,17.3,73,era5_archive
1998-05-15,20.1,11.8,15.2,1.9,1.9,3.6,20.4,18.2,72,era5_archive
1998-05-16,23.6,10.3,16.9,0.0,0.0,4.9,27.29,8.1,69,era5_archive
1998-05-17,30.5,12.2,22.2,0.0,0.0,6.19,28.42,15.4,46,era5_archive
1998-05-18,33.7,17.4,25.5,0.0,0.0,7.7,24.9,26.6,34,era5_archive
1998-05-19,22.2,13.6,17.5,0.0,0.0,5.05,26.78,28.1,67,era5_archive
1998-05-20,24.8,10.7,17.1,0.0,0.0,6.02,29.07,33.9,63,era5_archive
1998-05-21,21.6,12.0,16.2,0.0,0.0,5.22,27.16,27.4,60,era5_archive
1998-05-22,23.5,9.7,16.4,0.0,0.0,5.76,30.05,20.7,54,era5_archive
1998-05-23,24.1,9.7,16.6,0.0,0.0,5.49,27.52,21.8,57,era5_archive
1998-05-24,26.9,13.2,19.5,0.0,0.0,6.15,29.35,18.4,48,era5_archive
1998-05-25,27.6,12.2,19.8,0.0,0.0,6.27,29.69,17.1,51,era5_archive
1998-05-26,33.6,13.5,24.3,0.0,0.0,6.7,29.23,13.6,46,era5_archive
1998-05-27,31.6,18.1,24.9,0.0,0.0,6.6,26.23,20.5,50,era5_archive
1998-05-28,30.0,15.2,22.1,0.0,0.0,6.94,28.33,25.7,48,era5_archive
1998-05-29,25.4,12.4,18.3,0.0,0.0,5.68,27.69,27.0,62,era5_archive
1998-05-30,26.5,12.2,19.2,0.0,0.0,6.03,28.3,26.3,63,era5_archive
1998-05-31,25.2,12.6,18.4,0.0,0.0,5.37,27.11,26.6,68,era5_archive
1998-06-01,24.8,13.9,18.4,0.0,0.0,4.85,24.56,22.8,69,era5_archive
1998-06-02,25.3,12.5,18.4,0.0,0.0,5.28,26.98,22.5,70,era5_archive
1998-06-03,27.0,12.9,19.6,0.0,0.0,5.86,28.95,18.9,66,era5_archive
1998-06-04,29.0,13.9,21.4,0.0,0.0,6.32,29.38,18.3,59,era5_archive
1998-06-05,28.9,14.8,21.4,0.0,0.0,6.38,29.33,20.0,58,era5_archive
1998-06-06,27.9,13.3,20.6,0.0,0.0,6.48,29.77,21.5,56,era5_archive
1998-06-07,29.6,14.3,21.7,0.0,0.0,6.68,30.22,18.2,49,era5_archive
1998-06-08,29.8,14.9,21.8,0.0,0.0,6.96,30.08,22.5,50,era5_archive
1998-06-09,28.0,14.0,20.5,0.0,0.0,6.32,29.02,20.9,59,era5_archive
1998-06-10,28.1,13.9,20.7,0.0,0.0,6.27,28.93,22.6,61,era5_archive
1998-06-11,31.1,15.1,22.7,0.0,0.0,6.92,29.79,22.1,53,era5_archive
1998-06-12,31.4,15.0,23.5,0.0,0.0,7.6,29.38,27.6,51,era5_archive
1998-06-13,32.9,16.5,24.8,0.0,0.0,7.86,29.91,24.0,38,era5_archive
1998-06-14,33.9,19.1,26.3,0.0,0.0,8.51,30.01,27.3,33,era5_archive
1998-06-15,31.2,16.1,23.5,0.0,0.0,7.1,29.66,22.3,50,era5_archive
1998-06-16,33.5,15.4,24.0,0.0,0.0,7.14,30.3,16.8,46,era5_archive
1998-06-17,35.4,17.9,26.2,0.0,0.0,7.47,29.83,18.4,42,era5_archive
1998-06-18,33.0,16.9,24.5,0.0,0.0,7.28,29.06,27.4,54,era5_archive
1998-06-19,31.3,17.4,23.7,0.0,0.0,6.7,28.69,23.3,60,era5_archive
1998-06-20,32.4,15.4,23.7,0.0,0.0,6.93,29.7,19.7,57,era5_archive
1998-06-21,30.0,15.6,22.2,0.0,0.0,6.65,28.92,24.9,60,era5_archive
1998-06-22,26.9,15.1,20.3,0.0,0.0,6.17,29.31,21.8,63,era5_archive
1998-06-23,27.9,13.4,20.6,0.0,0.0,6.21,29.1,21.9,61,era5_archive
1998-06-24,31.8,15.5,23.2,0.0,0.0,6.72,29.71,17.6,56,era5_archive
1998-06-25,32.5,16.0,24.0,0.0,0.0,7.4,30.42,21.1,47,era5_archive
1998-06-26,31.9,15.4,23.6,0.0,0.0,7.43,30.03,22.2,49,era5_archive
1998-06-27,32.6,16.9,24.4,0.0,0.0,7.49,29.7,22.3,47,era5_archive
1998-06-28,31.8,16.7,24.0,0.0,0.0,6.88,29.74,19.5,56,era5_archive
1998-06-29,33.2,17.2,24.8,0.0,0.0,7.08,29.35,19.4,56,era5_archive
1998-06-30,32.7,17.3,24.5,0.0,0.0,7.55,30.06,25.2,52,era5_archive
1998-07-01,32.7,16.1,24.1,0.0,0.0,7.61,30.1,27.0,51,era5_archive
1998-07-02,32.4,16.2,24.3,0.0,0.0,7.8,30.02,27.3,49,era5_archive
1998-07-03,33.5,17.6,25.3,0.0,0.0,7.9,29.78,26.7,47,era5_archive
1998-07-04,34.8,18.8,26.4,0.0,0.0,8.02,29.4,30.0,48,era5_archive
1998-07-05,35.8,19.0,27.4,0.0,0.0,8.85,30.03,28.5,36,era5_archive
1998-07-06,30.3,16.6,23.4,0.0,0.0,7.37,29.39,27.4,51,era5_archive
1998-07-07,28.2,15.5,21.5,0.0,0.0,6.21,27.74,23.0,60,era5_archive
1998-07-08,29.5,15.6,22.1,0.0,0.0,6.02,27.45,21.4,66,era5_archive
1998-07-09,31.7,16.8,23.5,0.0,0.0,6.77,28.75,23.1,61,era5_archive
1998-07-10,32.4,16.6,24.5,0.0,0.0,7.71,29.72,25.5,44,era5_archive
1998-07-11,31.0,15.2,23.2,0.0,0.0,7.56,29.68,26.3,47,era5_archive
1998-07-12,29.4,13.2,21.3,0.0,0.0,6.48,29.29,25.1,60,era5_archive
1998-07-13,30.6,15.5,22.7,0.0,0.0,6.72,28.34,25.2,59,era5_archive
1998-07-14,32.9,15.9,24.2,0.0,0.0,7.37,29.54,23.7,49,era5_archive
1998-07-15,34.7,18.4,26.2,0.0,0.0,8.04,29.74,23.8,37,era5_archive
1998-07-16,33.4,17.8,25.5,0.0,0.0,8.35,29.88,27.0,36,era5_archive
1998-07-17,31.6,16.0,23.8,0.0,0.0,7.39,29.07,29.7,55,era5_archive
1998-07-18,31.6,16.5,23.8,0.0,0.0,7.19,29.02,23.5,53,era5_archive
1998-07-19,33.8,16.5,24.8,0.0,0.0,7.24,30.01,18.6,45,era5_archive
1998-07-20,34.6,17.5,25.9,0.0,0.0,7.35,28.99,22.9,53,era5_archive
1998-07-21,34.7,18.3,26.1,0.0,0.0,7.35,28.29,24.1,57,era5_archive
1998-07-22,35.8,19.6,27.0,0.0,0.0,6.96,26.84,22.1,58,era5_archive
1998-07-23,34.2,21.2,26.8,0.0,0.0,6.32,26.06,18.3,65,era5_archive
1998-07-24,33.8,19.8,26.4,0.0,0.0,7.06,28.5,22.2,59,era5_archive
1998-07-25,34.0,17.7,25.8,0.0,0.0,7.24,28.8,20.9,56,era5_archive
1998-07-26,32.9,18.2,25.0,0.0,0.0,6.93,27.57,25.1,59,era5_archive
1998-07-27,33.2,17.3,24.8,0.0,0.0,7.04,28.31,24.4,56,era5_archive
1998-07-28,32.6,18.5,25.1,0.0,0.0,6.16,25.74,21.7,62,era5_archive
1998-07-29,34.1,19.5,26.4,0.0,0.0,6.57,25.42,22.2,62,era5_archive
1998-07-30,34.4,19.5,26.8,0.0,0.0,7.82,28.79,25.0,46,era5_archive
1998-07-31,34.1,19.7,26.7,0.0,0.0,7.49,29.12,19.8,36,era5_archive
1998-08-01,34.8,18.6,26.5,0.0,0.0,7.39,28.72,19.4,39,era5_archive
1998-08-02,35.6,19.9,27.3,0.0,0.0,7.15,28.3,17.8,44,era5_archive
1998-08-03,34.7,19.6,26.7,0.0,0.0,6.83,27.46,20.3,58,era5_archive
1998-08-04,33.9,20.0,26.3,0.0,0.0,6.53,26.49,21.9,64,era5_archive
1998-08-05,34.0,20.6,26.8,0.0,0.0,6.23,26.28,15.3,65,era5_archive
1998-08-06,36.2,21.1,28.4,0.0,0.0,7.2,26.54,20.9,54,era5_archive
1998-08-07,35.0,21.1,27.7,0.0,0.0,6.45,24.63,21.8,57,era5_archive
1998-08-08,38.3,22.2,30.0,0.0,0.0,6.8,23.92,20.9,57,era5_archive
1998-08-09,40.4,24.7,32.3,0.0,0.0,7.07,24.83,17.8,38,era5_archive
1998-08-10,36.0,23.2,29.5,0.0,0.0,8.13,26.33,27.1,42,era5_archive
1998-08-11,34.0,20.6,26.8,0.0,0.0,7.37,27.18,27.0,53,era5_archive
1998-08-12,33.9,19.2,25.9,0.0,0.0,6.79,27.58,18.7,55,era5_archive
1998-08-13,35.7,19.1,26.9,0.0,0.0,6.7,27.55,15.0,50,era5_archive
1998-08-14,36.6,20.3,28.0,0.0,0.0,7.27,26.87,23.9,54,era5_archive
1998-08-15,33.8,19.7,26.1,0.0,0.0,7.08,27.13,25.0,56,era5_archive
1998-08-16,32.7,18.5,25.0,0.0,0.0,6.21,26.16,19.5,64,era5_archive
1998-08-17,34.1,19.6,25.9,0.0,0.0,6.48,26.79,18.6,57,era5_archive
1998-08-18,35.2,19.5,26.6,0.0,0.0,6.96,27.36,19.6,49,era5_archive
1998-08-19,34.1,18.2,25.8,0.0,0.0,6.94,27.18,18.8,47,era5_archive
1998-08-20,33.9,18.0,25.2,0.0,0.0,6.57,27.11,18.6,54,era5_archive
1998-08-21,33.2,17.6,24.6,0.0,0.0,6.49,27.13,19.1,58,era5_archive
1998-08-22,33.0,18.0,24.6,0.0,0.0,6.31,26.42,19.9,60,era5_archive
1998-08-23,32.7,17.0,24.1,0.0,0.0,6.25,26.41,19.6,61,era5_archive
1998-08-24,33.6,17.7,24.9,0.0,0.0,6.25,25.96,16.9,56,era5_archive
1998-08-25,33.7,18.2,25.2,0.0,0.0,6.36,26.6,17.1,55,era5_archive
1998-08-26,33.2,17.6,24.7,0.0,0.0,6.11,26.03,16.6,57,era5_archive
1998-08-27,34.5,18.9,25.9,0.0,0.0,6.29,25.1,21.9,61,era5_archive
1998-08-28,32.2,18.9,25.0,0.0,0.0,6.08,25.73,20.5,62,era5_archive
1998-08-29,35.3,19.3,26.5,0.0,0.0,6.04,24.99,15.8,63,era5_archive
1998-08-30,35.8,19.9,27.3,0.0,0.0,6.56,24.68,17.9,50,era5_archive
1998-08-31,35.7,20.2,27.3,0.0,0.0,7.21,25.31,21.6,40,era5_archive
1998-09-01,34.2,20.0,26.7,0.0,0.0,7.27,24.69,26.0,41,era5_archive
1998-09-02,33.4,18.3,25.5,0.0,0.0,6.95,25.16,24.1,44,era5_archive
1998-09-03,31.6,15.6,23.4,0.0,0.0,6.08,25.55,19.6,57,era5_archive
1998-09-04,29.6,16.4,22.3,0.0,0.0,5.56,24.39,24.0,66,era5_archive
1998-09-05,29.4,16.4,22.4,0.0,0.0,5.51,23.8,22.7,67,era5_archive
1998-09-06,30.9,17.0,23.3,0.0,0.0,5.55,24.28,19.8,62,era5_archive
1998-09-07,33.0,18.3,25.5,0.0,0.0,5.69,24.62,13.2,49,era5_archive
1998-09-08,35.1,19.2,27.2,0.0,0.0,5.82,24.67,12.6,32,era5_archive
1998-09-09,37.3,21.6,29.6,0.0,0.0,5.9,24.27,11.1,22,era5_archive
1998-09-10,38.1,23.6,30.0,0.0,0.0,7.53,23.64,20.9,22,era5_archive
1998-09-11,33.2,18.8,25.6,0.0,0.0,6.67,23.79,26.6,46,era5_archive
1998-09-12,33.9,18.4,26.0,0.0,0.0,6.42,23.8,16.7,44,era5_archive
1998-09-13,28.7,18.0,23.0,0.0,0.0,4.87,21.7,20.3,68,era5_archive
1998-09-14,31.5,17.2,24.1,0.0,0.0,5.19,23.24,16.6,63,era5_archive
1998-09-15,33.9,19.4,26.0,0.0,0.0,5.77,22.83,20.7,57,era5_archive
1998-09-16,34.6,20.0,26.9,0.0,0.0,5.86,22.83,17.7,44,era5_archive
1998-09-17,32.1,19.1,26.0,0.4,0.4,5.28,21.77,17.5,53,era5_archive
1998-09-18,31.0,18.0,23.9,0.0,0.0,5.3,21.18,19.3,61,era5_archive
1998-09-19,28.7,15.3,21.6,0.0,0.0,5.14,22.38,19.6,60,era5_archive
1998-09-20,27.0,14.3,20.2,0.0,0.0,5.02,22.92,21.4,62,era5_archive
1998-09-21,27.1,14.9,20.5,0.0,0.0,4.65,22.1,18.0,68,era5_archive
1998-09-22,25.1,14.7,19.4,0.0,0.0,4.23,19.33,23.0,70,era5_archive
1998-09-23,24.0,14.4,18.8,0.0,0.0,3.74,17.22,22.3,69,era5_archive
1998-09-24,25.1,13.7,18.9,0.0,0.0,3.94,18.59,18.8,70,era5_archive
1998-09-25,26.2,14.2,19.9,0.0,0.0,4.33,21.02,12.8,64,era5_archive
1998-09-26,29.2,14.1,22.1,0.0,0.0,4.55,21.23,9.4,50,era5_archive
1998-09-27,30.4,17.1,23.1,0.0,0.0,4.97,20.57,17.7,45,era5_archive
1998-09-28,31.3,16.4,23.6,0.0,0.0,4.71,19.98,15.8,58,era5_archive
1998-09-29,32.3,17.7,24.5,0.0,0.0,4.65,21.33,9.2,54,era5_archive
1998-09-30,31.2,18.7,24.0,0.0,0.0,5.11,20.27,19.5,55,era5_archive
1998-10-01,27.2,15.1,21.1,0.0,0.0,4.77,20.67,25.1,58,era5_archive
1998-10-02,29.1,13.3,21.4,0.0,0.0,4.4,20.88,8.9,55,era5_archive
1998-10-03,30.4,16.3,22.7,0.0,0.0,4.72,20.61,18.6,55,era5_archive
1998-10-04,28.6,15.0,21.2,0.0,0.0,4.52,19.82,18.5,65,era5_archive
1998-10-05,30.0,15.1,22.2,0.0,0.0,4.91,20.62,17.0,49,era5_archive
1998-10-06,28.1,14.5,21.2,0.0,0.0,4.48,20.21,17.2,56,era5_archive
1998-10-07,26.6,14.0,19.5,0.0,0.0,4.1,19.36,14.2,66,era5_archive
1998-10-08,29.1,14.1,21.2,0.0,0.0,4.28,19.56,15.5,62,era5_archive
1998-10-09,30.3,15.8,22.9,0.0,0.0,4.77,19.83,14.6,46,era5_archive
1998-10-10,30.0,16.2,22.7,0.0,0.0,6.35,20.37,16.9,19,era5_archive
1998-10-11,28.6,12.1,20.5,0.0,0.0,5.18,20.31,13.3,21,era5_archive
1998-10-12,29.4,14.5,21.7,0.0,0.0,6.78,20.03,24.7,23,era5_archive
1998-10-13,30.4,17.1,23.4,0.0,0.0,7.9,19.61,28.5,19,era5_archive
1998-10-14,31.8,17.3,24.7,0.0,0.0,5.89,19.2,18.5,19,era5_archive
1998-10-15,31.7,18.5,24.3,0.0,0.0,4.87,19.33,16.8,26,era5_archive
1998-10-16,24.3,13.5,18.4,0.0,0.0,3.62,16.46,22.3,67,era5_archive
1998-10-17,22.8,12.0,17.2,0.0,0.0,3.51,17.36,15.8,65,era5_archive
1998-10-18,23.7,11.6,17.7,0.0,0.0,3.52,16.87,16.5,60,era5_archive
1998-10-19,24.6,11.4,17.6,0.0,0.0,3.62,18.14,11.2,64,era5_archive
1998-10-20,26.7,12.6,19.4,0.0,0.0,4.37,18.3,15.9,47,era5_archive
1998-10-21,28.1,12.0,20.1,0.0,0.0,4.45,18.33,10.6,32,era5_archive
1998-10-22,28.1,12.2,20.6,0.0,0.0,3.77,18.27,8.7,41,era5_archive
1998-10-23,28.6,11.4,20.7,0.0,0.0,3.64,18.2,7.3,39,era5_archive
1998-10-24,29.4,12.5,20.7,0.0,0.0,4.59,17.96,18.3,30,era5_archive
1998-10-25,24.7,14.9,19.1,0.0,0.0,3.26,16.1,15.6,65,era5_archive
1998-10-26,23.9,13.8,17.8,0.0,0.0,3.23,15.85,14.2,70,era5_archive
1998-10-27,24.8,12.6,17.9,0.0,0.0,3.29,16.55,11.1,65,era5_archive
1998-10-28,26.1,13.1,19.1,0.0,0.0,3.57,16.75,13.0,62,era5_archive
1998-10-29,20.5,12.7,16.3,0.2,0.2,3.11,14.79,26.0,71,era5_archive
1998-10-30,21.2,10.5,15.2,0.0,0.0,2.98,16.46,11.6,65,era5_archive
1998-10-31,23.6,9.3,16.3,0.0,0.0,3.2,16.69,10.8,61,era5_archive
1998-11-01,22.6,10.5,16.0,0.0,0.0,3.14,16.03,15.9,69,era5_archive
1998-11-02,23.1,11.4,16.6,0.0,0.0,3.02,15.62,13.4,72,era5_archive
1998-11-03,24.2,11.1,17.3,0.0,0.0,3.19,16.22,8.7,57,era5_archive
1998-11-04,26.5,11.1,18.3,0.0,0.0,3.32,15.97,8.3,42,era5_archive
1998-11-05,27.0,12.8,19.3,0.0,0.0,4.2,16.06,12.1,31,era5_archive
1998-11-06,27.7,12.0,19.9,0.0,0.0,3.69,16.07,10.0,30,era5_archive
1998-11-07,28.2,15.9,21.7,0.0,0.0,3.04,15.83,6.2,31,era5_archive
1998-11-08,24.7,14.1,19.1,0.0,0.0,3.07,14.39,15.3,59,era5_archive
1998-11-09,21.6,12.0,15.9,0.0,0.0,2.59,13.84,10.3,66,era5_archive
1998-11-10,19.9,10.6,15.0,1.0,1.0,2.35,13.55,13.0,73,era5_archive
1998-11-11,19.1,10.8,14.4,0.0,0.0,2.15,11.61,11.4,77,era5_archive
1998-11-12,21.2,10.5,15.5,0.0,0.0,2.53,13.31,9.7,66,era5_archive
1998-11-13,23.3,11.7,16.5,0.0,0.0,3.7,14.93,25.2,51,era5_archive
1998-11-14,19.2,12.2,14.8,0.0,0.0,2.16,11.91,20.3,80,era5_archive
1998-11-15,19.5,6.9,13.5,0.0,0.0,2.68,14.42,15.6,67,era5_archive
1998-11-16,19.6,11.3,14.6,0.0,0.0,2.47,13.76,13.2,60,era5_archive
1998-11-17,21.7,8.4,15.0,0.0,0.0,3.2,14.59,14.9,55,era5_archive
1998-11-18,21.5,8.6,14.5,0.0,0.0,2.71,13.28,11.1,47,era5_archive
1998-11-19,20.0,10.5,14.5,0.0,0.0,2.17,11.92,16.0,80,era5_archive
1998-11-20,23.9,8.4,15.8,0.0,0.0,3.21,13.67,14.4,60,era5_archive
1998-11-21,23.8,12.6,17.5,0.0,0.0,3.49,12.06,15.9,41,era5_archive
1998-11-22,25.1,11.2,17.1,0.0,0.0,3.12,13.67,12.3,45,era5_archive
1998-11-23,24.7,10.9,17.0,0.0,0.0,2.96,14.13,10.4,43,era5_archive
1998-11-24,24.0,9.9,16.5,0.0,0.0,2.76,14.09,8.4,47,era5_archive
1998-11-25,24.0,12.0,16.7,0.0,0.0,2.54,12.91,9.1,57,era5_archive
1998-11-26,22.4,9.8,16.4,0.0,0.0,2.75,11.25,11.7,43,era5_archive
1998-11-27,23.5,11.3,17.2,0.0,0.0,3.67,13.58,19.6,43,era5_archive
1998-11-28,23.0,12.3,17.0,0.0,0.0,2.12,10.55,6.6,59,era5_archive
1998-11-29,24.2,13.6,17.7,0.0,0.0,3.31,13.25,18.6,47,era5_archive
1998-11-30,17.5,10.4,13.6,0.2,0.2,2.15,11.48,18.7,75,era5_archive
1998-12-01,18.2,8.9,12.8,0.0,0.0,2.17,12.74,9.7,72,era5_archive
1998-12-02,18.8,7.4,12.7,0.0,0.0,2.25,12.25,10.6,63,era5_archive
1998-12-03,17.4,7.7,12.4,0.0,0.0,1.99,10.84,11.2,57,era5_archive
1998-12-04,18.4,6.7,12.1,0.0,0.0,2.25,13.16,10.0,64,era5_archive
1998-12-05,19.3,6.0,12.5,0.0,0.0,2.95,12.44,23.0,54,era5_archive
1998-12-06,21.7,10.0,15.1,0.0,0.0,3.53,12.05,19.7,40,era5_archive
1998-12-07,21.7,12.2,16.0,0.0,0.0,2.83,8.73,18.7,43,era5_archive
1998-12-08,23.0,12.2,16.6,0.0,0.0,2.93,11.45,12.4,43,era5_archive
1998-12-09,23.5,10.7,16.9,0.0,0.0,2.52,10.57,16.1,50,era5_archive
1998-12-10,14.4,8.4,11.8,2.3,2.3,0.74,3.75,22.9,90,era5_archive
1998-12-11,14.3,5.2,9.0,0.0,0.0,1.83,12.68,11.5,72,era5_archive
1998-12-12,15.4,4.1,9.2,0.0,0.0,1.93,11.64,15.5,62,era5_archive
1998-12-13,17.1,6.5,11.1,0.0,0.0,1.63,9.55,8.5,57,era5_archive
1998-12-14,17.9,6.2,11.4,0.0,0.0,2.73,11.56,14.9,43,era5_archive
1998-12-15,14.4,5.1,10.1,0.0,0.0,1.62,10.02,18.4,65,era5_archive
1998-12-16,14.8,2.4,8.5,0.1,0.1,1.79,10.31,11.4,62,era5_archive
1998-12-17,13.6,3.3,8.4,0.0,0.0,1.89,12.12,17.5,66,era5_archive
1998-12-18,13.9,3.5,8.4,0.0,0.0,1.41,8.95,9.4,68,era5_archive
1998-12-19,15.6,2.5,8.6,0.0,0.0,2.44,12.76,22.9,62,era5_archive
1998-12-20,13.9,6.0,9.3,0.0,0.0,1.65,10.45,19.8,72,era5_archive
1998-12-21,13.7,5.9,9.1,0.0,0.0,1.57,10.66,9.4,78,era5_archive
1998-12-22,15.5,3.1,9.1,0.0,0.0,2.57,12.52,22.2,63,era5_archive
1998-12-23,14.4,5.4,9.6,0.0,0.0,2.71,12.51,25.7,53,era5_archive
1998-12-24,14.5,5.5,9.3,0.0,0.0,1.92,10.04,14.3,59,era5_archive
1998-12-25,11.9,5.7,8.3,0.0,0.0,1.46,7.96,21.2,74,era5_archive
1998-12-26,12.0,6.2,8.6,0.0,0.0,1.04,6.76,12.5,83,era5_archive
1998-12-27,14.5,5.4,9.3,0.0,0.0,1.84,10.74,11.2,72,era5_archive
1998-12-28,12.9,5.7,9.5,0.0,0.0,2.08,5.03,25.3,53,era5_archive
1998-12-29,13.8,4.7,9.8,0.0,0.0,2.11,11.06,24.0,63,era5_archive
1998-12-30,12.9,6.1,9.3,0.0,0.0,1.05,6.58,5.6,77,era5_archive
1998-12-31,12.4,4.4,8.5,0.4,0.4,1.03,6.63,17.9,85,era5_archive
1999-01-01,15.2,6.2,10.4,0.0,0.0,1.48,9.86,8.9,78,era5_archive
1999-01-02,14.3,2.9,7.9,0.0,0.0,1.87,12.39,12.6,72,era5_archive
1999-01-03,14.7,1.7,7.8,0.0,0.0,2.41,13.33,20.2,61,era5_archive
1999-01-04,15.9,4.1,9.3,0.0,0.0,2.95,13.14,22.3,46,era5_archive
1999-01-05,17.0,3.8,9.9,0.0,0.0,2.4,12.83,10.2,50,era5_archive
1999-01-06,15.8,5.7,10.0,1.9,1.9,2.01,12.27,11.3,67,era5_archive
1999-01-07,13.0,5.0,8.7,1.3,1.3,1.56,10.38,8.4,75,era5_archive
1999-01-08,12.6,4.2,7.7,0.1,0.1,1.53,10.35,11.2,77,era5_archive
1999-01-09,11.1,3.4,7.4,0.2,0.2,1.09,7.19,20.8,86,era5_archive
1999-01-10,14.7,4.9,9.5,0.0,0.0,1.94,13.29,10.6,74,era5_archive
1999-01-11,16.2,2.2,8.4,0.0,0.0,2.33,13.78,15.1,64,era5_archive
1999-01-12,16.3,2.0,8.7,0.0,0.0,2.49,14.0,14.2,60,era5_archive
1999-01-13,16.3,4.2,10.0,0.0,0.0,2.33,14.0,14.7,55,era5_archive
1999-01-14,16.5,2.7,10.0,0.0,0.0,1.92,11.5,14.7,64,era5_archive
1999-01-15,13.5,6.9,9.8,1.2,1.2,1.52,10.01,13.5,76,era5_archive
1999-01-16,14.2,4.6,9.3,0.0,0.0,1.68,11.04,8.3,78,era5_archive
1999-01-17,10.1,5.5,8.0,7.1,7.1,0.94,6.64,17.6,84,era5_archive
1999-01-18,11.6,7.1,8.6,5.7,5.7,0.91,6.79,17.6,89,era5_archive
1999-01-19,9.3,5.3,7.3,11.6,11.6,1.07,7.85,23.1,84,era5_archive
1999-01-20,9.6,2.6,5.9,5.2,5.2,1.06,8.76,24.5,87,era5_archive
1999-01-21,11.3,1.3,5.6,0.0,0.0,1.79,14.52,9.4,76,era5_archive
1999-01-22,13.2,2.5,7.0,0.0,0.0,2.21,13.4,25.0,68,era5_archive
1999-01-23,12.9,1.9,7.7,0.0,0.0,1.96,12.56,18.5,68,era5_archive
1999-01-24,12.6,4.5,8.5,2.2,2.2,1.7,11.91,13.0,79,era5_archive
1999-01-25,13.7,3.6,8.7,0.0,0.0,1.96,14.17,5.4,75,era5_archive
1999-01-26,14.0,3.0,8.6,0.0,0.0,2.52,13.11,28.6,65,era5_archive
1999-01-27,11.4,4.9,8.2,10.6,10.6,1.66,11.7,21.8,77,era5_archive
1999-01-28,11.5,5.3,7.8,1.3,1.3,1.44,11.24,12.0,86,era5_archive
1999-01-29,15.0,2.5,8.1,0.0,0.0,2.36,15.66,26.5,72,era5_archive
1999-01-30,14.3,0.9,7.9,0.0,0.0,2.15,15.5,8.9,75,era5_archive
1999-01-31,17.2,1.8,8.9,0.0,0.0,2.72,16.18,12.8,56,era5_archive
1999-02-01,18.6,5.0,11.3,0.0,0.0,2.6,15.81,14.9,63,era5_archive
1999-02-02,18.7,5.2,12.0,0.0,0.0,2.34,13.67,9.3,68,era5_archive
1999-02-03,15.6,6.0,10.5,0.0,0.0,2.3,14.48,23.2,76,era5_archive
1999-02-04,14.9,3.9,8.6,0.0,0.0,2.31,15.24,14.0,75,era5_archive
1999-02-05,10.9,3.2,6.1,12.0,12.0,1.31,11.18,27.8,89,era5_archive
1999-02-06,12.2,2.9,7.6,0.4,0.4,1.69,11.0,15.0,78,era5_archive
1999-02-07,10.8,6.3,8.9,4.3,4.3,1.36,4.06,27.2,76,era5_archive
1999-02-08,10.9,4.1,7.3,0.0,0.0,1.2,8.94,23.8,84,era5_archive
1999-02-09,14.3,4.0,8.7,0.0,0.0,2.22,15.78,16.8,79,era5_archive
1999-02-10,15.3,2.2,8.5,0.0,0.0,2.41,15.48,12.2,73,era5_archive
1999-02-11,16.9,4.5,10.1,0.0,0.0,2.92,17.22,24.7,62,era5_archive
1999-02-12,17.5,6.0,11.5,0.0,0.0,2.81,17.2,16.1,70,era5_archive
1999-02-13,16.3,6.7,10.2,0.0,0.0,2.59,16.69,13.2,74,era5_archive
1999-02-14,16.3,3.8,9.9,0.0,0.0,2.81,18.06,10.8,64,era5_archive
1999-02-15,15.8,4.4,9.5,0.0,0.0,2.77,18.36,13.8,67,era5_archive
1999-02-16,17.1,2.2,9.4,0.0,0.0,2.77,17.8,10.2,66,era5_archive
1999-02-17,19.5,4.5,12.3,0.6,0.6,3.32,10.23,27.9,50,era5_archive
1999-02-18,15.1,7.4,11.6,0.0,0.0,2.66,15.7,30.2,72,era5_archive
1999-02-19,15.0,4.7,9.1,3.4,3.4,2.28,14.82,28.4,80,era5_archive
1999-02-20,7.9,2.8,5.7,4.5,4.5,1.84,13.88,33.6,74,era5_archive
1999-02-21,11.1,0.6,5.7,0.0,0.0,2.46,19.14,12.5,66,era5_archive
1999-02-22,13.5,0.3,6.4,0.0,0.0,2.82,19.44,20.3,60,era5_archive
1999-02-23,14.9,3.1,8.8,0.0,0.0,2.69,16.87,16.2,54,era5_archive
1999-02-24,16.1,4.7,9.9,0.0,0.0,2.91,19.27,10.0,66,era5_archive
1999-02-25,13.8,4.9,8.7,0.1,0.1,1.82,11.92,14.4,80,era5_archive
1999-02-26,15.5,4.6,9.1,0.0,0.0,2.41,15.68,12.2,79,era5_archive
1999-02-27,14.0,2.8,8.1,0.0,0.0,2.56,17.93,15.0,76,era5_archive
1999-02-28,17.1,3.4,9.7,2.7,2.7,2.52,15.6,13.1,73,era5_archive
1999-03-01,16.7,4.6,10.0,0.0,0.0,3.24,20.46,21.4,67,era5_archive
1999-03-02,15.6,4.4,9.2,0.0,0.0,2.59,18.23,25.8,79,era5_archive
1999-03-03,12.9,6.0,9.0,0.9,0.9,1.83,12.51,26.8,83,era5_archive
1999-03-04,16.9,7.1,10.8,0.0,0.0,2.9,18.82,13.4,74,era5_archive
1999-03-05,19.6,4.6,12.2,0.0,0.0,3.64,20.68,15.0,59,era5_archive
1999-03-06,20.4,4.8,12.8,0.0,0.0,4.21,21.08,17.0,46,era5_archive
1999-03-07,21.6,7.1,14.0,0.0,0.0,4.94,21.46,23.5,34,era5_archive
1999-03-08,22.0,8.1,14.5,0.0,0.0,5.37,21.78,25.0,28,era5_archive
1999-03-09,19.2,7.8,13.1,0.0,0.0,4.1,21.51,23.8,47,era5_archive
1999-03-10,15.1,6.4,10.0,0.0,0.0,2.99,18.98,28.4,71,era5_archive
1999-03-11,16.5,3.7,9.8,0.0,0.0,3.42,22.37,6.9,59,era5_archive
1999-03-12,18.7,2.8,11.2,0.0,0.0,3.91,22.63,13.5,37,era5_archive
1999-03-13,19.0,5.3,12.0,0.0,0.0,3.91,22.59,16.3,44,era5_archive
1999-03-14,16.5,4.4,10.2,0.0,0.0,3.29,20.77,19.6,68,era5_archive
1999-03-15,14.5,4.8,9.5,0.0,0.0,2.45,15.31,29.6,78,era5_archive
1999-03-16,15.1,6.6,10.2,0.0,0.0,3.18,19.89,19.5,67,era5_archive
1999-03-17,17.0,4.8,10.6,0.0,0.0,3.47,22.67,6.9,61,era5_archive
1999-03-18,22.5,6.8,14.8,0.0,0.0,6.21,23.11,29.7,31,era5_archive
1999-03-19,24.9,11.6,17.1,0.0,0.0,6.41,21.91,29.0,32,era5_archive
1999-03-20,16.3,7.8,11.6,4.1,4.1,2.62,17.13,28.9,65,era5_archive
1999-03-21,15.0,5.1,9.8,0.0,0.0,3.19,19.04,32.4,67,era5_archive
1999-03-22,13.1,6.8,9.1,2.3,2.3,2.04,14.92,20.2,81,era5_archive
1999-03-23,13.9,5.0,9.2,0.8,0.8,2.32,15.3,15.0,79,era5_archive
1999-03-24,17.5,4.9,10.7,0.0,0.0,3.61,23.26,7.9,69,era5_archive
1999-03-25,17.0,7.0,10.8,2.8,2.8,3.17,19.85,26.3,65,era5_archive
1999-03-26,15.3,7.2,10.5,0.4,0.4,2.6,17.03,31.9,80,era5_archive
1999-03-27,17.3,4.8,11.0,0.0,0.0,3.7,23.96,13.2,69,era5_archive
1999-03-28,20.1,5.3,12.8,0.3,0.3,3.32,14.18,15.5,55,era5_archive
1999-03-29,24.9,12.3,18.3,0.0,0.0,4.67,22.5,10.9,36,era5_archive
1999-03-30,25.9,12.6,18.9,0.0,0.0,4.48,22.36,9.4,48,era5_archive
1999-03-31,20.4,10.4,14.9,0.0,0.0,4.5,23.92,19.3,56,era5_archive
1999-04-01,15.2,5.5,10.1,2.2,2.2,2.74,18.2,27.3,70,era5_archive
1999-04-02,15.2,5.6,9.7,0.0,0.0,2.85,19.0,17.6,77,era5_archive
1999-04-03,17.5,4.7,10.9,0.0,0.0,3.88,23.53,17.3,66,era5_archive
1999-04-04,18.8,6.3,12.3,0.0,0.0,4.37,25.73,16.5,54,era5_archive
1999-04-05,22.5,7.0,15.0,0.0,0.0,4.7,24.75,11.0,41,era5_archive
1999-04-06,21.5,9.1,14.2,1.9,1.9,4.41,21.74,19.4,51,era5_archive
1999-04-07,15.5,6.6,10.1,5.6,5.6,2.6,18.76,23.9,82,era5_archive
1999-04-08,14.6,5.7,10.0,0.1,0.1,2.44,14.81,29.3,78,era5_archive
1999-04-09,17.4,7.9,12.3,0.0,0.0,3.26,20.08,23.9,74,era5_archive
1999-04-10,21.7,5.8,13.5,0.0,0.0,4.57,26.36,8.5,60,era5_archive
1999-04-11,26.2,7.2,17.0,0.0,0.0,5.29,25.82,12.0,47,era5_archive
1999-04-12,20.6,9.6,15.1,0.0,0.0,4.74,25.32,30.2,58,era5_archive
1999-04-13,17.2,9.1,12.2,0.0,0.0,3.26,18.55,27.8,72,era5_archive
1999-04-14,19.9,8.6,13.8,0.0,0.0,4.28,25.07,18.2,63,era5_archive
1999-04-15,24.9,7.7,16.1,0.0,0.0,6.0,26.98,31.3,47,era5_archive
1999-04-16,23.3,8.4,15.4,0.0,0.0,5.29,27.42,14.7,47,era5_archive
1999-04-17,26.6,8.9,18.3,0.0,0.0,5.38,27.02,12.8,48,era5_archive
1999-04-18,29.8,11.7,21.5,0.0,0.0,5.63,26.83,13.8,40,era5_archive
1999-04-19,29.1,16.5,22.7,0.0,0.0,4.92,18.27,19.0,33,era5_archive
1999-04-20,24.0,11.9,18.1,0.0,0.0,5.63,23.71,25.1,44,era5_archive
1999-04-21,21.6,7.7,14.2,0.0,0.0,5.18,27.4,22.3,55,era5_archive
1999-04-22,20.7,7.1,13.4,0.0,0.0,4.66,26.8,22.4,65,era5_archive
1999-04-23,25.0,7.7,16.6,0.0,0.0,5.09,27.51,9.0,52,era5_archive
1999-04-24,28.5,11.2,20.4,0.0,0.0,5.52,23.67,14.3,35,era5_archive
1999-04-25,29.7,12.4,21.0,0.0,0.0,6.22,26.98,20.7,45,era5_archive
1999-04-26,31.5,14.9,22.7,0.0,0.0,6.61,24.46,23.0,43,era5_archive
1999-04-27,29.1,14.5,21.7,1.1,1.1,5.7,22.66,19.4,48,era5_archive
1999-04-28,26.3,11.6,19.0,0.0,0.0,6.42,27.71,21.3,40,era5_archive
1999-04-29,25.2,10.1,17.1,0.0,0.0,6.02,28.72,21.2,46,era5_archive
1999-04-30,26.9,10.0,18.4,0.0,0.0,5.84,28.61,15.3,53,era5_archive
1999-05-01,30.9,13.0,22.5,0.0,0.0,6.2,28.47,14.3,39,era5_archive
1999-05-02,32.3,15.3,24.0,0.0,0.0,7.28,28.29,21.3,29,era5_archive
1999-05-03,31.5,14.9,23.2,0.0,0.0,7.23,28.32,26.1,30,era5_archive
1999-05-04,30.1,14.3,22.2,0.0,0.0,6.8,28.52,18.5,35,era5_archive
1999-05-05,33.1,15.5,24.9,0.0,0.0,6.79,28.34,16.9,31,era5_archive
1999-05-06,32.0,17.3,24.6,0.6,0.6,6.98,27.27,23.2,30,era5_archive
1999-05-07,28.7,14.3,21.1,0.0,0.0,7.05,28.56,26.6,43,era5_archive
1999-05-08,25.3,11.8,17.8,0.0,0.0,5.54,27.45,24.8,63,era5_archive
1999-05-09,22.3,10.7,16.0,0.0,0.0,5.0,26.31,24.7,66,era5_archive
1999-05-10,24.3,10.9,17.0,0.0,0.0,5.26,27.37,17.7,63,era5_archive
1999-05-11,28.3,10.8,19.8,0.0,0.0,6.04,28.87,14.0,52,era5_archive
1999-05-12,24.4,13.8,18.2,0.0,0.0,5.52,26.82,26.5,61,era5_archive
1999-05-13,24.1,11.3,17.0,0.0,0.0,5.46,27.71,27.8,64,era5_archive
1999-05-14,26.5,11.3,18.5,0.0,0.0,6.09,29.07,18.7,55,era5_archive
1999-05-15,29.2,12.6,20.5,0.0,0.0,6.58,29.56,18.6,41,era5_archive
1999-05-16,29.2,13.0,20.7,0.0,0.0,6.5,29.37,18.6,49,era5_archive
1999-05-17,29.1,12.5,20.4,0.0,0.0,6.72,29.34,26.8,54,era5_archive
1999-05-18,29.7,12.8,21.0,0.0,0.0,6.3,29.27,20.2,54,era5_archive
1999-05-19,31.7,15.1,23.4,0.0,0.0,7.02,28.72,23.6,48,era5_archive
1999-05-20,30.6,15.5,22.9,0.0,0.0,6.59,29.04,17.6,48,era5_archive
1999-05-21,30.9,14.3,23.2,0.0,0.0,6.76,30.11,13.6,25,era5_archive
1999-05-22,33.3,14.8,25.2,0.0,0.0,7.15,29.71,14.2,18,era5_archive
1999-05-23,35.7,17.0,27.6,0.0,0.0,7.21,28.54,8.2,16,era5_archive
1999-05-24,36.3,19.6,28.6,0.1,0.1,8.28,28.05,14.9,18,era5_archive
1999-05-25,30.8,16.7,24.1,0.0,0.0,7.48,29.26,24.8,39,era5_archive
1999-05-26,27.0,14.4,20.6,0.0,0.0,6.48,28.75,23.2,46,era5_archive
1999-05-27,29.4,12.9,21.3,0.0,0.0,6.01,28.97,9.4,46,era5_archive
1999-05-28,32.4,15.8,24.2,0.0,0.0,6.04,24.9,13.8,47,era5_archive
1999-05-29,27.6,15.3,21.0,0.0,0.0,6.39,28.41,23.7,56,era5_archive
1999-05-30,27.2,12.0,19.5,0.0,0.0,6.09,29.08,18.4,58,era5_archive
1999-05-31,30.2,13.3,21.4,0.0,0.0,6.74,29.92,20.6,50,era5_archive
1999-06-01,28.9,13.0,21.0,0.0,0.0,6.85,29.58,23.0,51,era5_archive
1999-06-02,29.9,12.6,21.2,0.0,0.0,6.71,30.0,20.0,50,era5_archive
1999-06-03,28.7,13.4,21.0,0.0,0.0,6.97,29.57,24.6,51,era5_archive
1999-06-04,27.3,13.6,20.4,0.0,0.0,6.07,28.65,23.1,62,era5_archive
1999-06-05,29.5,13.9,21.6,0.0,0.0,6.57,29.3,21.7,58,era5_archive
1999-06-06,32.4,16.6,24.2,0.0,0.0,7.19,29.78,21.1,43,era5_archive
1999-06-07,31.2,17.6,24.0,0.0,0.0,7.44,29.79,24.2,43,era5_archive
1999-06-08,29.7,15.1,22.4,0.0,0.0,6.6,29.84,18.0,55,era5_archive
1999-06-09,29.0,14.2,21.5,0.0,0.0,6.28,28.78,23.6,61,era5_archive
1999-06-10,28.3,15.4,21.7,0.0,0.0,6.5,29.49,21.9,56,era5_archive
1999-06-11,26.0,14.9,20.7,0.0,0.0,5.19,24.29,21.1,63,era5_archive
1999-06-12,26.1,13.4,20.1,0.0,0.0,5.29,24.22,23.9,67,era5_archive
1999-06-13,28.6,13.9,21.5,0.0,0.0,6.19,28.49,21.9,63,era5_archive
1999-06-14,30.5,17.2,23.6,0.0,0.0,6.32,26.91,17.4,54,era5_archive
1999-06-15,29.7,16.3,22.5,0.0,0.0,6.35,28.82,22.4,64,era5_archive
1999-06-16,31.0,16.0,23.3,0.0,0.0,6.72,28.82,23.4,59,era5_archive
1999-06-17,32.2,17.0,24.1,0.0,0.0,6.79,28.07,22.6,59,era5_archive
1999-06-18,33.0,17.1,24.9,0.0,0.0,7.29,29.29,24.2,55,era5_archive
1999-06-19,33.8,18.9,25.8,0.0,0.0,7.95,30.16,24.0,44,era5_archive
1999-06-20,31.2,14.8,22.8,0.0,0.0,7.27,30.46,22.6,51,era5_archive
1999-06-21,31.2,14.5,22.6,0.0,0.0,6.57,29.0,20.1,60,era5_archive
1999-06-22,32.8,16.5,24.2,0.0,0.0,7.35,29.79,25.4,56,era5_archive
1999-06-23,31.3,16.2,23.5,0.0,0.0,7.21,29.88,26.1,56,era5_archive
1999-06-24,26.5,16.0,20.4,0.0,0.0,5.97,28.13,29.4,65,era5_archive
1999-06-25,26.9,15.5,20.5,0.0,0.0,5.96,27.42,22.4,62,era5_archive
1999-06-26,26.9,15.1,20.8,0.0,0.0,5.35,24.07,23.1,66,era5_archive
1999-06-27,27.9,14.3,21.0,0.0,0.0,6.02,27.95,22.9,64,era5_archive
1999-06-28,27.9,14.7,21.3,0.0,0.0,6.05,27.91,23.8,66,era5_archive
1999-06-29,31.5,16.0,23.3,0.0,0.0,6.6,28.97,20.6,59,era5_archive
1999-06-30,32.0,17.3,24.2,0.0,0.0,7.1,29.37,21.7,54,era5_archive
1999-07-01,32.6,16.3,24.2,0.0,0.0,7.15,29.8,18.9,50,era5_archive
1999-07-02,31.3,15.6,23.2,0.0,0.0,7.03,29.57,22.7,55,era5_archive
1999-07-03,30.9,15.1,22.6,0.0,0.0,6.81,29.3,22.5,58,era5_archive
1999-07-04,30.7,14.7,22.4,0.0,0.0,6.73,29.45,20.5,57,era5_archive
1999-07-05,32.1,15.4,23.2,0.0,0.0,6.66,28.9,21.5,60,era5_archive
1999-07-06,31.7,16.9,23.9,0.0,0.0,6.99,28.81,25.3,61,era5_archive
1999-07-07,31.7,16.3,23.7,0.0,0.0,6.71,28.67,21.9,61,era5_archive
1999-07-08,33.2,16.9,24.9,0.0,0.0,7.02,28.95,18.3,55,era5_archive
1999-07-09,35.5,18.9,26.9,0.0,0.0,7.56,29.11,21.6,47,era5_archive
1999-07-10,35.9,19.2,27.4,0.0,0.0,7.82,29.14,23.3,47,era5_archive
1999-07-11,34.9,18.6,26.6,0.0,0.0,7.68,29.3,21.5,46,era5_archive
1999-07-12,33.7,18.1,25.6,0.0,0.0,7.39,28.78,25.9,50,era5_archive
1999-07-13,32.8,19.3,25.4,0.0,0.0,6.58,26.92,29.6,67,era5_archive
1999-07-14,31.6,20.2,25.3,0.0,0.0,6.27,25.06,28.8,66,era5_archive
1999-07-15,32.9,18.5,25.5,0.0,0.0,7.05,28.02,23.1,58,era5_archive
1999-07-16,32.8,18.8,25.7,0.0,0.0,6.71,27.48,22.0,50,era5_archive
1999-07-17,34.3,20.0,27.1,0.4,0.4,7.05,27.19,21.3,45,era5_archive
1999-07-18,33.4,18.1,26.0,0.0,0.0,7.24,29.01,20.7,52,era5_archive
1999-07-19,30.7,15.9,23.3,0.0,0.0,6.81,28.55,29.3,61,era5_archive
1999-07-20,30.5,17.6,23.2,0.0,0.0,6.13,26.01,29.2,68,era5_archive
1999-07-21,31.4,18.0,24.0,0.0,0.0,6.42,26.54,27.6,65,era5_archive
1999-07-22,31.8,17.8,24.2,0.0,0.0,6.72,27.81,24.9,62,era5_archive
1999-07-23,32.2,16.3,24.2,0.0,0.0,7.15,29.1,21.6,55,era5_archive
1999-07-24,33.0,17.7,24.9,0.0,0.0,7.32,29.19,21.7,47,era5_archive
1999-07-25,32.5,16.5,24.1,0.0,0.0,7.46,29.25,26.1,49,era5_archive
1999-07-26,30.9,15.5,23.0,0.0,0.0,6.47,27.51,26.9,63,era5_archive
1999-07-27,31.5,17.5,23.8,0.0,0.0,6.38,26.67,25.9,65,era5_archive
1999-07-28,30.2,18.2,23.4,0.0,0.0,6.01,25.78,25.0,68,era5_archive
1999-07-29,29.4,16.0,22.5,0.0,0.0,6.16,27.18,23.9,65,era5_archive
1999-07-30,29.2,16.7,22.6,0.0,0.0,5.68,24.74,22.5,67,era5_archive
1999-07-31,32.0,18.1,24.1,0.0,0.0,6.1,26.29,22.6,68,era5_archive
1999-08-01,31.5,16.4,23.5,0.0,0.0,6.48,28.05,21.6,62,era5_archive
1999-08-02,31.8,15.8,23.2,0.0,0.0,6.5,27.94,21.1,62,era5_archive
1999-08-03,31.9,15.9,23.4,0.0,0.0,6.53,27.81,20.6,61,era5_archive
1999-08-04,32.3,17.0,23.9,0.0,0.0,6.48,27.73,21.8,63,era5_archive
1999-08-05,32.4,17.2,24.3,0.0,0.0,6.43,27.51,20.3,64,era5_archive
1999-08-06,32.3,16.6,24.0,0.0,0.0,6.43,27.14,21.5,61,era5_archive
1999-08-07,32.7,17.0,24.4,0.0,0.0,6.4,27.68,18.3,63,era5_archive
1999-08-08,33.3,17.3,25.2,0.0,0.0,6.83,27.59,22.9,62,era5_archive
1999-08-09,33.0,17.7,25.3,0.0,0.0,6.81,27.12,21.8,58,era5_archive
1999-08-10,34.3,19.9,26.7,0.0,0.0,6.41,24.42,18.4,48,era5_archive
1999-08-11,36.2,22.2,28.1,0.0,0.0,7.24,26.62,22.4,42,era5_archive
1999-08-12,32.9,19.7,25.8,0.0,0.0,6.61,26.88,19.9,55,era5_archive
1999-08-13,33.3,17.8,25.1,0.0,0.0,6.75,27.24,25.4,55,era5_archive
1999-08-14,35.8,19.6,26.9,0.0,0.0,6.77,26.65,21.7,59,era5_archive
1999-08-15,35.8,20.1,27.3,0.0,0.0,7.21,27.23,23.9,54,era5_archive
1999-08-16,33.0,19.5,25.6,0.0,0.0,6.6,26.85,20.8,61,era5_archive
1999-08-17,33.4,18.8,25.8,0.0,0.0,6.39,27.22,14.2,51,era5_archive
1999-08-18,38.4,19.7,28.6,0.0,0.0,6.42,25.6,19.7,48,era5_archive
1999-08-19,34.0,20.3,26.8,0.0,0.0,5.96,24.75,18.5,64,era5_archive
1999-08-20,35.7,20.4,27.5,0.0,0.0,6.53,25.91,15.8,59,era5_archive
1999-08-21,36.4,20.9,28.4,0.0,0.0,6.75,26.0,18.2,46,era5_archive
1999-08-22,35.5,20.8,27.7,0.0,0.0,6.68,25.84,20.1,53,era5_archive
1999-08-23,34.6,20.9,27.0,0.0,0.0,6.53,26.27,21.1,61,era5_archive
1999-08-24,34.5,20.6,26.7,0.0,0.0,6.72,25.6,22.0,60,era5_archive
1999-08-25,31.1,18.7,24.3,0.0,0.0,6.08,25.87,22.6,66,era5_archive
1999-08-26,31.2,18.3,24.0,0.0,0.0,5.77,25.11,17.9,65,era5_archive
1999-08-27,30.9,17.5,23.6,0.0,0.0,5.7,24.67,21.9,67,era5_archive
1999-08-28,30.4,16.1,23.1,0.0,0.0,5.76,25.56,19.5,66,era5_archive
1999-08-29,30.5,17.0,23.3,0.0,0.0,5.84,25.33,18.9,60,era5_archive
1999-08-30,31.0,16.9,23.2,0.0,0.0,5.88,25.65,18.3,58,era5_archive
1999-08-31,30.8,16.6,23.0,0.0,0.0,5.55,24.77,17.5,66,era5_archive
1999-09-01,30.7,16.6,22.9,0.0,0.0,5.58,24.65,18.0,65,era5_archive
1999-09-02,30.4,16.2,22.6,0.0,0.0,5.62,24.77,17.3,64,era5_archive
1999-09-03,30.7,16.2,22.8,0.0,0.0,5.61,24.86,19.3,66,era5_archive
1999-09-04,30.9,17.0,22.8,0.0,0.0,5.63,24.34,19.6,65,era5_archive
1999-09-05,30.3,16.0,22.2,0.0,0.0,5.61,24.68,19.9,65,era5_archive
1999-09-06,29.6,16.8,22.3,0.0,0.0,5.17,22.73,22.1,68,era5_archive
1999-09-07,29.2,16.6,22.1,0.0,0.0,5.01,22.12,20.1,68,era5_archive
1999-09-08,29.4,16.6,22.4,0.0,0.0,5.07,23.59,16.1,67,era5_archive
1999-09-09,31.1,18.1,23.4,0.0,0.0,5.42,23.73,18.5,66,era5_archive
1999-09-10,30.1,17.0,22.5,0.0,0.0,5.66,23.64,26.0,65,era5_archive
1999-09-11,29.0,17.2,22.3,0.0,0.0,5.13,22.18,25.5,69,era5_archive
1999-09-12,28.3,16.7,21.9,0.0,0.0,5.01,22.18,23.0,69,era5_archive
1999-09-13,27.9,15.8,21.4,0.0,0.0,4.78,21.91,18.4,71,era5_archive
1999-09-14,29.0,15.2,21.5,0.0,0.0,5.38,22.77,23.5,65,era5_archive
1999-09-15,29.4,16.1,22.7,0.3,0.3,5.06,21.66,23.6,61,era5_archive
1999-09-16,28.9,18.6,23.3,0.0,0.0,5.38,23.06,19.5,50,era5_archive
1999-09-17,30.2,15.9,22.7,0.0,0.0,4.93,22.36,13.6,58,era5_archive
1999-09-18,31.4,16.6,23.7,0.0,0.0,5.4,22.15,19.8,57,era5_archive
1999-09-19,30.7,16.3,22.8,0.0,0.0,5.49,22.87,19.0,53,era5_archive
1999-09-20,31.1,17.3,23.6,0.0,0.0,5.52,22.3,20.0,47,era5_archive
1999-09-21,29.2,16.8,22.8,0.0,0.0,5.02,22.15,18.4,56,era5_archive
1999-09-22,29.7,16.1,22.5,0.0,0.0,4.5,20.05,16.7,64,era5_archive
1999-09-23,32.3,18.0,24.9,0.0,0.0,5.16,22.16,10.4,51,era5_archive
1999-09-24,31.4,18.3,24.0,0.0,0.0,5.39,21.81,18.7,52,era5_archive
1999-09-25,28.7,15.7,21.4,0.0,0.0,4.97,21.78,22.4,63,era5_archive
1999-09-26,29.9,16.1,22.2,0.0,0.0,4.73,21.16,16.9,65,era5_archive
1999-09-27,31.9,16.9,24.4,0.0,0.0,4.17,21.64,4.0,50,era5_archive
1999-09-28,32.9,17.0,25.0,0.0,0.0,6.5,21.94,14.3,22,era5_archive
1999-09-29,33.6,16.9,25.3,0.0,0.0,6.97,21.81,17.8,18,era5_archive
1999-09-30,35.0,20.3,27.2,0.0,0.0,7.59,21.58,20.7,16,era5_archive
1999-10-01,32.4,18.5,25.2,0.0,0.0,5.05,21.17,13.3,45,era5_archive
1999-10-02,30.7,18.7,23.8,0.0,0.0,4.88,20.0,18.6,62,era5_archive
1999-10-03,27.8,14.8,20.6,0.0,0.0,4.44,20.23,18.9,67,era5_archive
1999-10-04,28.4,15.9,21.3,0.0,0.0,4.2,20.12,10.0,65,era5_archive
1999-10-05,29.9,16.0,22.4,0.0,0.0,4.32,19.13,13.4,65,era5_archive
1999-10-06,28.6,15.0,21.2,0.0,0.0,4.13,18.64,15.9,67,era5_archive
1999-10-07,27.8,14.8,20.6,0.0,0.0,4.14,19.31,15.2,69,era5_archive
1999-10-08,26.2,15.0,20.1,0.0,0.0,3.95,18.98,16.9,71,era5_archive
1999-10-09,24.8,14.8,19.5,0.6,0.6,3.76,18.14,20.5,73,era5_archive
1999-10-10,24.3,14.4,18.9,0.0,0.0,3.55,16.87,15.5,72,era5_archive
1999-10-11,23.1,14.4,18.4,0.0,0.0,3.1,15.71,17.8,76,era5_archive
1999-10-12,24.0,12.7,18.1,0.0,0.0,3.81,18.69,15.5,68,era5_archive
1999-10-13,26.1,12.2,19.2,0.0,0.0,4.39,19.29,11.9,52,era5_archive
1999-10-14,27.6,12.4,20.1,0.0,0.0,4.57,19.01,15.0,34,era5_archive
1999-10-15,24.6,12.7,18.1,0.0,0.0,3.71,18.03,18.3,68,era5_archive
1999-10-16,23.9,12.3,17.6,0.0,0.0,3.48,18.14,13.8,72,era5_archive
1999-10-17,25.0,11.6,18.1,0.0,0.0,3.63,18.19,12.0,68,era5_archive
1999-10-18,23.8,13.5,17.9,0.0,0.0,3.51,17.6,16.6,70,era5_archive
1999-10-19,24.2,14.2,18.5,0.0,0.0,3.38,16.57,14.0,67,era5_archive
1999-10-20,26.3,11.5,18.8,0.0,0.0,3.69,17.64,9.9,57,era5_archive
1999-10-21,28.8,13.9,21.0,0.0,0.0,4.1,17.66,13.6,49,era5_archive
1999-10-22,27.3,16.5,21.1,0.0,0.0,3.62,14.99,17.4,52,era5_archive
1999-10-23,27.6,13.5,20.1,0.0,0.0,3.72,17.47,13.7,61,era5_archive
1999-10-24,26.1,16.0,20.1,0.0,0.0,3.62,16.58,19.1,60,era5_archive
1999-10-25,21.8,14.7,17.6,0.0,0.0,2.48,12.33,14.2,78,era5_archive
1999-10-26,23.6,12.5,17.8,0.2,0.2,3.48,15.44,16.8,65,era5_archive
1999-10-27,24.6,12.1,18.2,0.0,0.0,3.02,16.97,8.1,50,era5_archive
1999-10-28,25.9,11.1,18.6,0.0,0.0,3.82,16.84,15.1,46,era5_archive
1999-10-29,25.4,13.3,19.2,0.0,0.0,3.18,16.25,8.9,49,era5_archive
1999-10-30,25.2,13.3,18.5,0.0,0.0,3.78,16.05,18.3,52,era5_archive
1999-10-31,21.0,12.1,15.9,0.3,0.3,2.9,13.9,19.9,68,era5_archive
1999-11-01,20.9,8.3,14.7,0.0,0.0,3.12,16.51,9.5,57,era5_archive
1999-11-02,21.9,7.7,14.4,0.0,0.0,4.25,17.2,12.8,23,era5_archive
1999-11-03,22.8,9.1,15.8,0.0,0.0,5.05,16.23,20.7,22,era5_archive
1999-11-04,23.2,9.7,16.3,0.0,0.0,4.43,16.28,15.5,25,era5_archive
1999-11-05,22.6,10.3,16.2,0.0,0.0,3.3,16.0,13.3,39,era5_archive
1999-11-06,19.1,11.9,14.8,0.0,0.0,2.02,11.27,16.9,80,era5_archive
1999-11-07,19.8,10.2,14.3,0.0,0.0,2.57,14.52,12.2,76,era5_archive
1999-11-08,19.9,10.1,14.4,0.0,0.0,2.53,14.44,11.7,72,era5_archive
1999-11-09,22.8,8.0,15.2,0.0,0.0,3.23,15.43,19.9,58,era5_archive
1999-11-10,19.4,9.1,14.2,0.0,0.0,2.56,13.55,22.4,69,era5_archive
1999-11-11,19.4,8.8,13.5,0.0,0.0,2.46,13.68,19.5,76,era5_archive
1999-11-12,19.4,9.3,13.7,0.0,0.0,2.48,13.68,14.5,73,era5_archive
1999-11-13,19.9,8.0,14.2,0.0,0.0,2.43,13.44,8.1,63,era5_archive
1999-11-14,20.3,7.2,14.1,0.0,0.0,2.58,13.83,9.4,51,era5_archive
1999-11-15,21.4,8.1,14.3,0.0,0.0,2.99,14.81,14.1,56,era5_archive
1999-11-16,22.2,9.2,15.3,0.0,0.0,2.86,14.75,11.2,52,era5_archive
1999-11-17,23.2,7.7,15.2,0.0,0.0,3.12,14.7,12.4,49,era5_archive
1999-11-18,22.8,10.5,16.1,0.0,0.0,4.09,14.57,20.0,46,era5_archive
1999-11-19,24.6,11.1,17.5,0.0,0.0,3.52,13.92,17.2,47,era5_archive
1999-11-20,26.2,12.8,18.5,0.0,0.0,2.96,13.8,7.7,45,era5_archive
1999-11-21,24.5,12.2,18.3,0.0,0.0,3.0,10.73,12.9,32,era5_archive
1999-11-22,25.7,13.4,19.8,0.0,0.0,3.06,13.11,8.3,32,era5_archive
1999-11-23,25.9,13.5,19.8,0.0,0.0,2.8,13.31,8.7,35,era5_archive
1999-11-24,20.9,10.2,14.9,0.0,0.0,2.66,11.66,30.0,61,era5_archive
1999-11-25,15.7,11.2,13.1,0.0,0.0,2.11,8.05,30.9,72,era5_archive
1999-11-26,14.6,8.6,11.4,0.0,0.0,1.84,8.55,23.9,72,era5_archive
1999-11-27,14.3,6.0,9.4,0.0,0.0,1.95,11.31,16.0,70,era5_archive
1999-11-28,13.3,2.2,7.0,0.0,0.0,2.23,14.09,10.8,54,era5_archive
1999-11-29,12.2,0.7,6.0,0.0,0.0,2.62,14.19,16.3,33,era5_archive
1999-11-30,12.0,-0.6,5.9,0.0,0.0,2.25,13.82,11.4,37,era5_archive
1999-12-01,12.9,-0.7,6.0,0.0,0.0,2.35,13.59,12.9,41,era5_archive
1999-12-02,14.1,-0.0,6.7,0.0,0.0,2.11,13.91,9.3,34,era5_archive
1999-12-03,13.4,-0.0,6.1,0.0,0.0,2.9,13.91,18.7,33,era5_archive
1999-12-04,15.7,-0.3,6.9,0.0,0.0,2.79,13.7,11.6,32,era5_archive
1999-12-05,16.9,3.7,9.7,0.0,0.0,3.64,13.27,22.6,30,era5_archive
1999-12-06,16.2,4.4,10.4,0.0,0.0,2.43,12.33,14.8,37,era5_archive
1999-12-07,16.7,6.3,10.6,0.0,0.0,2.05,11.61,9.4,44,era5_archive
1999-12-08,17.7,4.1,10.5,0.0,0.0,2.64,12.66,18.8,52,era5_archive
1999-12-09,16.9,5.1,10.3,0.0,0.0,2.08,11.78,10.5,56,era5_archive
1999-12-10,16.4,3.5,9.4,0.0,0.0,2.14,12.63,13.1,64,era5_archive
1999-12-11,15.7,3.0,9.5,0.0,0.0,1.91,12.26,9.6,66,era5_archive
1999-12-12,15.4,6.4,10.4,0.0,0.0,1.99,11.44,20.8,69,era5_archive
1999-12-13,12.2,5.7,9.0,5.9,5.9,1.21,7.87,15.1,82,era5_archive
1999-12-14,12.8,7.0,9.5,0.2,0.2,1.12,7.27,17.8,84,era5_archive
1999-12-15,13.3,6.1,10.1,2.7,2.7,1.11,6.52,19.8,85,era5_archive
1999-12-16,15.3,4.6,9.3,0.0,0.0,1.75,11.92,9.2,79,era5_archive
1999-12-17,16.2,3.7,9.2,0.0,0.0,1.89,12.54,12.0,72,era5_archive
1999-12-18,17.5,3.8,9.8,0.0,0.0,2.19,12.76,12.1,66,era5_archive
1999-12-19,18.2,5.8,10.9,0.0,0.0,2.95,12.91,14.7,46,era5_archive
1999-12-20,18.6,5.9,11.2,0.0,0.0,3.35,11.57,16.1,32,era5_archive
1999-12-21,18.8,6.7,11.8,0.0,0.0,3.58,12.05,18.5,30,era5_archive
1999-12-22,16.9,7.2,10.9,0.0,0.0,2.86,10.3,15.0,34,era5_archive
1999-12-23,17.5,6.0,11.1,0.0,0.0,1.95,9.44,9.4,40,era5_archive
1999-12-24,17.7,6.2,11.0,0.0,0.0,2.05,11.8,10.8,48,era5_archive
1999-12-25,12.6,7.5,9.5,6.8,6.8,1.14,8.33,17.5,88,era5_archive
1999-12-26,12.2,7.4,9.3,0.0,0.0,1.32,9.44,17.3,85,era5_archive
1999-12-27,13.4,3.3,8.2,0.0,0.0,1.29,8.53,12.5,83,era5_archive
1999-12-28,15.7,3.5,9.0,0.0,0.0,1.96,11.97,13.5,67,era5_archive
1999-12-29,17.7,5.4,10.6,0.0,0.0,2.4,12.83,13.6,58,era5_archive
1999-12-30,19.5,4.7,11.1,0.0,0.0,2.39,12.91,11.6,60,era5_archive
1999-12-31,20.3,6.2,12.2,0.0,0.0,2.88,12.89,16.3,53,era5_archive
2000-01-01,20.4,7.8,12.8,0.0,0.0,2.78,12.98,12.9,46,era5_archive
2000-01-02,18.9,6.9,12.1,0.0,0.0,3.2,11.89,16.7,41,era5_archive
2000-01-03,18.9,9.0,12.9,1.5,1.5,3.0,12.39,18.2,52,era5_archive
2000-01-04,11.0,5.9,8.4,13.1,13.1,0.91,7.07,18.7,90,era5_archive
2000-01-05,7.9,4.3,5.8,13.2,13.2,0.8,6.52,27.9,88,era5_archive
2000-01-06,8.5,3.9,5.6,9.8,9.8,0.99,8.79,21.9,88,era5_archive
2000-01-07,10.5,2.8,6.4,1.0,1.0,1.1,8.61,12.6,87,era5_archive
2000-01-08,11.1,3.1,6.7,0.0,0.0,1.44,10.79,17.6,76,era5_archive
2000-01-09,9.5,2.3,5.7,2.8,2.8,1.12,8.95,14.4,84,era5_archive
2000-01-10,9.9,1.6,5.2,0.6,0.6,1.18,9.62,17.3,88,era5_archive
2000-01-11,9.6,2.7,5.8,0.0,0.0,1.59,13.01,16.1,79,era5_archive
2000-01-12,9.3,-1.9,3.6,0.0,0.0,1.67,13.47,11.3,75,era5_archive
2000-01-13,10.1,-2.2,4.2,0.0,0.0,1.72,13.97,6.6,73,era5_archive
2000-01-14,10.5,-0.6,4.7,0.0,0.0,1.67,11.97,11.0,65,era5_archive
2000-01-15,10.7,1.6,5.9,0.0,0.0,1.69,12.65,13.4,68,era5_archive
2000-01-16,8.0,0.6,3.7,0.0,0.0,1.29,10.59,7.4,75,era5_archive
2000-01-17,8.5,-2.8,2.8,0.0,0.0,1.71,13.22,17.5,67,era5_archive
2000-01-18,10.9,1.3,5.4,3.3,3.3,1.89,10.93,32.4,69,era5_archive
2000-01-19,9.4,5.9,7.4,12.4,12.4,0.93,6.59,32.5,87,era5_archive
2000-01-20,10.8,5.5,7.6,10.5,10.5,1.64,10.41,38.7,77,era5_archive
2000-01-21,6.9,2.8,4.8,6.7,6.7,1.17,10.26,28.0,83,era5_archive
2000-01-22,9.0,3.0,5.2,5.7,5.7,1.15,10.7,15.9,90,era5_archive
2000-01-23,10.4,2.8,6.4,0.0,0.0,1.33,10.1,17.4,80,era5_archive
2000-01-24,13.0,0.6,6.4,0.0,0.0,2.17,15.19,24.3,72,era5_archive
2000-01-25,13.6,2.7,8.2,0.0,0.0,2.04,13.52,27.5,72,era5_archive
2000-01-26,9.6,4.7,7.2,7.1,7.1,1.04,9.55,23.1,91,era5_archive
2000-01-27,6.1,1.0,3.8,13.0,11.6,0.48,4.14,20.1,96,era5_archive
2000-01-28,6.0,0.0,2.4,2.6,2.1,1.15,11.58,23.1,88,era5_archive
2000-01-29,8.1,0.3,3.9,0.0,0.0,1.24,10.26,18.6,80,era5_archive
2000-01-30,9.4,-2.3,3.5,0.0,0.0,1.77,15.25,16.8,80,era5_archive
2000-01-31,10.8,-0.3,5.0,0.0,0.0,2.08,16.04,18.5,65,era5_archive
2000-02-01,11.4,0.0,5.6,0.0,0.0,1.56,12.01,19.6,80,era5_archive
2000-02-02,11.9,4.0,7.4,0.0,0.0,1.53,11.24,18.8,86,era5_archive
2000-02-03,12.4,1.1,6.5,0.0,0.0,2.17,16.02,14.4,76,era5_archive
2000-02-04,13.5,0.9,6.7,0.0,0.0,2.4,16.42,16.5,64,era5_archive
2000-02-05,13.8,1.9,7.4,0.0,0.0,2.29,15.61,16.3,68,era5_archive
2000-02-06,9.2,5.0,6.9,2.3,2.3,1.38,10.64,37.8,82,era5_archive
2000-02-07,10.1,-0.5,4.8,0.0,0.0,2.06,17.05,12.4,74,era5_archive
2000-02-08,10.3,-2.3,3.9,0.0,0.0,2.12,17.27,9.0,65,era5_archive
2000-02-09,11.9,-2.6,4.5,0.0,0.0,2.4,17.63,9.2,55,era5_archive
2000-02-10,12.8,-0.7,5.9,0.0,0.0,2.99,16.19,21.3,44,era5_archive
2000-02-11,15.5,3.3,8.8,0.0,0.0,2.93,17.35,15.3,48,era5_archive
2000-02-12,16.7,3.5,9.4,0.0,0.0,2.99,17.32,13.9,56,era5_archive
2000-02-13,9.3,5.8,7.3,4.1,4.1,0.86,7.57,24.1,91,era5_archive
2000-02-14,11.8,5.8,8.1,0.1,0.1,1.59,11.54,22.0,84,era5_archive
2000-02-15,13.7,0.5,7.7,0.8,0.8,2.07,14.76,17.9,81,era5_archive
2000-02-16,11.1,1.4,6.4,2.6,2.6,1.44,12.41,33.2,88,era5_archive
2000-02-17,10.7,5.0,7.2,0.1,0.1,1.43,10.22,21.4,80,era5_archive
2000-02-18,14.9,-0.5,7.6,0.0,0.0,2.58,18.03,13.1,73,era5_archive
2000-02-19,14.6,3.7,8.7,0.1,0.1,2.64,18.16,27.5,68,era5_archive
2000-02-20,11.8,5.2,8.0,0.0,0.0,1.79,13.26,17.4,78,era5_archive
2000-02-21,15.9,2.7,8.7,0.0,0.0,2.71,18.83,13.7,74,era5_archive
2000-02-22,13.6,1.6,7.6,0.0,0.0,2.5,17.69,19.7,76,era5_archive
2000-02-23,10.5,4.7,7.4,1.5,1.5,1.34,10.13,16.3,87,era5_archive
2000-02-24,11.3,3.5,6.9,0.0,0.0,2.14,15.94,20.8,79,era5_archive
2000-02-25,12.4,0.3,5.9,0.0,0.0,2.46,18.77,20.2,74,era5_archive
2000-02-26,12.7,0.2,6.1,0.0,0.0,2.66,19.67,13.4,74,era5_archive
2000-02-27,10.3,0.3,5.4,0.2,0.2,1.84,14.74,21.4,83,era5_archive
2000-02-28,10.4,1.1,5.7,0.9,0.9,1.92,14.6,5.8,81,era5_archive
2000-02-29,13.7,1.2,7.6,0.0,0.0,2.43,15.96,10.5,68,era5_archive
2000-03-01,9.2,1.9,5.2,14.7,14.7,1.39,13.48,27.7,88,era5_archive
2000-03-02,10.4,3.1,6.0,1.3,1.3,1.69,12.69,28.1,81,era5_archive
2000-03-03,14.4,0.1,7.5,0.0,0.0,2.94,20.67,12.0,71,era5_archive
2000-03-04,12.1,1.4,7.3,1.6,1.6,2.19,16.92,24.1,77,era5_archive
2000-03-05,13.8,5.7,8.8,0.0,0.0,2.47,17.47,9.0,81,era5_archive
2000-03-06,13.8,2.7,8.2,0.0,0.0,2.36,16.86,20.7,81,era5_archive
2000-03-07,8.8,2.4,6.5,0.8,0.7,1.69,13.28,35.7,81,era5_archive
2000-03-08,8.7,1.5,4.5,0.0,0.0,2.71,21.39,31.1,61,era5_archive
2000-03-09,11.7,0.4,5.6,0.0,0.0,2.93,22.32,8.4,65,era5_archive
2000-03-10,13.0,1.1,6.8,0.0,0.0,2.99,22.27,13.9,70,era5_archive
2000-03-11,13.0,0.7,7.1,0.0,0.0,2.62,19.12,20.3,74,era5_archive
2000-03-12,14.5,4.1,8.9,0.0,0.0,2.18,14.8,15.6,83,era5_archive
2000-03-13,14.5,5.1,8.8,0.0,0.0,2.81,20.51,20.1,79,era5_archive
2000-03-14,14.8,3.9,8.8,0.0,0.0,2.59,17.75,17.1,78,era5_archive
2000-03-15,17.8,3.5,10.7,0.0,0.0,3.38,21.57,8.6,70,era5_archive
2000-03-16,20.5,5.3,12.7,0.0,0.0,3.86,22.86,13.9,54,era5_archive
2000-03-17,21.7,6.2,13.5,0.0,0.0,4.56,22.99,20.4,50,era5_archive
2000-03-18,19.1,7.2,12.2,0.6,0.6,3.72,21.69,28.0,75,era5_archive
2000-03-19,16.4,3.9,9.9,0.0,0.0,3.53,23.19,10.6,67,era5_archive
2000-03-20,16.8,3.1,10.1,0.0,0.0,3.58,23.62,13.6,68,era5_archive
2000-03-21,16.9,6.0,11.1,1.0,1.0,2.57,15.27,15.5,75,era5_archive
2000-03-22,15.9,5.4,10.3,2.0,2.0,3.02,20.91,21.6,77,era5_archive
2000-03-23,12.5,3.3,6.8,4.3,4.3,2.04,16.23,26.5,82,era5_archive
2000-03-24,11.9,3.8,7.5,0.8,0.8,2.04,13.35,35.5,74,era5_archive
2000-03-25,13.6,5.2,9.1,0.0,0.0,2.26,14.66,18.8,76,era5_archive
2000-03-26,18.0,2.3,10.6,0.0,0.0,3.43,21.57,8.4,69,era5_archive
2000-03-27,19.7,5.0,12.6,0.0,0.0,4.06,24.34,11.4,54,era5_archive
2000-03-28,21.7,6.9,14.1,0.0,0.0,4.6,24.69,10.7,42,era5_archive
2000-03-29,22.9,7.8,14.8,0.0,0.0,4.54,24.85,16.6,56,era5_archive
2000-03-30,21.1,6.3,14.0,0.0,0.0,4.46,23.46,21.0,58,era5_archive
2000-03-31,23.4,7.1,15.5,0.0,0.0,4.6,24.96,9.7,52,era5_archive
2000-04-01,25.6,8.4,17.4,0.0,0.0,4.94,21.05,13.1,38,era5_archive
2000-04-02,28.0,10.6,19.0,0.0,0.0,5.71,23.3,18.7,32,era5_archive
2000-04-03,23.5,10.4,16.5,0.0,0.0,4.71,24.91,16.3,58,era5_archive
2000-04-04,24.0,9.1,16.1,0.0,0.0,4.65,24.0,16.9,63,era5_archive
2000-04-05,27.3,9.1,18.4,0.0,0.0,5.21,25.25,12.9,51,era5_archive
2000-04-06,30.2,13.4,21.9,0.0,0.0,4.62,20.88,11.7,44,era5_archive
2000-04-07,20.1,10.4,15.9,0.0,0.0,4.65,24.75,24.6,57,era5_archive
2000-04-08,18.3,6.0,11.9,0.0,0.0,4.0,23.21,25.9,68,era5_archive
2000-04-09,15.1,8.0,10.9,3.5,3.5,2.72,17.37,32.5,77,era5_archive
2000-04-10,16.4,6.9,11.0,0.0,0.0,3.57,23.45,18.6,67,era5_archive
2000-04-11,25.3,5.2,15.5,0.0,0.0,5.06,24.74,13.0,49,era5_archive
2000-04-12,32.0,15.4,23.4,0.0,0.0,6.86,24.99,19.0,25,era5_archive
2000-04-13,32.4,13.8,23.3,0.0,0.0,7.75,25.29,27.3,33,era5_archive
2000-04-14,20.4,10.7,14.8,0.0,0.0,3.86,21.31,19.5,68,era5_archive
2000-04-15,22.3,8.4,14.7,0.0,0.0,4.36,24.55,16.0,70,era5_archive
2000-04-16,27.3,8.3,18.3,0.0,0.0,5.13,26.04,8.4,54,era5_archive
2000-04-17,29.3,10.7,20.7,0.0,0.0,5.76,26.45,13.7,42,era5_archive
2000-04-18,30.2,14.2,22.3,0.0,0.0,6.22,23.0,18.8,32,era5_archive
2000-04-19,24.0,13.6,19.2,0.0,0.0,6.39,26.12,25.3,37,era5_archive
2000-04-20,21.5,10.8,15.4,0.5,0.5,4.65,23.98,20.5,54,era5_archive
2000-04-21,20.5,7.9,14.1,0.0,0.0,4.38,22.8,20.0,56,era5_archive
2000-04-22,18.5,8.6,13.5,0.0,0.0,4.12,22.59,24.9,60,era5_archive
2000-04-23,20.5,7.6,14.2,0.0,0.0,4.44,24.28,17.0,62,era5_archive
2000-04-24,21.6,7.5,14.9,0.0,0.0,4.81,26.86,17.6,64,era5_archive
2000-04-25,23.0,9.7,16.2,0.0,0.0,5.19,27.89,16.6,58,era5_archive
2000-04-26,26.0,9.3,17.9,0.0,0.0,5.48,28.26,11.7,50,era5_archive
2000-04-27,28.4,11.1,20.0,0.2,0.2,5.42,22.82,20.2,48,era5_archive
2000-04-28,24.5,11.8,18.0,0.0,0.0,5.03,24.46,23.5,59,era5_archive
2000-04-29,21.7,9.1,15.3,0.0,0.0,4.91,26.28,19.8,64,era5_archive
2000-04-30,22.1,8.7,15.2,0.0,0.0,4.68,25.68,15.6,66,era5_archive
2000-05-01,24.3,8.9,16.8,0.0,0.0,5.41,28.54,11.9,57,era5_archive
2000-05-02,29.3,11.3,20.5,0.0,0.0,6.18,28.16,15.1,47,era5_archive
2000-05-03,30.2,12.8,21.9,0.0,0.0,5.72,25.47,12.3,45,era5_archive
2000-05-04,30.0,16.0,22.5,0.0,0.0,7.3,28.0,27.7,40,era5_archive
2000-05-05,23.6,12.0,17.3,0.8,0.8,5.14,27.04,21.2,65,era5_archive
2000-05-06,23.0,9.6,16.3,0.0,0.0,5.23,28.41,19.1,64,era5_archive
2000-05-07,22.0,8.4,14.7,0.0,0.0,5.22,28.1,18.5,61,era5_archive
2000-05-08,19.6,7.3,13.3,0.0,0.0,4.61,26.59,26.9,65,era5_archive
2000-05-09,24.2,9.8,16.7,0.0,0.0,5.23,28.4,9.7,60,era5_archive
2000-05-10,27.7,10.9,20.0,0.0,0.0,5.82,29.33,9.2,38,era5_archive
2000-05-11,30.2,11.7,21.8,0.0,0.0,7.0,29.33,16.3,29,era5_archive
2000-05-12,28.5,11.5,20.2,0.0,0.0,6.6,29.07,20.6,44,era5_archive
2000-05-13,27.4,9.7,19.0,0.0,0.0,6.61,29.39,24.1,46,era5_archive
2000-05-14,27.8,11.9,20.1,0.0,0.0,6.56,29.24,21.9,49,era5_archive
2000-05-15,28.2,11.3,20.1,0.0,0.0,6.62,29.58,21.9,47,era5_archive
2000-05-16,27.2,11.5,19.4,0.0,0.0,6.28,29.08,24.8,55,era5_archive
2000-05-17,28.1,11.8,20.6,0.3,0.3,6.13,28.31,20.8,55,era5_archive
2000-05-18,28.0,16.7,22.1,0.0,0.0,7.49,28.64,27.4,40,era5_archive
2000-05-19,23.7,12.7,18.1,0.0,0.0,5.09,25.15,23.0,64,era5_archive
2000-05-20,25.1,11.4,18.1,0.0,0.0,5.65,27.9,20.0,61,era5_archive
2000-05-21,26.8,10.8,19.1,0.0,0.0,6.41,30.3,20.0,43,era5_archive
2000-05-22,27.8,10.8,19.5,0.0,0.0,6.54,30.59,17.1,36,era5_archive
2000-05-23,25.7,9.5,17.7,0.0,0.0,6.07,29.73,21.0,53,era5_archive
2000-05-24,24.6,9.8,17.1,0.0,0.0,5.85,28.96,24.7,59,era5_archive
2000-05-25,28.7,10.5,20.2,0.0,0.0,6.45,29.56,20.9,51,era5_archive
2000-05-26,26.2,13.3,19.7,0.0,0.0,6.29,29.31,24.7,52,era5_archive
2000-05-27,26.9,12.0,19.0,0.0,0.0,5.92,28.65,19.1,58,era5_archive
2000-05-28,28.5,12.1,20.3,0.0,0.0,6.43,29.66,19.4,55,era5_archive
2000-05-29,29.9,12.9,21.5,0.0,0.0,6.7,29.67,20.8,50,era5_archive
2000-05-30,32.7,15.1,24.3,0.0,0.0,6.72,29.73,16.8,35,era5_archive
2000-05-31,31.7,18.3,25.1,0.0,0.0,7.58,29.27,22.4,33,era5_archive
2000-06-01,31.5,15.3,23.2,0.0,0.0,6.63,30.02,16.9,48,era5_archive
2000-06-02,31.7,15.3,23.2,0.0,0.0,6.76,29.1,20.7,54,era5_archive
2000-06-03,27.5,13.9,20.6,0.0,0.0,6.21,28.92,24.7,60,era5_archive
2000-06-04,26.2,13.1,19.4,0.0,0.0,5.82,28.75,19.7,64,era5_archive
2000-06-05,27.3,12.9,19.6,0.0,0.0,5.91,28.35,21.9,64,era5_archive
2000-06-06,27.3,12.5,19.4,0.0,0.0,6.06,29.46,21.8,62,era5_archive
2000-06-07,27.1,11.3,19.1,0.0,0.0,6.3,30.04,22.6,59,era5_archive
2000-06-08,27.9,12.4,19.9,0.0,0.0,5.78,27.75,24.5,67,era5_archive
2000-06-09,30.0,14.3,21.9,0.0,0.0,6.3,28.4,26.5,66,era5_archive
2000-06-10,31.4,16.7,23.5,0.0,0.0,7.05,29.03,26.9,58,era5_archive
2000-06-11,32.5,15.7,24.0,0.0,0.0,7.45,29.88,23.6,51,era5_archive
2000-06-12,32.9,15.3,24.3,0.0,0.0,7.56,29.87,22.7,46,era5_archive
2000-06-13,34.8,15.4,25.7,0.0,0.0,7.41,29.91,19.6,45,era5_archive
2000-06-14,35.5,19.8,27.9,0.0,0.0,7.42,30.45,19.8,25,era5_archive
2000-06-15,34.9,16.6,26.5,0.0,0.0,7.5,30.61,19.5,29,era5_archive
2000-06-16,35.4,16.6,26.5,0.0,0.0,7.6,30.03,21.5,40,era5_archive
2000-06-17,35.2,17.5,26.6,0.0,0.0,7.77,30.15,20.3,37,era5_archive
2000-06-18,32.1,16.0,24.5,0.0,0.0,8.29,30.5,27.1,38,era5_archive
2000-06-19,29.5,15.6,22.5,0.0,0.0,6.68,28.93,24.3,59,era5_archive
2000-06-20,29.4,14.4,21.8,0.0,0.0,6.2,28.88,16.5,61,era5_archive
2000-06-21,32.5,15.1,24.0,0.0,0.0,7.01,29.81,18.5,47,era5_archive
2000-06-22,32.8,15.9,24.3,0.0,0.0,7.58,29.57,22.7,44,era5_archive
2000-06-23,31.3,14.4,22.8,0.0,0.0,7.29,30.08,20.9,47,era5_archive
2000-06-24,32.1,14.9,23.5,0.0,0.0,7.15,29.58,21.7,51,era5_archive
2000-06-25,32.0,15.3,23.8,0.0,0.0,7.5,29.79,26.4,50,era5_archive
2000-06-26,31.4,15.7,23.6,0.0,0.0,6.99,28.3,25.7,56,era5_archive
2000-06-27,32.7,17.0,24.5,0.0,0.0,7.14,28.71,25.0,57,era5_archive
2000-06-28,32.0,16.5,24.1,0.0,0.0,6.72,28.2,22.2,56,era5_archive
2000-06-29,33.5,16.2,25.1,0.0,0.0,7.38,29.84,18.2,43,era5_archive
2000-06-30,34.8,16.9,26.0,0.0,0.0,7.61,29.18,17.9,39,era5_archive
2000-07-01,34.8,19.3,26.3,0.0,0.0,7.47,27.86,20.8,47,era5_archive
2000-07-02,37.0,17.9,27.5,0.0,0.0,7.79,29.2,17.9,42,era5_archive
2000-07-03,37.9,19.3,28.9,0.0,0.0,7.78,29.04,15.6,40,era5_archive
2000-07-04,36.6,19.9,28.3,0.0,0.0,8.19,29.49,22.1,44,era5_archive
2000-07-05,34.3,17.8,26.6,0.0,0.0,8.12,29.74,25.0,44,era5_archive
2000-07-06,35.6,17.6,26.7,0.0,0.0,7.75,29.04,24.1,47,era5_archive
2000-07-07,38.2,19.0,28.7,0.0,0.0,7.57,27.22,17.4,42,era5_archive
2000-07-08,38.3,19.9,29.4,0.0,0.0,8.21,28.9,21.4,39,era5_archive
2000-07-09,36.8,20.1,28.4,0.0,0.0,8.08,28.38,25.9,43,era5_archive
2000-07-10,35.8,19.1,27.6,0.0,0.0,8.14,28.93,26.3,50,era5_archive
2000-07-11,34.9,17.7,26.7,0.0,0.0,8.23,29.52,26.5,46,era5_archive
2000-07-12,34.2,18.8,26.0,0.0,0.0,7.15,28.39,26.9,59,era5_archive
2000-07-13,35.7,19.3,27.0,0.0,0.0,7.6,28.42,25.9,57,era5_archive
2000-07-14,36.3,18.6,27.5,0.0,0.0,8.42,29.38,28.3,49,era5_archive
2000-07-15,33.9,18.9,25.8,0.0,0.0,7.64,29.39,24.0,54,era5_archive
2000-07-16,33.6,15.5,24.3,0.0,0.0,7.25,29.18,20.9,55,era5_archive
2000-07-17,33.4,15.8,24.8,0.0,0.0,7.91,29.59,27.6,52,era5_archive
2000-07-18,30.6,17.3,23.5,0.0,0.0,6.94,28.89,29.7,60,era5_archive
2000-07-19,32.2,17.5,24.3,0.0,0.0,6.67,28.17,25.6,64,era5_archive
2000-07-20,33.0,17.5,25.1,0.0,0.0,6.89,28.47,20.3,60,era5_archive
2000-07-21,33.9,17.2,25.6,0.0,0.0,7.49,28.6,21.9,47,era5_archive
2000-07-22,33.5,17.5,25.5,0.0,0.0,7.65,28.72,22.5,42,era5_archive
2000-07-23,32.0,16.6,24.1,0.0,0.0,7.12,28.41,22.1,49,era5_archive
2000-07-24,32.5,16.4,24.3,0.0,0.0,6.57,27.18,19.0,55,era5_archive
2000-07-25,35.0,18.1,26.6,0.0,0.0,6.89,27.46,17.0,52,era5_archive
2000-07-26,36.4,19.9,27.9,0.0,0.0,7.07,27.1,19.2,52,era5_archive
2000-07-27,35.9,19.5,27.6,0.0,0.0,7.65,28.24,21.5,47,era5_archive
2000-07-28,36.6,18.6,27.4,0.0,0.0,7.54,28.16,19.2,45,era5_archive
2000-07-29,40.1,20.0,30.0,0.0,0.0,8.04,28.26,21.5,35,era5_archive
2000-07-30,41.3,20.9,31.7,0.3,0.3,7.98,27.21,15.6,32,era5_archive
2000-07-31,38.7,21.7,30.3,0.0,0.0,8.05,27.01,21.1,37,era5_archive
2000-08-01,35.8,20.3,27.8,0.0,0.0,7.8,27.0,21.9,41,era5_archive
2000-08-02,33.2,18.6,25.5,0.0,0.0,7.22,27.82,24.4,52,era5_archive
2000-08-03,32.6,18.3,24.6,0.0,0.0,6.79,27.89,20.3,55,era5_archive
2000-08-04,31.6,15.6,23.6,0.0,0.0,6.99,28.49,21.4,49,era5_archive
2000-08-05,31.1,15.8,23.5,0.0,0.0,6.55,28.15,20.9,54,era5_archive
2000-08-06,33.7,16.8,25.3,0.0,0.0,6.52,27.64,20.0,59,era5_archive
2000-08-07,34.2,18.3,25.9,0.0,0.0,6.63,26.78,22.3,61,era5_archive
2000-08-08,33.3,19.2,25.6,0.0,0.0,6.54,26.34,22.5,59,era5_archive
2000-08-09,32.3,17.4,24.3,0.0,0.0,6.83,27.47,22.2,54,era5_archive
2000-08-10,30.9,15.4,23.0,0.0,0.0,6.4,27.6,21.4,59,era5_archive
2000-08-11,30.6,16.8,23.1,0.0,0.0,5.87,26.02,20.5,65,era5_archive
2000-08-12,31.1,16.9,23.4,0.0,0.0,5.88,25.59,23.6,67,era5_archive
2000-08-13,31.0,19.1,23.9,0.0,0.0,5.74,25.42,20.7,68,era5_archive
2000-08-14,34.1,17.9,25.3,0.0,0.0,6.36,26.82,18.1,62,era5_archive
2000-08-15,36.5,18.9,27.1,0.0,0.0,6.66,25.4,24.1,60,era5_archive
2000-08-16,32.7,21.0,25.9,0.0,0.0,5.8,24.15,23.6,68,era5_archive
2000-08-17,33.2,20.5,25.9,0.0,0.0,5.87,24.19,23.4,67,era5_archive
2000-08-18,32.8,20.4,25.8,0.0,0.0,6.14,25.48,21.9,66,era5_archive
2000-08-19,31.8,19.3,24.7,0.0,0.0,5.99,24.98,23.5,66,era5_archive
2000-08-20,32.4,18.3,24.8,0.0,0.0,6.07,25.33,18.2,60,era5_archive
2000-08-21,34.4,18.1,25.7,0.0,0.0,6.59,26.16,22.0,58,era5_archive
2000-08-22,32.1,20.6,25.2,0.0,0.0,5.54,23.53,22.9,67,era5_archive
2000-08-23,31.8,18.9,24.5,0.0,0.0,6.08,25.7,22.5,65,era5_archive
2000-08-24,31.1,17.2,23.6,0.0,0.0,6.13,26.11,21.2,63,era5_archive
2000-08-25,31.4,16.9,23.8,0.0,0.0,5.66,25.03,17.8,68,era5_archive
2000-08-26,33.4,18.6,25.9,0.0,0.0,6.09,24.91,17.1,58,era5_archive
2000-08-27,33.0,17.3,25.3,0.0,0.0,6.47,26.22,20.4,52,era5_archive
2000-08-28,30.9,17.0,23.2,0.0,0.0,5.94,25.29,21.1,63,era5_archive
2000-08-29,30.5,16.0,22.6,0.0,0.0,5.89,25.45,20.5,60,era5_archive
2000-08-30,29.9,15.1,22.3,0.0,0.0,5.66,25.07,20.0,63,era5_archive
2000-08-31,29.9,15.1,22.4,0.0,0.0,5.55,24.76,19.5,64,era5_archive
2000-09-01,31.3,16.1,23.4,0.0,0.0,5.81,24.87,19.4,56,era5_archive
2000-09-02,29.8,14.6,22.0,0.0,0.0,5.95,25.28,22.9,56,era5_archive
2000-09-03,31.9,15.4,23.5,0.0,0.0,6.07,25.2,19.6,55,era5_archive
2000-09-04,29.7,15.4,22.6,0.0,0.0,5.4,24.32,19.2,63,era5_archive
2000-09-05,30.2,16.1,22.5,0.0,0.0,5.37,23.89,22.4,70,era5_archive
2000-09-06,30.7,18.3,23.6,0.0,0.0,5.78,23.91,25.6,65,era5_archive
2000-09-07,30.1,16.0,22.7,0.0,0.0,5.43,23.53,22.0,65,era5_archive
2000-09-08,29.4,15.7,22.2,0.0,0.0,5.06,24.04,10.3,63,era5_archive
2000-09-09,32.3,15.8,23.9,0.0,0.0,5.51,24.23,14.1,53,era5_archive
2000-09-10,30.2,16.8,22.9,0.0,0.0,5.37,23.32,19.9,61,era5_archive
2000-09-11,29.9,15.9,22.4,0.0,0.0,5.4,23.63,21.6,61,era5_archive
2000-09-12,30.3,16.7,22.7,0.0,0.0,5.46,22.68,26.0,65,era5_archive
2000-09-13,28.4,16.9,22.2,0.0,0.0,4.68,21.1,19.5,71,era5_archive
2000-09-14,28.8,16.8,22.1,0.0,0.0,4.64,21.83,14.8,70,era5_archive
2000-09-15,29.4,17.1,22.4,0.0,0.0,4.88,22.31,14.6,65,era5_archive
2000-09-16,30.1,16.0,22.2,0.0,0.0,4.87,20.62,23.0,68,era5_archive
2000-09-17,28.4,17.0,21.6,0.0,0.0,4.76,21.25,20.1,67,era5_archive
2000-09-18,29.8,14.5,21.7,0.0,0.0,4.84,21.69,17.6,66,era5_archive
2000-09-19,31.9,17.1,24.2,0.0,0.0,4.95,20.61,14.3,60,era5_archive
2000-09-20,34.5,18.8,26.4,0.0,0.0,4.93,21.33,8.0,46,era5_archive
2000-09-21,34.5,18.2,26.0,0.0,0.0,5.45,21.88,18.0,50,era5_archive
2000-09-22,32.5,17.4,25.0,0.0,0.0,5.09,22.07,15.1,60,era5_archive
2000-09-23,31.9,17.6,24.3,0.0,0.0,5.24,21.96,15.0,58,era5_archive
2000-09-24,30.7,15.2,22.7,0.0,0.0,5.17,21.61,20.3,58,era5_archive
2000-09-25,29.6,15.9,22.1,0.0,0.0,4.96,21.43,19.2,64,era5_archive
2000-09-26,27.4,14.7,20.4,0.0,0.0,4.55,20.91,15.7,65,era5_archive
2000-09-27,25.8,13.8,19.3,0.0,0.0,4.26,20.54,14.1,64,era5_archive
2000-09-28,24.5,14.0,18.5,0.0,0.0,3.8,18.82,16.6,69,era5_archive
2000-09-29,23.9,14.0,18.5,0.2,0.2,3.43,16.1,19.5,69,era5_archive
2000-09-30,24.3,11.6,17.9,0.0,0.0,4.08,20.42,15.0,64,era5_archive
2000-10-01,25.0,11.4,18.2,0.0,0.0,4.3,21.16,16.7,63,era5_archive
2000-10-02,25.7,13.1,19.2,0.0,0.0,3.98,19.4,12.4,65,era5_archive
2000-10-03,28.3,13.6,21.0,0.0,0.0,5.12,20.3,11.9,39,era5_archive
2000-10-04,29.9,16.9,23.2,0.0,0.0,6.91,20.01,27.3,26,era5_archive
2000-10-05,30.5,18.0,24.0,0.0,0.0,6.52,19.27,24.1,26,era5_archive
2000-10-06,30.4,17.8,23.8,0.0,0.0,6.59,19.37,22.1,24,era5_archive
2000-10-07,30.2,15.5,22.6,0.0,0.0,5.39,19.97,14.0,35,era5_archive
2000-10-08,29.5,16.3,22.0,0.0,0.0,4.56,18.63,17.1,61,era5_archive
2000-10-09,29.3,14.6,22.1,0.0,0.0,4.7,18.71,11.5,41,era5_archive
2000-10-10,27.4,16.0,20.8,0.0,0.0,4.59,18.19,22.5,48,era5_archive
2000-10-11,24.0,13.1,18.3,0.0,0.0,3.41,16.15,21.2,74,era5_archive
2000-10-12,25.7,12.8,19.1,0.0,0.0,3.68,19.21,7.6,57,era5_archive
2000-10-13,27.6,13.6,20.3,0.0,0.0,4.05,16.3,13.5,46,era5_archive
2000-10-14,23.9,15.1,18.1,4.9,4.9,2.99,15.44,18.2,76,era5_archive
2000-10-15,21.6,12.2,16.6,0.4,0.4,2.71,13.73,13.8,76,era5_archive
2000-10-16,21.9,13.2,17.3,0.5,0.5,2.69,14.06,10.2,74,era5_archive
2000-10-17,24.9,12.1,18.0,0.0,0.0,3.68,18.35,13.5,67,era5_archive
2000-10-18,25.4,13.0,18.9,0.0,0.0,3.6,18.52,7.4,53,era5_archive
2000-10-19,25.9,11.3,18.5,0.0,0.0,3.58,17.68,12.4,64,era5_archive
2000-10-20,23.5,12.1,17.3,0.0,0.0,3.01,14.54,21.3,75,era5_archive
2000-10-21,21.0,13.3,17.1,0.0,0.0,2.28,11.38,15.3,78,era5_archive
2000-10-22,19.8,12.5,15.9,0.1,0.1,2.44,12.29,22.0,77,era5_archive
2000-10-23,17.8,11.0,14.0,1.8,1.8,2.07,11.73,20.6,79,era5_archive
2000-10-24,15.7,8.4,11.8,13.1,13.1,1.48,9.53,15.3,86,era5_archive
2000-10-25,14.4,7.6,10.8,2.7,2.7,1.7,10.82,24.0,82,era5_archive
2000-10-26,15.7,8.1,11.7,1.0,1.0,1.47,8.95,12.2,83,era5_archive
2000-10-27,17.3,7.5,12.4,0.7,0.7,2.2,14.04,6.2,79,era5_archive
2000-10-28,20.2,7.0,13.7,0.0,0.0,2.74,16.73,6.3,67,era5_archive
2000-10-29,21.7,9.1,14.7,0.0,0.0,3.07,16.3,14.2,58,era5_archive
2000-10-30,20.1,9.3,14.1,0.0,0.0,2.56,14.83,15.1,80,era5_archive
2000-10-31,19.4,10.0,14.0,0.0,0.0,2.47,14.73,16.0,81,era5_archive
2000-11-01,19.4,10.4,14.3,0.0,0.0,2.51,14.46,11.0,76,era5_archive
2000-11-02,19.5,9.9,14.6,0.0,0.0,2.56,13.74,12.2,68,era5_archive
2000-11-03,20.8,8.4,14.4,0.0,0.0,2.65,15.38,7.4,60,era5_archive
2000-11-04,21.2,9.5,14.8,0.0,0.0,2.47,13.72,6.5,56,era5_archive
2000-11-05,21.7,8.6,15.6,0.0,0.0,2.85,15.71,7.5,54,era5_archive
2000-11-06,21.3,8.4,15.0,0.0,0.0,2.66,15.59,7.9,55,era5_archive
2000-11-07,21.1,7.7,13.9,0.0,0.0,3.07,15.77,8.7,50,era5_archive
2000-11-08,21.2,8.8,14.0,0.0,0.0,3.23,15.86,11.1,41,era5_archive
2000-11-09,20.1,8.8,13.3,0.0,0.0,3.14,15.94,10.4,39,era5_archive
2000-11-10,22.2,5.9,13.5,0.0,0.0,3.1,15.7,9.0,39,era5_archive
2000-11-11,22.6,7.2,14.5,0.0,0.0,3.67,15.44,12.8,37,era5_archive
2000-11-12,21.3,7.4,13.8,0.0,0.0,3.72,15.47,18.6,38,era5_archive
2000-11-13,22.3,8.6,14.6,0.0,0.0,2.85,13.68,7.9,41,era5_archive
2000-11-14,21.2,10.2,14.8,0.0,0.0,2.63,13.06,10.1,46,era5_archive
2000-11-15,20.2,7.7,13.7,0.0,0.0,3.22,14.79,10.7,44,era5_archive
2000-11-16,19.6,6.2,12.6,0.0,0.0,3.53,15.0,16.9,41,era5_archive
2000-11-17,16.5,8.4,11.6,0.1,0.1,2.34,11.18,22.7,53,era5_archive
2000-11-18,14.7,8.7,11.4,0.0,0.0,1.2,6.18,11.4,73,era5_archive
2000-11-19,16.4,6.5,11.2,0.0,0.0,1.7,10.17,8.2,74,era5_archive
2000-11-20,17.6,6.6,11.8,0.0,0.0,2.11,13.24,8.2,70,era5_archive
2000-11-21,18.0,5.4,11.6,0.0,0.0,2.2,14.16,7.5,63,era5_archive
2000-11-22,19.2,5.2,12.1,0.0,0.0,2.51,14.08,11.2,54,era5_archive
2000-11-23,17.5,7.2,11.7,0.0,0.0,2.13,13.44,9.0,63,era5_archive
2000-11-24,18.5,7.0,12.0,0.0,0.0,2.31,13.43,11.3,64,era5_archive
2000-11-25,17.0,5.8,10.8,0.0,0.0,1.91,12.45,6.8,74,era5_archive
2000-11-26,17.3,8.1,12.1,0.0,0.0,2.23,11.06,19.6,68,era5_archive
2000-11-27,17.8,7.7,11.9,0.0,0.0,2.35,12.66,24.5,67,era5_archive
2000-11-28,18.4,7.6,12.9,0.0,0.0,2.64,11.19,20.5,60,era5_archive
2000-11-29,14.7,7.7,11.0,1.8,1.8,1.45,7.73,18.9,70,era5_archive
2000-11-30,15.0,7.4,10.9,0.5,0.5,1.93,9.73,22.8,68,era5_archive
2000-12-01,13.7,10.2,11.6,2.4,2.4,1.16,5.09,13.0,77,era5_archive
2000-12-02,15.6,8.8,11.5,0.0,0.0,1.57,9.59,9.4,79,era5_archive
2000-12-03,16.7,5.7,10.6,0.0,0.0,1.94,11.67,10.5,73,era5_archive
2000-12-04,13.7,7.2,10.9,0.0,0.0,1.09,5.08,17.0,78,era5_archive
2000-12-05,16.4,6.5,11.0,0.0,0.0,1.75,10.15,13.0,76,era5_archive
2000-12-06,15.4,5.9,10.5,0.0,0.0,1.87,10.58,22.9,73,era5_archive
2000-12-07,15.5,6.7,10.7,0.0,0.0,1.54,10.0,9.5,73,era5_archive
2000-12-08,14.5,6.9,10.2,0.5,0.5,1.45,9.09,11.6,79,era5_archive
2000-12-09,11.8,6.2,8.7,11.4,11.4,0.86,5.44,8.2,87,era5_archive
2000-12-10,14.2,3.9,8.9,0.7,0.7,1.77,11.6,17.3,78,era5_archive
2000-12-11,12.4,2.8,7.7,0.0,0.0,1.17,8.65,21.7,88,era5_archive
2000-12-12,13.7,9.3,10.9,0.9,0.9,1.2,6.87,21.4,85,era5_archive
2000-12-13,10.4,5.9,8.5,6.5,6.5,1.05,8.28,27.8,87,era5_archive
2000-12-14,11.0,5.3,7.5,0.6,0.6,1.17,8.44,17.1,87,era5_archive
2000-12-15,11.8,6.2,8.6,0.0,0.0,1.02,6.26,16.3,87,era5_archive
2000-12-16,14.7,6.6,9.9,0.0,0.0,1.38,9.05,13.3,82,era5_archive
2000-12-17,14.9,6.0,9.9,0.0,0.0,1.95,12.47,16.0,72,era5_archive
2000-12-18,16.0,5.2,9.8,0.0,0.0,1.9,12.52,13.8,72,era5_archive
2000-12-19,12.9,5.2,8.5,2.7,2.7,1.07,8.28,15.2,91,era5_archive
2000-12-20,10.9,7.9,8.9,23.7,23.7,0.87,6.95,26.6,91,era5_archive
2000-12-21,11.1,6.1,8.5,3.4,3.4,1.01,8.25,25.7,90,era5_archive
2000-12-22,11.4,3.0,7.1,0.0,0.0,1.34,9.97,17.7,84,era5_archive
2000-12-23,11.8,3.7,7.4,0.2,0.2,1.37,10.57,12.6,82,era5_archive
2000-12-24,13.3,1.9,7.5,9.2,9.2,1.63,10.99,26.1,82,era5_archive
2000-12-25,10.7,5.2,7.7,3.2,3.2,1.13,8.87,26.0,86,era5_archive
2000-12-26,10.9,3.1,6.6,0.0,0.0,1.31,10.07,12.2,85,era5_archive
2000-12-27,12.6,2.7,6.9,0.0,0.0,1.71,12.93,16.3,75,era5_archive
2000-12-28,13.8,1.5,7.0,0.0,0.0,2.0,12.92,15.8,69,era5_archive
2000-12-29,14.7,4.8,9.0,0.0,0.0,2.42,12.87,28.4,61,era5_archive
2000-12-30,16.3,5.3,10.2,0.0,0.0,1.78,11.24,12.2,71,era5_archive
2000-12-31,14.1,4.7,8.9,0.0,0.0,1.75,12.73,10.8,80,era5_archive
2001-01-01,14.3,3.8,8.6,0.0,0.0,2.45,13.04,28.0,66,era5_archive
2001-01-02,13.9,4.6,9.0,0.0,0.0,2.05,12.68,21.9,69,era5_archive
2001-01-03,11.1,2.7,6.9,0.4,0.4,1.12,7.65,22.3,85,era5_archive
2001-01-04,12.4,4.1,7.8,0.0,0.0,1.36,9.61,9.6,84,era5_archive
2001-01-05,12.9,3.6,8.4,0.1,0.1,1.36,9.89,7.6,85,era5_archive
2001-01-06,13.8,5.4,9.1,0.0,0.0,2.1,12.06,17.7,66,era5_archive
2001-01-07,13.8,4.7,8.3,0.0,0.0,1.88,12.24,17.7,67,era5_archive
2001-01-08,13.8,3.0,7.7,0.0,0.0,1.88,13.59,15.8,74,era5_archive
2001-01-09,13.4,5.6,8.7,0.0,0.0,1.5,11.0,10.2,83,era5_archive
2001-01-10,14.4,5.0,8.8,0.0,0.0,1.73,12.4,9.1,81,era5_archive
2001-01-11,14.7,6.2,9.3,0.0,0.0,1.74,12.41,9.4,80,era5_archive
2001-01-12,14.5,3.1,8.8,0.0,0.0,1.73,12.15,9.0,83,era5_archive
2001-01-13,15.5,5.0,9.4,0.0,0.0,2.02,13.34,10.0,75,era5_archive
2001-01-14,15.8,3.7,9.1,0.0,0.0,2.41,14.25,14.2,62,era5_archive
2001-01-15,17.6,3.8,10.7,0.0,0.0,2.29,14.28,12.7,59,era5_archive
2001-01-16,16.0,6.0,10.8,0.0,0.0,1.92,11.65,8.4,60,era5_archive
2001-01-17,12.9,3.5,7.9,0.0,0.0,1.51,11.28,20.0,84,era5_archive
2001-01-18,14.0,3.3,7.8,2.3,2.3,1.76,12.76,10.7,82,era5_archive
2001-01-19,11.2,4.5,7.9,0.2,0.2,1.21,8.45,19.8,84,era5_archive
2001-01-20,12.4,6.8,9.0,0.1,0.1,1.37,9.5,17.3,84,era5_archive
2001-01-21,13.1,2.1,7.5,0.0,0.0,1.63,12.16,7.6,80,era5_archive
2001-01-22,13.1,5.0,8.4,1.1,1.1,1.66,11.07,11.4,70,era5_archive
2001-01-23,10.6,2.6,6.4,0.2,0.2,1.23,9.76,20.9,87,era5_archive
2001-01-24,10.7,4.8,7.2,9.7,9.7,1.17,9.69,17.3,91,era5_archive
2001-01-25,10.5,4.6,7.6,12.3,12.3,0.94,8.43,22.5,92,era5_archive
2001-01-26,9.8,0.4,4.8,0.0,0.0,1.89,15.47,11.9,72,era5_archive
2001-01-27,10.0,-3.2,3.3,0.0,0.0,2.03,15.91,11.4,67,era5_archive
2001-01-28,11.0,-0.5,4.5,0.0,0.0,2.35,15.98,19.7,59,era5_archive
2001-01-29,12.8,0.7,6.0,0.0,0.0,2.57,16.06,14.6,54,era5_archive
2001-01-30,14.1,-0.0,6.6,0.0,0.0,2.85,16.26,17.3,51,era5_archive
2001-01-31,15.5,2.9,8.0,0.0,0.0,2.93,16.33,19.9,51,era5_archive
2001-02-01,17.1,4.6,9.8,0.0,0.0,2.63,15.79,12.6,55,era5_archive
2001-02-02,14.2,4.8,8.9,0.0,0.0,1.96,13.94,11.9,81,era5_archive
2001-02-03,12.6,2.7,8.3,3.4,3.4,2.03,13.88,29.0,72,era5_archive
2001-02-04,11.0,5.5,7.8,6.0,6.0,1.08,8.92,20.7,90,era5_archive
2001-02-05,10.6,5.9,7.8,2.0,2.0,1.13,8.88,18.1,90,era5_archive
2001-02-06,11.8,3.1,6.8,0.0,0.0,1.78,13.48,9.7,83,era5_archive
2001-02-07,12.0,1.5,7.1,4.2,4.2,1.79,13.24,12.0,82,era5_archive
2001-02-08,10.7,4.1,7.1,2.1,2.1,1.35,9.7,22.7,82,era5_archive
2001-02-09,13.4,2.2,7.2,0.0,0.0,2.19,14.53,21.1,74,era5_archive
2001-02-10,14.5,1.5,7.6,0.0,0.0,2.36,16.52,12.0,75,era5_archive
2001-02-11,14.2,0.6,7.3,0.0,0.0,2.5,17.5,13.8,73,era5_archive
2001-02-12,15.2,4.0,8.9,0.0,0.0,2.87,17.83,25.9,65,era5_archive
2001-02-13,16.7,4.9,10.2,0.0,0.0,3.02,17.53,18.7,58,era5_archive
2001-02-14,10.6,6.1,7.7,7.6,7.6,1.19,9.22,26.3,88,era5_archive
2001-02-15,11.8,5.7,8.3,1.2,1.2,1.46,10.48,14.9,84,era5_archive
2001-02-16,12.6,2.6,7.7,0.2,0.2,1.73,12.49,12.4,85,era5_archive
2001-02-17,8.6,3.7,6.1,6.7,6.7,0.96,7.79,17.1,90,era5_archive
2001-02-18,10.8,4.3,7.0,0.0,0.0,1.24,8.61,14.9,86,era5_archive
2001-02-19,13.3,3.8,8.1,0.0,0.0,1.86,12.64,13.8,81,era5_archive
2001-02-20,11.3,2.4,5.7,9.7,9.7,1.74,13.49,45.6,83,era5_archive
2001-02-21,7.7,2.9,4.8,3.5,3.5,1.54,12.21,37.8,79,era5_archive
2001-02-22,10.3,3.2,6.1,3.5,3.5,1.69,14.01,18.1,84,era5_archive
2001-02-23,11.1,1.3,6.4,0.0,0.0,1.86,13.84,32.5,78,era5_archive
2001-02-24,15.0,5.0,9.8,0.0,0.0,2.19,14.85,13.0,75,era5_archive
2001-02-25,15.9,5.7,10.0,0.0,0.0,2.91,19.46,15.6,67,era5_archive
2001-02-26,17.5,3.4,10.4,0.0,0.0,3.33,19.74,16.4,60,era5_archive
2001-02-27,20.0,6.7,12.4,0.0,0.0,3.72,19.01,21.5,48,era5_archive
2001-02-28,23.5,7.3,15.0,0.0,0.0,4.02,20.03,14.8,48,era5_archive
2001-03-01,24.0,12.0,17.0,0.0,0.0,4.1,18.67,14.3,46,era5_archive
2001-03-02,15.9,7.9,11.5,0.0,0.0,2.58,17.02,27.1,77,era5_archive
2001-03-03,15.9,5.0,10.1,0.0,0.0,2.93,20.49,14.8,75,era5_archive
2001-03-04,20.1,6.1,12.5,0.0,0.0,3.55,20.82,10.5,59,era5_archive
2001-03-05,22.4,8.7,15.1,0.0,0.0,3.98,20.47,16.1,50,era5_archive
2001-03-06,23.0,9.2,15.7,0.0,0.0,3.81,20.55,13.3,59,era5_archive
2001-03-07,22.3,7.5,14.6,0.0,0.0,3.58,19.1,14.8,64,era5_archive
2001-03-08,17.9,7.1,12.7,0.0,0.0,3.0,17.65,15.0,67,era5_archive
2001-03-09,16.7,7.4,11.8,2.9,2.9,2.77,17.7,17.3,71,era5_archive
2001-03-10,18.3,7.0,12.1,0.0,0.0,3.06,19.34,8.9,78,era5_archive
2001-03-11,21.6,6.7,14.1,0.0,0.0,4.37,21.78,19.6,59,era5_archive
2001-03-12,22.6,10.2,15.9,0.6,0.6,4.5,21.11,21.6,52,era5_archive
2001-03-13,16.8,9.4,13.0,1.0,1.0,2.35,13.26,19.0,78,era5_archive
2001-03-14,15.5,8.3,11.3,0.9,0.9,2.18,14.09,24.7,83,era5_archive
2001-03-15,17.0,7.1,11.6,0.0,0.0,2.99,18.29,22.0,75,era5_archive
2001-03-16,16.7,5.3,10.9,0.0,0.0,3.09,19.96,16.8,73,era5_archive
2001-03-17,20.6,4.6,12.5,0.0,0.0,4.04,22.83,13.5,62,era5_archive
2001-03-18,22.3,7.9,14.9,0.0,0.0,4.8,22.74,22.1,45,era5_archive
2001-03-19,24.0,9.6,16.3,0.0,0.0,4.93,22.94,19.7,41,era5_archive
2001-03-20,25.2,10.6,17.9,0.0,0.0,4.99,21.83,18.1,39,era5_archive
2001-03-21,26.1,11.7,18.4,0.0,0.0,5.47,22.39,20.9,40,era5_archive
2001-03-22,22.0,8.5,15.1,0.0,0.0,4.69,23.88,23.4,58,era5_archive
2001-03-23,20.0,7.7,13.4,0.0,0.0,3.66,18.56,31.0,70,era5_archive
2001-03-24,15.0,9.5,11.9,8.4,8.4,2.45,14.74,37.7,77,era5_archive
2001-03-25,18.7,8.5,12.7,0.0,0.0,3.57,22.03,32.2,72,era5_archive
2001-03-26,23.3,8.2,15.2,0.0,0.0,4.42,23.97,15.8,63,era5_archive
2001-03-27,26.4,9.9,18.1,0.0,0.0,4.88,24.7,9.8,46,era5_archive
2001-03-28,28.8,10.7,19.7,0.0,0.0,6.1,24.85,21.2,34,era5_archive
2001-03-29,26.2,12.3,19.1,0.0,0.0,5.28,23.86,17.3,37,era5_archive
2001-03-30,27.1,8.6,18.2,0.0,0.0,5.18,24.26,15.1,34,era5_archive
2001-03-31,29.7,12.9,21.0,0.0,0.0,5.63,20.37,24.0,27,era5_archive
2001-04-01,32.5,13.4,23.0,0.0,0.0,6.76,24.08,27.4,30,era5_archive
2001-04-02,28.1,17.6,22.1,0.0,0.0,6.09,19.8,20.5,35,era5_archive
2001-04-03,22.6,13.9,18.2,0.0,0.0,3.38,15.43,13.8,64,era5_archive
2001-04-04,21.5,10.6,15.7,0.2,0.2,3.66,19.7,16.3,67,era5_archive
2001-04-05,17.4,9.9,12.7,4.8,4.8,3.23,20.17,23.7,73,era5_archive
2001-04-06,18.0,6.6,12.2,0.0,0.0,3.73,22.59,13.7,69,era5_archive
2001-04-07,20.1,8.4,13.9,0.5,0.5,4.18,22.56,14.2,61,era5_archive
2001-04-08,18.0,7.0,12.8,0.2,0.2,3.28,18.88,20.6,67,era5_archive
2001-04-09,21.4,8.6,14.6,0.0,0.0,4.21,24.46,10.6,64,era5_archive
2001-04-10,24.7,9.3,16.8,0.0,0.0,5.51,26.41,21.8,53,era5_archive
2001-04-11,19.6,8.5,13.6,0.0,0.0,4.2,23.25,27.6,67,era5_archive
2001-04-12,19.1,8.6,13.3,0.0,0.0,4.12,23.5,22.7,64,era5_archive
2001-04-13,21.8,7.1,14.3,0.0,0.0,4.49,26.57,5.8,56,era5_archive
2001-04-14,24.6,8.4,15.4,0.0,0.0,5.78,26.2,33.1,48,era5_archive
2001-04-15,21.3,9.9,14.9,0.0,0.0,4.77,26.2,15.8,60,era5_archive
2001-04-16,22.7,5.5,14.4,0.0,0.0,5.34,27.15,23.6,53,era5_archive
2001-04-17,24.8,9.5,17.2,0.0,0.0,5.89,27.68,22.5,37,era5_archive
2001-04-18,29.3,9.3,19.9,0.0,0.0,5.93,23.25,21.1,27,era5_archive
2001-04-19,22.3,11.3,16.2,0.0,0.0,5.44,26.21,28.0,53,era5_archive
2001-04-20,25.6,7.4,17.0,0.0,0.0,5.18,27.59,8.7,51,era5_archive
2001-04-21,28.4,11.2,20.5,0.0,0.0,7.08,27.72,20.2,30,era5_archive
2001-04-22,31.5,17.8,24.0,0.0,0.0,7.69,19.37,34.6,19,era5_archive
2001-04-23,30.2,15.1,22.7,0.3,0.3,6.55,22.86,31.6,35,era5_archive
2001-04-24,21.3,10.4,15.2,0.0,0.0,5.0,27.11,23.6,63,era5_archive
2001-04-25,20.1,10.1,14.2,0.0,0.0,4.75,25.68,22.7,60,era5_archive
2001-04-26,22.4,7.4,14.5,0.0,0.0,4.91,27.51,13.2,62,era5_archive
2001-04-27,27.4,7.9,18.5,0.0,0.0,5.45,27.73,11.3,52,era5_archive
2001-04-28,29.5,12.4,21.5,0.0,0.0,6.14,25.61,15.3,31,era5_archive
2001-04-29,31.0,16.0,24.0,0.0,0.0,7.27,24.44,17.8,20,era5_archive
2001-04-30,31.1,19.2,24.7,0.6,0.6,7.37,20.64,21.4,26,era5_archive
2001-05-01,27.4,17.6,22.4,1.2,1.2,6.47,25.06,23.7,41,era5_archive
2001-05-02,19.9,13.3,16.3,6.0,6.0,2.88,16.05,26.7,78,era5_archive
2001-05-03,21.4,12.4,16.2,0.3,0.3,4.2,22.76,21.8,73,era5_archive
2001-05-04,23.2,9.2,16.4,0.0,0.0,5.4,28.55,15.1,59,era5_archive
2001-05-05,25.5,10.1,18.0,0.0,0.0,5.74,29.3,13.3,47,era5_archive
2001-05-06,32.7,11.7,21.4,0.2,0.2,7.57,25.72,28.6,36,era5_archive
2001-05-07,21.9,12.9,16.6,0.0,0.0,5.26,26.94,33.2,63,era5_archive
2001-05-08,19.2,11.4,14.9,0.0,0.0,4.08,19.54,31.5,64,era5_archive
2001-05-09,24.0,8.4,15.5,1.8,1.8,5.41,25.24,38.8,53,era5_archive
2001-05-10,20.0,10.2,14.8,0.1,0.1,3.9,21.38,18.2,70,era5_archive
2001-05-11,22.6,9.3,15.8,0.0,0.0,4.69,24.92,16.5,68,era5_archive
2001-05-12,27.1,9.9,18.5,0.0,0.0,5.52,27.93,10.7,54,era5_archive
2001-05-13,31.4,16.8,23.2,0.2,0.2,7.66,23.44,28.9,32,era5_archive
2001-05-14,24.5,13.4,18.1,0.0,0.0,5.04,24.71,24.6,64,era5_archive
2001-05-15,21.9,10.7,15.8,0.0,0.0,4.81,25.72,21.2,68,era5_archive
2001-05-16,22.5,8.2,15.3,0.0,0.0,5.49,29.85,19.3,60,era5_archive
2001-05-17,25.3,7.0,16.3,0.0,0.0,5.9,30.19,17.6,55,era5_archive
2001-05-18,27.8,8.8,18.7,0.0,0.0,6.09,29.77,16.6,54,era5_archive
2001-05-19,30.3,11.2,21.2,0.0,0.0,6.79,29.31,20.0,48,era5_archive
2001-05-20,31.6,12.6,22.6,0.0,0.0,6.84,29.56,20.8,38,era5_archive
2001-05-21,32.3,15.9,24.0,0.0,0.0,7.3,29.38,20.2,30,era5_archive
2001-05-22,31.7,14.3,23.4,0.0,0.0,7.06,29.75,20.3,37,era5_archive
2001-05-23,34.3,15.6,25.3,0.0,0.0,7.32,29.37,21.6,31,era5_archive
2001-05-24,34.8,17.3,26.2,0.0,0.0,7.84,28.64,23.4,28,era5_archive
2001-05-25,31.4,15.8,24.0,0.0,0.0,7.69,29.24,23.2,38,era5_archive
2001-05-26,32.8,15.6,24.5,0.0,0.0,6.86,29.77,14.1,39,era5_archive
2001-05-27,36.0,20.0,28.5,0.0,0.0,6.36,29.45,6.2,24,era5_archive
2001-05-28,37.3,21.6,29.1,0.0,0.0,8.65,29.26,24.4,20,era5_archive
2001-05-29,26.7,16.6,21.4,0.0,0.0,6.58,28.77,27.5,54,era5_archive
2001-05-30,28.4,14.1,20.9,0.0,0.0,6.2,28.46,20.7,59,era5_archive
2001-05-31,31.2,14.0,22.9,0.0,0.0,6.5,29.34,17.6,53,era5_archive
2001-06-01,35.2,17.6,27.3,0.0,0.0,7.49,29.57,20.6,30,era5_archive
2001-06-02,37.5,18.9,29.1,0.0,0.0,8.98,29.66,23.6,20,era5_archive
2001-06-03,32.9,17.9,25.6,0.0,0.0,8.06,29.55,25.7,40,era5_archive
2001-06-04,31.5,15.0,23.2,0.0,0.0,7.86,30.27,27.2,43,era5_archive
2001-06-05,28.3,15.4,21.3,0.0,0.0,7.03,29.45,31.6,54,era5_archive
2001-06-06,26.3,15.1,19.7,0.0,0.0,6.37,28.9,30.2,60,era5_archive
2001-06-07,27.0,12.9,19.6,0.0,0.0,6.16,29.73,18.0,56,era5_archive
2001-06-08,27.5,12.3,19.6,0.0,0.0,6.24,29.18,22.4,59,era5_archive
2001-06-09,28.5,11.8,20.0,0.0,0.0,6.39,29.21,22.5,57,era5_archive
2001-06-10,30.9,13.4,22.2,0.0,0.0,6.57,29.81,16.6,53,era5_archive
2001-06-11,34.6,16.5,26.0,0.0,0.0,7.01,30.3,17.7,40,era5_archive
2001-06-12,35.5,18.3,27.2,0.0,0.0,7.86,30.42,20.4,29,era5_archive
2001-06-13,36.6,15.9,26.6,0.0,0.0,7.78,30.34,20.6,29,era5_archive
2001-06-14,37.0,18.4,27.9,0.0,0.0,8.34,30.34,22.9,26,era5_archive
2001-06-15,34.4,17.9,26.5,0.0,0.0,8.78,30.3,28.4,29,era5_archive
2001-06-16,31.5,14.7,23.5,0.0,0.0,7.99,30.28,27.8,44,era5_archive
2001-06-17,28.5,15.5,21.5,0.0,0.0,6.33,28.39,26.9,62,era5_archive
2001-06-18,30.0,15.4,22.2,0.0,0.0,6.47,28.76,22.2,61,era5_archive
2001-06-19,31.2,14.8,22.9,0.0,0.0,6.85,29.34,23.0,54,era5_archive
2001-06-20,34.5,16.6,25.3,0.0,0.0,7.64,30.09,22.3,41,era5_archive
2001-06-21,35.3,17.1,26.5,0.0,0.0,7.83,29.91,22.2,36,era5_archive
2001-06-22,31.9,16.7,24.7,0.0,0.0,7.7,29.58,26.6,46,era5_archive
2001-06-23,29.2,14.7,21.7,0.0,0.0,7.1,30.41,21.4,49,era5_archive
2001-06-24,30.0,13.0,21.0,0.0,0.0,6.5,29.59,21.6,61,era5_archive
2001-06-25,30.4,14.8,22.1,0.0,0.0,7.02,30.11,22.6,55,era5_archive
2001-06-26,30.6,13.3,22.0,0.0,0.0,7.0,30.05,20.9,51,era5_archive
2001-06-27,31.2,13.4,22.3,0.0,0.0,6.94,30.16,21.4,54,era5_archive
2001-06-28,31.0,14.3,22.6,0.0,0.0,6.79,29.8,22.4,58,era5_archive
2001-06-29,32.9,15.2,23.9,0.0,0.0,6.96,29.48,21.7,54,era5_archive
2001-06-30,33.6,16.4,24.8,0.0,0.0,7.3,29.58,22.3,54,era5_archive
2001-07-01,31.6,16.2,23.8,0.0,0.0,7.51,29.6,26.6,50,era5_archive
2001-07-02,30.5,14.4,22.4,0.0,0.0,6.71,29.58,21.1,57,era5_archive
2001-07-03,30.9,14.2,22.5,0.0,0.0,6.89,29.89,22.0,58,era5_archive
2001-07-04,29.1,15.7,21.8,0.0,0.0,6.54,28.35,28.4,62,era5_archive
2001-07-05,28.7,15.5,21.3,0.0,0.0,6.21,28.27,25.5,63,era5_archive
2001-07-06,30.1,15.1,22.1,0.0,0.0,6.48,28.57,24.7,63,era5_archive
2001-07-07,31.4,15.4,23.3,0.0,0.0,6.97,29.01,23.2,57,era5_archive
2001-07-08,31.7,15.4,23.8,0.0,0.0,7.46,29.97,23.4,47,era5_archive
2001-07-09,31.6,15.6,23.5,0.0,0.0,6.95,28.46,27.8,59,era5_archive
2001-07-10,33.3,17.4,25.0,0.0,0.0,7.28,28.49,25.7,55,era5_archive
2001-07-11,34.9,17.8,26.4,0.0,0.0,7.79,29.31,23.8,43,era5_archive
2001-07-12,34.4,17.6,26.3,0.0,0.0,7.68,29.75,21.0,41,era5_archive
2001-07-13,33.0,16.6,25.0,0.0,0.0,7.53,29.2,26.8,52,era5_archive
2001-07-14,32.8,15.9,24.7,0.0,0.0,7.14,29.38,21.8,53,era5_archive
2001-07-15,33.6,16.3,25.0,0.0,0.0,7.26,29.52,21.3,55,era5_archive
2001-07-16,33.2,16.4,25.0,0.0,0.0,7.42,28.91,28.1,56,era5_archive
2001-07-17,32.0,19.1,24.8,0.0,0.0,7.12,27.55,34.6,61,era5_archive
2001-07-18,33.6,18.5,25.7,0.0,0.0,7.41,28.05,29.6,58,era5_archive
2001-07-19,35.4,17.4,26.4,0.0,0.0,7.57,28.8,21.6,51,era5_archive
2001-07-20,35.9,18.2,26.8,0.0,0.0,7.27,28.96,17.9,52,era5_archive
2001-07-21,34.9,17.7,26.3,0.0,0.0,7.59,29.08,26.0,53,era5_archive
2001-07-22,35.8,18.5,27.0,0.0,0.0,7.81,28.84,25.1,49,era5_archive
2001-07-23,36.4,18.4,27.3,0.0,0.0,7.75,29.04,22.2,46,era5_archive
2001-07-24,34.8,18.0,26.1,0.0,0.0,7.45,28.54,21.6,49,era5_archive
2001-07-25,32.4,17.1,24.2,0.0,0.0,7.43,28.95,25.2,51,era5_archive
2001-07-26,31.8,15.4,23.3,0.0,0.0,6.88,28.29,26.6,58,era5_archive
2001-07-27,32.8,15.8,24.2,0.0,0.0,6.83,28.0,24.4,59,era5_archive
2001-07-28,35.2,17.9,26.5,0.0,0.0,7.33,28.22,25.8,55,era5_archive
2001-07-29,35.9,18.8,27.2,0.0,0.0,7.18,27.59,21.8,54,era5_archive
2001-07-30,35.5,18.4,26.8,0.0,0.0,7.22,27.89,22.3,53,era5_archive
2001-07-31,34.0,17.5,25.5,0.0,0.0,7.35,28.82,23.2,52,era5_archive
2001-08-01,33.2,16.1,24.2,0.0,0.0,6.86,28.67,21.9,58,era5_archive
2001-08-02,33.8,16.2,24.8,0.0,0.0,6.69,28.01,18.8,59,era5_archive
2001-08-03,33.6,18.3,25.5,0.0,0.0,6.88,27.58,21.6,57,era5_archive
2001-08-04,31.4,17.0,24.1,0.0,0.0,6.53,28.16,19.8,59,era5_archive
2001-08-05,31.9,15.8,23.9,0.0,0.0,6.17,27.78,14.0,62,era5_archive
2001-08-06,35.4,18.2,26.6,0.0,0.0,6.64,27.7,15.4,58,era5_archive
2001-08-07,34.3,20.6,26.8,0.0,0.0,6.46,26.14,20.5,64,era5_archive
2001-08-08,33.8,19.7,26.1,0.0,0.0,6.58,26.97,22.2,64,era5_archive
2001-08-09,35.0,19.2,26.5,0.0,0.0,6.59,27.24,18.7,62,era5_archive
2001-08-10,37.2,19.0,27.8,0.0,0.0,6.82,27.31,15.8,56,era5_archive
2001-08-11,35.6,19.6,27.3,0.0,0.0,6.98,27.15,22.0,58,era5_archive
2001-08-12,34.4,19.0,26.4,0.0,0.0,7.02,27.14,21.7,59,era5_archive
2001-08-13,33.4,18.9,25.5,0.0,0.0,7.0,27.26,21.9,56,era5_archive
2001-08-14,34.3,16.8,25.2,0.0,0.0,6.72,27.66,17.3,54,era5_archive
2001-08-15,34.3,18.1,25.6,0.0,0.0,6.51,26.4,16.5,56,era5_archive
2001-08-16,32.2,17.7,24.2,0.0,0.0,6.33,26.62,23.5,61,era5_archive
2001-08-17,30.2,18.0,23.4,0.0,0.0,5.89,25.1,26.1,66,era5_archive
2001-08-18,29.4,19.2,23.5,0.0,0.0,5.19,21.74,22.6,67,era5_archive
2001-08-19,30.0,16.8,23.2,0.0,0.0,6.07,26.72,21.8,65,era5_archive
2001-08-20,31.3,16.7,23.7,0.0,0.0,5.89,26.1,20.5,64,era5_archive
2001-08-21,32.8,17.3,24.6,0.0,0.0,6.24,25.59,19.7,61,era5_archive
2001-08-22,34.5,17.5,25.5,0.0,0.0,6.75,26.13,23.1,53,era5_archive
2001-08-23,31.7,17.7,23.9,0.0,0.0,6.08,25.34,21.8,61,era5_archive
2001-08-24,32.1,16.6,23.8,0.0,0.0,6.05,25.17,23.3,64,era5_archive
2001-08-25,34.0,17.5,25.2,0.0,0.0,6.48,26.05,20.7,57,era5_archive
2001-08-26,33.5,18.2,25.2,0.0,0.0,6.67,26.12,22.7,53,era5_archive
2001-08-27,32.8,16.3,24.2,0.0,0.0,5.98,25.48,16.4,59,era5_archive
2001-08-28,30.7,17.8,23.8,0.0,0.0,5.75,24.72,23.0,66,era5_archive
2001-08-29,29.2,17.3,22.9,0.0,0.0,5.25,22.92,22.0,70,era5_archive
2001-08-30,30.1,17.1,23.2,0.0,0.0,5.38,23.63,19.9,69,era5_archive
2001-08-31,30.7,16.6,23.0,0.0,0.0,5.62,25.26,15.4,63,era5_archive
2001-09-01,34.4,15.8,25.6,0.0,0.0,5.65,25.2,12.5,56,era5_archive
2001-09-02,35.2,19.7,26.9,0.0,0.0,6.02,24.32,19.4,59,era5_archive
2001-09-03,32.2,18.6,24.7,0.0,0.0,6.11,24.65,22.0,59,era5_archive
2001-09-04,31.3,16.1,23.5,0.0,0.0,6.0,24.88,23.2,63,era5_archive
2001-09-05,29.4,18.7,23.3,0.0,0.0,5.62,22.96,28.3,65,era5_archive
2001-09-06,29.2,16.7,22.4,0.0,0.0,5.18,22.74,21.4,67,era5_archive
2001-09-07,31.3,15.7,23.3,0.0,0.0,6.05,24.38,23.9,58,era5_archive
2001-09-08,28.4,17.0,22.1,0.0,0.0,5.2,23.61,19.1,66,era5_archive
2001-09-09,28.7,14.4,21.3,0.0,0.0,5.37,24.19,18.7,60,era5_archive
2001-09-10,31.1,14.7,23.1,0.0,0.0,5.18,24.09,11.6,60,era5_archive
2001-09-11,30.1,16.4,22.7,0.0,0.0,5.39,23.09,19.6,63,era5_archive
2001-09-12,29.4,14.0,21.1,0.0,0.0,5.4,23.53,22.8,62,era5_archive
2001-09-13,28.9,14.7,21.2,0.0,0.0,5.23,23.09,24.7,67,era5_archive
2001-09-14,28.1,15.6,21.2,0.0,0.0,4.72,22.01,16.6,69,era5_archive
2001-09-15,27.9,14.4,20.8,0.0,0.0,4.87,22.92,16.5,67,era5_archive
2001-09-16,28.8,14.5,21.3,0.0,0.0,4.8,21.56,17.3,66,era5_archive
2001-09-17,29.8,14.8,21.8,0.0,0.0,4.96,21.79,18.6,65,era5_archive
2001-09-18,30.2,14.7,22.0,0.0,0.0,5.2,23.13,15.8,60,era5_archive
2001-09-19,30.0,13.7,21.3,0.0,0.0,4.96,22.33,16.2,63,era5_archive
2001-09-20,29.3,14.2,21.3,0.0,0.0,4.75,21.37,20.6,69,era5_archive
2001-09-21,31.7,15.2,23.2,0.0,0.0,5.08,22.14,16.7,62,era5_archive
2001-09-22,32.5,16.1,24.0,0.0,0.0,5.23,21.82,20.8,64,era5_archive
2001-09-23,30.7,16.4,22.7,0.0,0.0,4.84,21.09,18.9,67,era5_archive
2001-09-24,31.0,15.7,22.9,0.0,0.0,5.02,21.93,12.9,57,era5_archive
2001-09-25,30.6,15.5,22.4,0.0,0.0,4.97,20.22,20.0,61,era5_archive
2001-09-26,30.1,15.7,22.5,0.2,0.2,4.7,20.31,23.0,69,era5_archive
2001-09-27,29.9,17.2,22.9,0.0,0.0,4.25,17.41,20.3,68,era5_archive
2001-09-28,27.6,16.9,21.2,0.0,0.0,4.4,19.11,23.3,70,era5_archive
2001-09-29,25.7,12.7,19.0,0.0,0.0,4.37,21.25,14.9,64,era5_archive
2001-09-30,24.6,12.5,18.5,0.0,0.0,4.1,19.52,21.7,68,era5_archive
2001-10-01,26.6,13.5,20.1,0.0,0.0,4.09,20.96,7.1,56,era5_archive
2001-10-02,28.8,14.4,21.6,0.0,0.0,4.26,21.1,8.9,40,era5_archive
2001-10-03,30.2,13.6,22.0,0.0,0.0,4.9,21.1,9.7,31,era5_archive
2001-10-04,31.1,14.4,22.7,0.0,0.0,5.17,21.03,11.5,34,era5_archive
2001-10-05,26.4,16.6,20.4,0.0,0.0,4.34,19.79,22.1,71,era5_archive
2001-10-06,25.5,13.6,19.2,0.0,0.0,3.97,19.17,17.6,71,era5_archive
2001-10-07,29.2,13.1,21.2,0.0,0.0,4.57,19.79,13.8,53,era5_archive
2001-10-08,31.6,15.7,23.4,0.0,0.0,6.6,20.07,27.1,26,era5_archive
2001-10-09,29.7,16.3,23.2,0.0,0.0,4.69,19.77,9.0,34,era5_archive
2001-10-10,29.2,17.6,22.4,0.0,0.0,4.12,18.37,15.0,70,era5_archive
2001-10-11,29.6,16.0,22.2,0.0,0.0,3.81,17.86,7.6,66,era5_archive
2001-10-12,32.8,17.2,24.1,0.0,0.0,4.91,16.66,23.0,45,era5_archive
2001-10-13,31.7,18.1,24.6,0.0,0.0,4.93,19.27,14.8,18,era5_archive
2001-10-14,28.6,18.0,22.3,0.0,0.0,3.99,17.44,13.8,64,era5_archive
2001-10-15,26.8,16.2,20.8,0.0,0.0,4.34,18.46,20.4,58,era5_archive
2001-10-16,25.2,13.1,18.7,0.0,0.0,3.66,17.63,15.0,67,era5_archive
2001-10-17,24.8,13.0,18.6,0.0,0.0,3.42,16.8,15.0,71,era5_archive
2001-10-18,23.2,13.5,18.0,0.0,0.0,3.18,15.49,17.6,73,era5_archive
2001-10-19,25.0,12.7,18.9,0.0,0.0,3.28,17.06,6.8,58,era5_archive
2001-10-20,26.9,13.2,19.6,0.0,0.0,3.71,16.61,13.7,44,era5_archive
2001-10-21,24.1,12.6,18.0,0.0,0.0,3.58,15.99,20.7,65,era5_archive
2001-10-22,22.9,11.2,16.9,0.0,0.0,3.43,16.14,19.5,66,era5_archive
2001-10-23,23.8,12.2,17.7,0.0,0.0,3.16,17.49,5.8,61,era5_archive
2001-10-24,25.0,13.5,18.6,0.0,0.0,3.52,17.4,15.5,56,era5_archive
2001-10-25,23.2,14.0,17.9,0.0,0.0,2.73,13.82,14.6,76,era5_archive
2001-10-26,23.8,12.4,17.6,0.0,0.0,3.23,16.99,10.5,65,era5_archive
2001-10-27,20.6,12.8,16.1,1.1,1.1,2.29,12.08,14.4,80,era5_archive
2001-10-28,18.8,11.5,14.1,5.3,5.3,1.8,11.42,17.8,88,era5_archive
2001-10-29,19.0,11.8,14.7,0.1,0.1,2.29,12.91,20.9,81,era5_archive
2001-10-30,19.1,11.6,14.6,0.0,0.0,2.67,14.43,20.1,71,era5_archive
2001-10-31,19.5,9.7,14.0,0.0,0.0,2.69,15.81,10.9,70,era5_archive
2001-11-01,22.4,8.7,15.2,0.0,0.0,3.55,16.52,14.5,56,era5_archive
2001-11-02,22.2,11.2,16.1,0.0,0.0,3.72,15.54,25.1,49,era5_archive
2001-11-03,20.3,9.8,14.9,0.0,0.0,2.38,13.53,9.4,78,era5_archive
2001-11-04,24.5,9.6,16.3,0.0,0.0,3.15,15.81,11.1,65,era5_archive
2001-11-05,22.9,10.9,16.2,0.0,0.0,3.19,16.07,12.2,61,era5_archive
2001-11-06,19.2,8.8,14.2,0.1,0.1,2.37,12.78,20.5,68,era5_archive
2001-11-07,19.6,10.5,14.5,0.0,0.0,2.34,12.69,13.1,70,era5_archive
2001-11-08,21.3,10.7,15.4,0.0,0.0,2.82,14.28,14.7,68,era5_archive
2001-11-09,22.0,11.5,16.0,0.0,0.0,2.81,13.47,9.9,52,era5_archive
2001-11-10,19.9,11.6,15.1,0.0,0.0,2.15,11.46,14.0,78,era5_archive
2001-11-11,19.7,11.8,14.9,0.0,0.0,2.36,12.52,23.5,81,era5_archive
2001-11-12,20.0,10.9,14.4,0.0,0.0,2.52,13.37,20.9,78,era5_archive
2001-11-13,20.9,7.6,14.5,0.0,0.0,2.89,14.82,11.5,62,era5_archive
2001-11-14,20.7,10.4,15.0,0.0,0.0,4.25,12.38,26.4,35,era5_archive
2001-11-15,24.0,9.5,16.5,0.0,0.0,3.59,15.03,13.8,37,era5_archive
2001-11-16,19.6,8.1,14.1,0.0,0.0,2.32,12.25,22.8,74,era5_archive
2001-11-17,15.8,11.0,12.9,4.4,4.4,1.33,8.0,22.7,87,era5_archive
2001-11-18,12.4,5.5,8.9,0.0,0.0,2.4,14.3,20.6,58,era5_archive
2001-11-19,12.0,0.4,6.2,0.0,0.0,2.61,14.97,18.4,49,era5_archive
2001-11-20,14.0,2.9,7.8,0.0,0.0,3.3,14.77,21.4,34,era5_archive
2001-11-21,18.9,4.3,11.3,3.7,3.7,2.9,13.93,25.4,60,era5_archive
2001-11-22,13.8,7.9,11.1,2.5,2.5,1.22,8.15,16.8,89,era5_archive
2001-11-23,13.8,6.1,9.2,0.0,0.0,1.97,13.68,12.4,73,era5_archive
2001-11-24,16.0,3.1,9.6,0.0,0.0,2.47,12.79,22.1,62,era5_archive
2001-11-25,18.8,7.1,12.2,0.0,0.0,2.79,13.74,18.0,57,era5_archive
2001-11-26,14.6,7.0,10.5,0.0,0.0,1.25,7.79,17.5,85,era5_archive
2001-11-27,15.8,9.2,12.1,0.3,0.3,1.67,10.7,12.4,79,era5_archive
2001-11-28,16.1,6.7,10.3,0.0,0.0,1.63,10.64,7.7,76,era5_archive
2001-11-29,16.0,4.2,10.2,0.0,0.0,2.04,10.9,19.7,71,era5_archive
2001-11-30,16.7,9.2,12.0,3.4,3.4,2.13,9.42,21.5,67,era5_archive
2001-12-01,14.2,6.9,10.1,1.2,1.2,1.47,9.01,22.9,81,era5_archive
2001-12-02,15.7,3.4,9.4,0.0,0.0,2.18,12.94,19.7,70,era5_archive
2001-12-03,13.1,5.3,8.6,1.1,1.1,1.53,9.36,21.0,72,era5_archive
2001-12-04,10.1,4.9,7.9,2.4,2.4,1.15,4.35,21.7,74,era5_archive
2001-12-05,11.5,8.2,9.3,7.4,7.4,0.82,5.73,20.8,90,era5_archive
2001-12-06,13.5,6.8,9.8,0.0,0.0,1.48,9.81,18.7,79,era5_archive
2001-12-07,13.4,5.8,9.1,1.4,1.4,1.56,10.67,14.7,75,era5_archive
2001-12-08,15.7,3.4,9.4,0.0,0.0,2.04,11.79,25.5,69,era5_archive
2001-12-09,15.8,6.9,10.7,0.0,0.0,1.64,10.96,8.6,70,era5_archive
2001-12-10,16.7,4.2,9.8,0.0,0.0,1.88,12.19,9.2,74,era5_archive
2001-12-11,14.7,4.9,9.1,0.0,0.0,1.78,12.62,15.0,81,era5_archive
2001-12-12,15.1,4.9,9.4,0.0,0.0,1.78,11.94,12.5,78,era5_archive
2001-12-13,15.4,4.4,9.3,0.0,0.0,1.78,11.52,14.8,77,era5_archive
2001-12-14,14.5,2.5,8.6,0.0,0.0,1.81,12.44,12.6,76,era5_archive
2001-12-15,13.0,3.7,8.2,0.0,0.0,1.44,10.04,18.1,83,era5_archive
2001-12-16,12.7,3.3,7.3,0.0,0.0,1.59,12.26,7.9,81,era5_archive
2001-12-17,14.8,2.6,8.4,0.0,0.0,2.05,12.3,25.9,67,era5_archive
2001-12-18,15.0,5.4,9.9,0.0,0.0,1.82,12.32,12.0,74,era5_archive
2001-12-19,11.0,5.3,7.8,7.4,7.4,0.78,5.25,18.4,88,era5_archive
2001-12-20,8.7,3.9,6.1,3.1,3.1,1.1,9.13,21.4,84,era5_archive
2001-12-21,10.0,-1.2,4.9,0.0,0.0,1.55,12.21,9.3,77,era5_archive
2001-12-22,12.3,0.4,5.8,0.0,0.0,1.71,12.49,24.7,70,era5_archive
2001-12-23,13.7,2.1,7.3,0.0,0.0,1.74,12.53,10.5,73,era5_archive
2001-12-24,13.7,4.0,8.3,0.0,0.0,1.54,11.27,7.9,81,era5_archive
2001-12-25,14.9,2.4,8.3,0.0,0.0,1.96,12.35,13.0,74,era5_archive
2001-12-26,16.6,4.4,10.3,0.1,0.1,1.91,10.57,13.5,68,era5_archive
2001-12-27,18.9,6.9,12.0,0.3,0.3,2.27,11.51,14.7,63,era5_archive
2001-12-28,16.5,9.8,12.7,0.0,0.0,1.41,6.05,10.3,59,era5_archive
2001-12-29,13.8,6.9,10.1,0.0,0.0,1.13,7.31,21.3,87,era5_archive
2001-12-30,11.4,3.2,7.2,0.0,0.0,1.21,8.21,7.4,75,era5_archive
2001-12-31,13.9,4.0,8.9,0.7,0.7,1.33,9.11,5.6,72,era5_archive
2002-01-01,13.3,6.2,9.4,0.0,0.0,1.32,9.46,5.6,77,era5_archive
2002-01-02,14.1,4.6,9.0,0.0,0.0,1.46,8.85,18.8,80,era5_archive
2002-01-03,8.6,4.9,6.7,3.8,3.8,1.4,9.35,33.2,77,era5_archive
2002-01-04,10.2,2.2,5.8,0.0,0.0,1.89,12.09,23.4,70,era5_archive
2002-01-05,12.6,2.3,7.1,0.0,0.0,1.83,12.0,24.2,71,era5_archive
2002-01-06,9.8,2.0,5.3,0.4,0.4,1.6,12.18,26.6,76,era5_archive
2002-01-07,5.5,2.1,3.4,8.3,7.0,1.12,10.23,33.1,82,era5_archive
2002-01-08,7.3,1.9,4.2,13.3,10.6,0.84,7.99,26.6,90,era5_archive
2002-01-09,7.0,3.4,4.7,17.6,17.6,0.64,5.76,28.1,91,era5_archive
2002-01-10,6.2,1.3,3.7,8.2,7.9,0.84,7.19,22.1,86,era5_archive
2002-01-11,8.9,0.5,4.5,0.1,0.1,1.47,11.53,22.2,78,era5_archive
2002-01-12,8.5,0.6,4.3,0.0,0.0,1.23,9.81,17.9,81,era5_archive
2002-01-13,9.7,-1.7,3.5,0.0,0.0,1.57,12.37,8.7,74,era5_archive
2002-01-14,9.7,-2.8,3.1,0.0,0.0,1.67,13.58,14.3,75,era5_archive
2002-01-15,10.0,1.8,5.3,0.0,0.0,1.5,11.98,16.3,74,era5_archive
2002-01-16,11.3,2.4,6.5,0.0,0.0,1.54,11.3,14.7,76,era5_archive
2002-01-17,12.2,-0.1,6.0,0.0,0.0,1.85,14.14,10.0,78,era5_archive
2002-01-18,11.8,-0.2,5.5,0.0,0.0,2.08,14.75,18.7,68,era5_archive
2002-01-19,12.4,0.9,6.1,0.0,0.0,2.06,14.7,15.5,70,era5_archive
2002-01-20,10.4,1.5,5.7,3.8,3.8,1.3,10.52,13.8,87,era5_archive
2002-01-21,10.2,5.3,7.1,3.8,3.8,1.18,9.44,24.0,87,era5_archive
2002-01-22,8.8,5.4,6.7,10.6,10.6,0.72,5.58,22.6,93,era5_archive
2002-01-23,10.1,2.1,5.7,1.1,1.1,1.62,13.41,20.4,80,era5_archive
2002-01-24,10.6,-1.4,4.6,0.0,0.0,1.95,15.18,14.8,73,era5_archive
2002-01-25,10.3,0.6,4.7,0.0,0.0,2.19,15.43,22.3,61,era5_archive
2002-01-26,14.3,-0.8,6.2,0.0,0.0,2.46,15.36,14.8,59,era5_archive
2002-01-27,14.7,2.8,8.3,1.9,1.9,2.57,13.82,25.3,59,era5_archive
2002-01-28,10.8,4.0,7.2,6.1,6.1,0.94,7.25,25.0,88,era5_archive
2002-01-29,10.9,4.7,7.5,4.8,4.8,0.81,6.26,18.9,93,era5_archive
2002-01-30,12.3,4.1,7.1,0.0,0.0,1.94,14.38,9.5,80,era5_archive
2002-01-31,14.1,0.2,7.3,0.0,0.0,2.24,16.15,9.4,72,era5_archive
2002-02-01,14.5,0.6,6.9,0.0,0.0,2.54,16.37,14.0,64,era5_archive
2002-02-02,15.0,1.7,7.3,0.0,0.0,2.83,16.71,14.2,52,era5_archive
2002-02-03,16.7,0.7,8.3,0.0,0.0,2.68,16.69,7.8,51,era5_archive
2002-02-04,15.9,2.8,8.7,0.0,0.0,2.5,16.71,10.0,57,era5_archive
2002-02-05,15.8,1.0,8.1,0.0,0.0,3.04,16.47,15.5,51,era5_archive
2002-02-06,15.8,5.9,10.5,0.0,0.0,4.05,15.65,26.4,36,era5_archive
2002-02-07,18.0,7.2,12.4,0.0,0.0,3.36,14.31,19.1,40,era5_archive
2002-02-08,18.9,6.9,12.3,0.0,0.0,2.88,16.98,11.3,53,era5_archive
2002-02-09,19.3,4.6,11.7,0.0,0.0,3.64,16.89,21.6,50,era5_archive
2002-02-10,17.3,8.7,13.0,0.0,0.0,3.08,10.9,17.1,43,era5_archive
2002-02-11,12.6,8.0,10.3,6.7,6.7,2.04,11.97,28.6,72,era5_archive
2002-02-12,12.2,6.2,9.4,5.6,5.6,1.61,11.66,23.4,82,era5_archive
2002-02-13,12.2,6.2,8.7,3.4,3.4,1.44,10.14,13.9,83,era5_archive
2002-02-14,12.5,6.1,9.0,0.0,0.0,1.42,9.64,13.4,84,era5_archive
2002-02-15,15.9,3.2,9.7,0.0,0.0,2.46,17.01,8.8,79,era5_archive
2002-02-16,16.6,2.1,9.7,0.0,0.0,2.68,17.64,8.4,75,era5_archive
2002-02-17,15.4,3.9,9.5,0.0,0.0,2.48,17.56,15.6,81,era5_archive
2002-02-18,13.8,3.7,8.1,1.2,1.2,3.04,17.21,15.8,51,era5_archive
2002-02-19,13.9,-0.3,7.2,0.0,0.0,2.9,19.32,12.0,41,era5_archive
2002-02-20,14.9,0.2,8.0,0.0,0.0,2.76,19.21,10.8,50,era5_archive
2002-02-21,17.4,2.6,9.3,0.0,0.0,4.16,19.0,22.6,38,era5_archive
2002-02-22,18.6,5.1,11.1,0.0,0.0,4.1,19.45,18.8,40,era5_archive
2002-02-23,20.1,5.4,12.3,0.0,0.0,3.65,19.33,19.9,60,era5_archive
2002-02-24,13.4,8.5,11.1,3.5,3.5,2.86,14.98,30.3,64,era5_archive
2002-02-25,13.1,7.8,10.1,0.0,0.0,1.6,8.41,22.4,77,era5_archive
2002-02-26,12.1,4.1,9.1,0.5,0.5,2.29,16.74,32.0,74,era5_archive
2002-02-27,14.1,1.2,7.2,0.0,0.0,2.91,20.22,10.4,61,era5_archive
2002-02-28,16.3,1.3,8.4,0.0,0.0,3.53,20.57,15.1,45,era5_archive
2002-03-01,17.5,3.0,10.1,0.0,0.0,3.55,20.89,14.4,39,era5_archive
2002-03-02,18.9,4.6,11.4,0.0,0.0,3.54,20.87,7.7,42,era5_archive
2002-03-03,20.5,4.1,12.1,0.0,0.0,3.7,21.05,9.9,45,era5_archive
2002-03-04,21.5,5.6,13.1,0.0,0.0,4.13,21.01,15.8,37,era5_archive
2002-03-05,22.9,5.7,14.0,0.0,0.0,4.16,21.04,11.9,40,era5_archive
2002-03-06,23.2,8.5,15.4,0.0,0.0,5.05,21.2,16.0,32,era5_archive
2002-03-07,22.3,9.2,15.0,0.0,0.0,4.63,21.62,13.8,33,era5_archive
2002-03-08,23.2,5.9,15.3,0.0,0.0,4.38,21.88,9.7,34,era5_archive
2002-03-09,21.9,9.9,15.7,0.0,0.0,4.12,20.71,14.4,41,era5_archive
2002-03-10,24.5,9.7,16.8,0.0,0.0,5.44,21.76,22.4,35,era5_archive
2002-03-11,26.4,14.2,19.4,0.0,0.0,6.93,18.77,30.7,22,era5_archive
2002-03-12,23.1,11.8,17.8,0.0,0.0,4.4,15.04,22.2,39,era5_archive
2002-03-13,17.9,8.6,12.5,0.0,0.0,3.53,21.34,19.1,70,era5_archive
2002-03-14,15.8,6.5,10.9,0.0,0.0,2.4,14.53,19.9,79,era5_archive
2002-03-15,17.2,6.7,11.3,0.0,0.0,2.73,16.39,11.6,77,era5_archive
2002-03-16,20.4,5.6,12.8,0.0,0.0,3.64,21.03,13.3,71,era5_archive
2002-03-17,19.5,9.0,12.9,7.8,7.8,2.84,16.92,14.5,80,era5_archive
2002-03-18,17.5,10.0,12.9,0.8,0.8,2.78,17.71,7.7,83,era5_archive
2002-03-19,17.6,10.1,13.3,3.6,3.6,3.21,17.79,19.4,69,era5_archive
2002-03-20,14.3,8.2,10.5,1.8,1.8,2.07,15.25,28.1,84,era5_archive
2002-03-21,13.4,6.9,9.6,7.3,7.3,1.4,10.71,31.1,86,era5_archive
2002-03-22,14.9,7.4,10.9,4.2,4.2,2.22,15.96,39.4,83,era5_archive
2002-03-23,20.7,3.4,12.0,0.0,0.0,3.94,23.72,22.5,68,era5_archive
2002-03-24,21.2,6.6,14.2,0.0,0.0,4.2,23.94,23.6,60,era5_archive
2002-03-25,22.1,7.4,14.3,0.0,0.0,4.63,23.72,25.3,61,era5_archive
2002-03-26,11.7,6.7,9.3,6.9,6.9,1.9,16.01,27.1,82,era5_archive
2002-03-27,12.9,5.2,8.4,5.4,5.4,2.45,18.54,18.7,82,era5_archive
2002-03-28,12.0,5.0,7.9,8.6,8.6,2.18,17.5,26.3,82,era5_archive
2002-03-29,11.6,5.7,7.6,10.2,10.2,2.1,17.43,23.2,83,era5_archive
2002-03-30,13.2,3.1,8.5,1.9,1.9,2.33,16.3,12.4,75,era5_archive
2002-03-31,17.9,8.1,12.4,2.0,2.0,3.21,14.31,25.2,59,era5_archive
2002-04-01,16.4,7.4,11.6,1.8,1.8,2.69,18.23,18.6,76,era5_archive
2002-04-02,11.5,3.3,7.6,5.5,5.5,2.07,17.7,24.0,85,era5_archive
2002-04-03,12.9,6.7,9.4,3.2,3.2,1.91,15.19,30.1,86,era5_archive
2002-04-04,12.8,7.7,10.3,0.1,0.1,1.4,8.82,20.5,88,era5_archive
2002-04-05,23.5,6.3,14.7,0.0,0.0,4.55,24.46,19.2,70,era5_archive
2002-04-06,25.4,9.6,17.6,0.0,0.0,5.37,24.47,23.4,55,era5_archive
2002-04-07,16.7,8.3,12.3,0.0,0.0,3.17,22.23,28.7,78,era5_archive
2002-04-08,17.2,5.1,10.7,0.0,0.0,3.58,24.37,17.4,77,era5_archive
2002-04-09,18.7,4.8,11.4,0.0,0.0,3.88,24.92,14.3,76,era5_archive
2002-04-10,22.8,6.0,14.7,0.0,0.0,4.7,25.91,12.7,65,era5_archive
2002-04-11,23.1,9.7,16.1,0.0,0.0,4.6,24.36,12.5,56,era5_archive
2002-04-12,21.5,7.5,14.7,0.0,0.0,4.73,26.34,25.4,63,era5_archive
2002-04-13,23.6,8.7,16.1,0.0,0.0,4.9,26.14,13.7,57,era5_archive
2002-04-14,27.1,11.6,19.7,0.6,0.6,5.01,25.97,12.9,53,era5_archive
2002-04-15,28.9,14.3,20.9,0.0,0.0,4.57,18.29,20.9,47,era5_archive
2002-04-16,30.0,18.7,23.1,0.0,0.0,5.57,17.26,25.5,42,era5_archive
2002-04-17,23.2,11.1,18.0,0.0,0.0,5.02,25.57,25.0,58,era5_archive
2002-04-18,19.1,7.6,12.9,0.0,0.0,4.09,24.89,23.1,73,era5_archive
2002-04-19,17.4,9.7,13.1,0.2,0.2,3.19,18.83,18.7,76,era5_archive
2002-04-20,15.3,7.3,11.3,4.4,4.4,2.81,19.68,24.8,81,era5_archive
2002-04-21,15.9,9.3,11.9,1.9,1.9,2.91,19.23,23.9,77,era5_archive
2002-04-22,16.5,9.2,12.3,0.1,0.1,2.85,17.46,20.5,79,era5_archive
2002-04-23,19.8,6.7,13.3,0.0,0.0,4.43,27.0,13.0,68,era5_archive
2002-04-24,26.5,11.6,17.7,0.0,0.0,5.43,19.7,28.4,51,era5_archive
2002-04-25,18.8,9.3,13.4,0.0,0.0,4.08,25.52,23.4,72,era5_archive
2002-04-26,20.0,7.1,13.2,0.0,0.0,3.42,17.28,13.0,62,era5_archive
2002-04-27,20.0,7.5,12.9,0.0,0.0,4.5,25.86,23.1,68,era5_archive
2002-04-28,19.7,7.2,12.8,0.0,0.0,4.14,24.34,17.9,67,era5_archive
2002-04-29,21.8,6.0,13.5,0.0,0.0,4.97,28.0,17.3,64,era5_archive
2002-04-30,21.9,7.4,14.0,0.0,0.0,4.94,27.63,17.6,65,era5_archive
2002-05-01,22.7,6.4,14.4,0.0,0.0,5.02,27.42,22.3,66,era5_archive
2002-05-02,20.5,10.2,14.5,0.0,0.0,4.51,26.05,23.3,70,era5_archive
2002-05-03,18.7,8.7,13.8,0.3,0.3,3.74,21.42,22.9,74,era5_archive
2002-05-04,22.6,10.1,15.6,0.0,0.0,4.77,26.56,22.0,71,era5_archive
2002-05-05,24.1,9.1,16.4,0.0,0.0,5.64,28.85,17.9,56,era5_archive
2002-05-06,25.9,10.1,17.9,0.0,0.0,5.7,28.08,17.1,46,era5_archive
2002-05-07,26.2,9.5,17.8,0.0,0.0,5.88,28.29,23.9,55,era5_archive
2002-05-08,25.1,9.5,17.3,0.0,0.0,5.73,28.66,23.7,61,era5_archive
2002-05-09,23.8,9.5,16.7,0.0,0.0,5.19,27.45,14.5,61,era5_archive
2002-05-10,27.7,10.7,19.9,0.3,0.3,4.86,24.7,8.0,45,era5_archive
2002-05-11,28.4,17.0,22.3,0.0,0.0,6.77,28.65,24.8,35,era5_archive
2002-05-12,25.2,11.1,18.3,0.0,0.0,6.35,28.82,28.0,48,era5_archive
2002-05-13,27.2,10.2,19.2,0.0,0.0,6.48,29.44,24.2,43,era5_archive
2002-05-14,21.4,13.5,18.2,0.9,0.9,5.31,23.83,31.1,52,era5_archive
2002-05-15,19.2,11.6,15.1,1.1,1.1,3.46,19.11,23.9,74,era5_archive
2002-05-16,23.6,10.1,16.9,0.0,0.0,5.15,28.44,8.6,66,era5_archive
2002-05-17,29.2,11.4,19.8,0.0,0.0,5.93,28.36,25.4,59,era5_archive
2002-05-18,24.1,13.9,18.1,0.0,0.0,5.01,26.48,24.4,71,era5_archive
2002-05-19,24.5,13.3,18.0,0.0,0.0,5.13,26.81,19.7,70,era5_archive
2002-05-20,25.0,11.5,17.7,0.0,0.0,5.52,27.4,25.0,65,era5_archive
2002-05-21,26.6,10.9,18.7,0.0,0.0,6.16,29.46,20.8,53,era5_archive
2002-05-22,29.9,12.4,20.8,0.0,0.0,6.94,30.24,21.2,37,era5_archive
2002-05-23,24.6,12.3,18.1,0.0,0.0,5.38,27.41,23.0,64,era5_archive
2002-05-24,24.5,11.2,17.7,0.0,0.0,5.49,28.37,21.3,65,era5_archive
2002-05-25,29.9,11.9,21.2,0.0,0.0,6.04,30.04,8.0,49,era5_archive
2002-05-26,33.9,15.4,24.8,0.0,0.0,7.54,29.44,19.5,36,era5_archive
2002-05-27,30.2,14.4,22.4,0.0,0.0,6.99,29.92,21.3,52,era5_archive
2002-05-28,25.5,13.1,18.7,0.0,0.0,5.85,29.13,24.2,63,era5_archive
2002-05-29,27.9,11.9,19.4,0.0,0.0,5.92,28.47,20.3,63,era5_archive
2002-05-30,31.5,13.4,22.5,0.0,0.0,7.14,29.49,23.2,46,era5_archive
2002-05-31,28.6,14.0,21.5,0.0,0.0,6.75,29.35,24.5,44,era5_archive
2002-06-01,25.6,10.7,18.2,0.0,0.0,5.91,29.44,24.0,62,era5_archive
2002-06-02,25.7,12.9,18.9,0.0,0.0,5.67,28.34,22.2,65,era5_archive
2002-06-03,29.2,13.0,20.9,0.0,0.0,6.09,29.08,15.5,57,era5_archive
2002-06-04,26.4,14.2,19.7,0.0,0.0,6.29,28.48,27.9,58,era5_archive
2002-06-05,24.6,10.5,17.7,0.0,0.0,5.91,29.43,25.1,58,era5_archive
2002-06-06,26.4,11.7,18.9,0.0,0.0,5.88,29.39,17.1,60,era5_archive
2002-06-07,32.8,13.4,23.9,0.0,0.0,6.91,30.12,10.9,39,era5_archive
2002-06-08,36.0,16.9,27.2,0.0,0.0,7.99,30.27,14.9,19,era5_archive
2002-06-09,38.1,18.7,29.6,0.0,0.0,8.34,29.94,15.7,17,era5_archive
2002-06-10,38.0,22.7,30.3,0.0,0.0,7.64,29.05,20.0,24,era5_archive
2002-06-11,33.2,17.2,25.2,0.0,0.0,8.06,30.21,27.5,44,era5_archive
2002-06-12,27.4,15.7,20.8,0.0,0.0,6.14,28.56,24.5,62,era5_archive
2002-06-13,28.1,12.9,20.2,0.0,0.0,5.96,28.75,19.2,64,era5_archive
2002-06-14,30.5,13.4,21.7,0.0,0.0,6.37,29.13,18.6,62,era5_archive
2002-06-15,31.8,15.5,23.1,0.0,0.0,6.73,28.93,21.3,61,era5_archive
2002-06-16,30.7,14.5,22.4,0.0,0.0,6.79,29.32,21.5,58,era5_archive
2002-06-17,29.1,13.6,21.3,0.0,0.0,6.6,29.6,22.7,57,era5_archive
2002-06-18,29.4,14.7,21.9,0.0,0.0,6.81,28.91,29.4,60,era5_archive
2002-06-19,29.5,15.4,22.4,0.0,0.0,6.52,28.38,27.5,61,era5_archive
2002-06-20,28.1,15.2,21.5,0.0,0.0,6.64,29.42,22.3,56,era5_archive
2002-06-21,28.5,13.6,21.1,0.0,0.0,6.3,28.81,22.2,55,era5_archive
2002-06-22,29.2,14.2,21.7,0.0,0.0,6.32,28.94,19.0,57,era5_archive
2002-06-23,29.6,13.9,21.9,0.0,0.0,6.77,29.86,18.9,52,era5_archive
2002-06-24,29.6,13.0,21.7,0.0,0.0,6.81,30.27,19.3,51,era5_archive
2002-06-25,29.5,13.3,21.7,0.0,0.0,6.66,30.22,21.7,54,era5_archive
2002-06-26,31.5,14.7,23.2,0.0,0.0,6.67,28.34,26.7,62,era5_archive
2002-06-27,30.9,17.1,23.6,0.0,0.0,6.97,29.02,26.1,59,era5_archive
2002-06-28,30.3,16.2,22.9,0.0,0.0,6.31,28.47,21.8,67,era5_archive
2002-06-29,31.3,16.2,23.2,0.0,0.0,6.3,27.85,23.9,68,era5_archive
2002-06-30,32.2,17.0,24.2,0.0,0.0,6.83,28.91,23.1,62,era5_archive
2002-07-01,32.9,16.8,24.7,0.0,0.0,7.02,28.34,24.7,57,era5_archive
2002-07-02,33.5,16.7,24.9,0.0,0.0,7.28,29.55,22.1,54,era5_archive
2002-07-03,30.9,16.5,23.6,0.0,0.0,6.81,29.22,23.1,59,era5_archive
2002-07-04,30.8,17.1,23.3,0.0,0.0,6.46,27.94,25.3,64,era5_archive
2002-07-05,32.4,16.1,24.5,0.0,0.0,7.17,29.2,22.5,54,era5_archive
2002-07-06,34.8,17.9,26.2,0.0,0.0,7.3,29.57,19.5,46,era5_archive
2002-07-07,34.0,17.5,25.7,0.0,0.0,7.77,29.64,26.1,48,era5_archive
2002-07-08,33.0,16.5,24.9,0.0,0.0,7.38,29.12,26.6,54,era5_archive
2002-07-09,32.4,17.3,24.7,0.0,0.0,7.21,29.13,24.0,55,era5_archive
2002-07-10,33.6,18.0,26.1,0.0,0.0,7.43,29.67,19.7,41,era5_archive
2002-07-11,30.9,18.0,24.8,0.0,0.0,6.56,27.49,20.7,54,era5_archive
2002-07-12,30.5,17.4,23.8,0.0,0.0,6.35,28.09,19.1,64,era5_archive
2002-07-13,31.3,16.6,24.2,0.0,0.0,6.73,28.94,20.7,60,era5_archive
2002-07-14,30.4,17.0,23.7,0.0,0.0,6.34,27.66,24.0,66,era5_archive
2002-07-15,30.4,18.1,23.8,0.0,0.0,5.78,24.68,25.2,69,era5_archive
2002-07-16,32.6,18.1,25.1,0.0,0.0,6.19,26.57,19.8,66,era5_archive
2002-07-17,35.1,19.8,27.2,0.0,0.0,6.98,26.56,21.3,57,era5_archive
2002-07-18,35.1,19.1,27.4,0.0,0.0,7.16,26.76,21.7,53,era5_archive
2002-07-19,34.1,19.9,26.8,0.0,0.0,7.2,25.91,26.2,54,era5_archive
2002-07-20,32.3,18.8,25.4,0.0,0.0,6.8,26.93,22.9,54,era5_archive
2002-07-21,33.2,16.7,24.4,0.0,0.0,6.82,28.23,20.8,57,era5_archive
2002-07-22,32.0,15.9,23.6,0.0,0.0,6.72,28.59,24.6,61,era5_archive
2002-07-23,30.2,17.1,23.2,0.0,0.0,6.21,26.42,28.0,67,era5_archive
2002-07-24,30.5,19.1,24.6,0.0,0.0,5.98,24.41,25.1,66,era5_archive
2002-07-25,31.6,18.1,24.6,0.0,0.0,6.97,28.02,24.9,59,era5_archive
2002-07-26,32.4,16.6,24.6,0.0,0.0,7.26,28.43,24.1,50,era5_archive
2002-07-27,33.2,17.4,25.2,0.0,0.0,7.83,29.11,29.4,45,era5_archive
2002-07-28,33.4,17.4,25.3,0.0,0.0,7.2,28.17,26.4,58,era5_archive
2002-07-29,38.1,19.4,28.5,0.0,0.0,8.16,28.43,24.6,46,era5_archive
2002-07-30,39.8,21.9,30.8,0.0,0.0,8.82,28.61,25.4,31,era5_archive
2002-07-31,40.0,23.2,31.9,0.0,0.0,8.95,28.63,25.9,23,era5_archive
2002-08-01,39.2,23.8,31.4,0.0,0.0,8.71,28.8,21.9,23,era5_archive
2002-08-02,36.0,19.8,27.9,0.0,0.0,7.9,28.58,22.9,46,era5_archive
2002-08-03,32.9,18.1,25.3,0.0,0.0,6.85,27.96,20.1,57,era5_archive
2002-08-04,31.6,17.5,24.3,0.0,0.0,6.24,27.27,20.0,65,era5_archive
2002-08-05,33.4,18.7,25.5,0.0,0.0,6.68,26.94,22.2,63,era5_archive
2002-08-06,32.6,17.7,25.1,0.0,0.0,6.95,27.6,23.9,58,era5_archive
2002-08-07,33.2,19.1,25.6,0.0,0.0,7.09,27.1,26.8,59,era5_archive
2002-08-08,33.7,19.6,26.3,0.0,0.0,7.05,27.26,23.3,57,era5_archive
2002-08-09,31.4,18.2,24.6,0.0,0.0,6.55,26.67,27.2,60,era5_archive
2002-08-10,31.8,17.3,24.0,0.0,0.0,6.27,26.94,20.3,63,era5_archive
2002-08-11,33.5,16.2,24.6,0.0,0.0,6.55,27.45,20.5,60,era5_archive
2002-08-12,35.0,18.0,26.4,0.0,0.0,6.74,27.37,20.3,58,era5_archive
2002-08-13,35.2,19.3,27.0,0.0,0.0,7.64,27.5,28.3,55,era5_archive
2002-08-14,33.3,20.7,25.9,0.0,0.0,6.77,26.4,28.4,62,era5_archive
2002-08-15,29.2,19.3,23.5,0.0,0.0,5.78,24.12,27.9,66,era5_archive
2002-08-16,28.8,19.0,23.3,0.0,0.0,6.01,24.7,28.9,63,era5_archive
2002-08-17,28.8,17.4,22.6,0.0,0.0,5.79,24.94,27.8,66,era5_archive
2002-08-18,28.9,17.1,22.6,0.0,0.0,5.65,25.24,22.8,67,era5_archive
2002-08-19,29.9,15.8,22.5,0.0,0.0,5.83,26.39,17.7,66,era5_archive
2002-08-20,30.7,16.7,23.0,0.0,0.0,6.02,26.37,20.2,62,era5_archive
2002-08-21,29.9,15.4,22.3,0.0,0.0,5.95,26.25,21.5,64,era5_archive
2002-08-22,29.7,16.2,22.4,0.0,0.0,5.77,26.05,20.4,66,era5_archive
2002-08-23,30.5,16.1,22.8,0.0,0.0,5.8,25.99,18.3,63,era5_archive
2002-08-24,31.9,15.8,23.3,0.0,0.0,5.84,25.73,18.1,63,era5_archive
2002-08-25,33.1,17.8,24.5,0.0,0.0,6.18,24.98,22.7,63,era5_archive
2002-08-26,31.2,17.9,23.8,0.0,0.0,5.88,25.16,23.4,66,era5_archive
2002-08-27,31.5,17.5,23.9,0.0,0.0,6.08,25.34,22.8,65,era5_archive
2002-08-28,30.9,17.1,23.6,0.0,0.0,6.37,25.6,23.1,58,era5_archive
2002-08-29,30.8,15.5,23.2,0.0,0.0,6.19,26.02,18.9,54,era5_archive
2002-08-30,31.8,15.7,23.4,0.0,0.0,6.06,25.97,18.5,55,era5_archive
2002-08-31,30.6,15.9,22.8,0.0,0.0,5.85,25.28,19.6,61,era5_archive
2002-09-01,30.6,15.0,22.4,0.0,0.0,5.87,25.44,19.3,58,era5_archive
2002-09-02,31.2,15.6,22.8,0.0,0.0,6.01,25.79,20.8,55,era5_archive
2002-09-03,29.4,16.1,22.0,0.0,0.0,5.49,24.33,23.2,67,era5_archive
2002-09-04,28.9,16.3,21.9,0.0,0.0,5.26,24.01,18.8,69,era5_archive
2002-09-05,28.6,15.4,21.5,0.0,0.0,5.28,24.35,20.8,69,era5_archive
2002-09-06,28.1,15.0,21.1,0.0,0.0,5.17,23.81,20.8,68,era5_archive
2002-09-07,27.8,16.1,21.4,0.0,0.0,5.03,22.8,20.4,68,era5_archive
2002-09-08,28.1,15.3,21.2,0.0,0.0,4.99,23.07,17.3,68,era5_archive
2002-09-09,28.5,15.0,21.2,0.0,0.0,5.21,23.82,17.8,63,era5_archive
2002-09-10,31.0,15.1,23.1,0.0,0.0,5.59,24.31,17.7,49,era5_archive
2002-09-11,33.0,16.5,25.2,0.0,0.0,5.68,22.22,16.8,35,era5_archive
2002-09-12,26.9,18.4,22.2,0.0,0.0,4.72,20.66,21.8,66,era5_archive
2002-09-13,28.9,14.8,21.2,0.0,0.0,5.1,23.03,16.7,64,era5_archive
2002-09-14,28.9,15.2,21.5,0.0,0.0,5.04,22.96,16.3,62,era5_archive
2002-09-15,32.8,14.9,23.8,0.0,0.0,5.55,23.52,12.6,52,era5_archive
2002-09-16,34.1,20.1,26.6,0.0,0.0,5.82,23.26,11.5,34,era5_archive
2002-09-17,34.3,19.1,26.5,0.0,0.0,6.23,23.28,20.2,34,era5_archive
2002-09-18,33.2,18.3,25.0,0.0,0.0,6.25,22.02,27.1,40,era5_archive
2002-09-19,26.7,16.3,20.9,0.0,0.0,4.82,21.38,18.7,62,era5_archive
2002-09-20,28.7,14.7,21.6,0.0,0.0,4.69,22.2,11.2,55,era5_archive
2002-09-21,32.7,16.0,24.3,0.0,0.0,5.06,21.5,14.3,44,era5_archive
2002-09-22,30.9,17.4,23.2,0.0,0.0,5.02,21.04,18.2,64,era5_archive
2002-09-23,29.4,15.5,22.1,0.0,0.0,4.76,21.36,15.0,64,era5_archive
2002-09-24,30.9,16.1,23.0,0.0,0.0,4.94,21.95,13.8,57,era5_archive
2002-09-25,31.6,14.9,23.0,0.0,0.0,5.16,22.09,15.7,55,era5_archive
2002-09-26,30.6,15.2,22.3,0.0,0.0,5.09,22.32,19.5,58,era5_archive
2002-09-27,32.7,16.6,24.1,0.0,0.0,5.25,21.13,22.6,57,era5_archive
2002-09-28,34.0,17.4,25.7,0.0,0.0,5.26,20.85,14.9,45,era5_archive
2002-09-29,35.0,19.4,27.0,0.0,0.0,5.77,21.17,14.8,31,era5_archive
2002-09-30,35.5,19.4,27.9,0.0,0.0,5.68,21.0,10.6,21,era5_archive
2002-10-01,35.6,21.5,28.3,0.0,0.0,4.91,20.81,7.9,21,era5_archive
2002-10-02,33.2,19.0,24.6,0.0,0.0,4.94,19.55,23.5,52,era5_archive
2002-10-03,25.0,17.7,20.8,0.0,0.0,3.14,14.03,17.8,69,era5_archive
2002-10-04,24.2,15.3,19.2,0.0,0.0,3.77,18.25,14.2,67,era5_archive
2002-10-05,26.7,12.3,19.8,0.0,0.0,3.84,18.55,10.5,57,era5_archive
2002-10-06,28.8,13.9,21.2,0.0,0.0,4.21,19.72,10.9,60,era5_archive
2002-10-07,29.0,15.7,21.6,0.0,0.0,4.24,18.89,16.2,65,era5_archive
2002-10-08,27.4,14.1,20.4,0.0,0.0,4.13,19.1,15.6,64,era5_archive
2002-10-09,28.1,14.0,20.5,0.0,0.0,4.25,19.04,15.2,64,era5_archive
2002-10-10,30.6,14.7,22.4,0.0,0.0,4.07,18.14,10.3,62,era5_archive
2002-10-11,34.0,16.9,25.1,0.0,0.0,4.5,18.24,10.4,45,era5_archive
2002-10-12,34.5,19.5,26.5,0.0,0.0,6.71,17.1,21.7,21,era5_archive
2002-10-13,34.6,21.3,27.6,0.0,0.0,7.15,17.79,24.8,15,era5_archive
2002-10-14,31.4,20.7,25.5,0.1,0.1,4.23,13.37,21.0,31,era5_archive
2002-10-15,28.6,16.9,21.8,1.8,1.8,3.35,15.66,12.5,67,era5_archive
2002-10-16,23.1,15.3,18.6,0.1,0.1,2.79,14.38,13.7,76,era5_archive
2002-10-17,23.4,12.8,17.7,0.4,0.4,3.16,16.32,11.2,74,era5_archive
2002-10-18,26.7,13.2,19.6,0.0,0.0,3.76,17.2,11.9,62,era5_archive
2002-10-19,27.1,14.3,20.4,0.0,0.0,3.73,15.67,12.5,49,era5_archive
2002-10-20,28.0,15.2,20.8,0.0,0.0,3.89,14.63,16.3,48,era5_archive
2002-10-21,22.1,14.3,17.5,0.5,0.5,2.57,12.54,23.3,78,era5_archive
2002-10-22,24.4,10.0,17.7,0.0,0.0,3.2,17.64,8.5,59,era5_archive
2002-10-23,27.7,12.2,19.5,0.0,0.0,3.91,17.62,11.0,45,era5_archive
2002-10-24,29.0,14.4,21.1,0.0,0.0,3.99,17.42,9.5,40,era5_archive
2002-10-25,29.2,14.8,21.8,0.0,0.0,3.94,15.09,10.0,39,era5_archive
2002-10-26,26.9,16.0,20.4,0.0,0.0,3.43,15.35,17.7,68,era5_archive
2002-10-27,27.1,11.9,19.2,0.0,0.0,3.8,17.03,18.2,60,era5_archive
2002-10-28,26.0,12.1,18.1,1.0,1.0,2.91,14.38,10.0,67,era5_archive
2002-10-29,24.8,14.0,18.4,0.1,0.1,3.16,15.08,16.1,72,era5_archive
2002-10-30,23.4,12.4,17.5,0.0,0.0,2.93,14.95,12.5,72,era5_archive
2002-10-31,21.2,13.8,16.9,2.4,2.4,2.2,10.42,14.0,70,era5_archive
2002-11-01,22.0,11.9,16.4,0.0,0.0,2.77,14.33,13.4,72,era5_archive
2002-11-02,22.6,10.9,17.0,0.0,0.0,2.87,15.32,9.4,61,era5_archive
2002-11-03,22.8,11.3,17.1,0.0,0.0,3.92,16.3,19.9,54,era5_archive
2002-11-04,21.3,14.4,17.3,3.2,3.2,2.63,10.8,23.1,67,era5_archive
2002-11-05,21.3,13.5,16.5,4.5,4.5,2.07,11.17,16.6,79,era5_archive
2002-11-06,20.7,10.6,15.3,0.0,0.0,2.61,14.96,10.3,77,era5_archive
2002-11-07,20.8,9.8,15.3,0.0,0.0,3.05,14.35,20.0,68,era5_archive
2002-11-08,24.7,12.6,18.2,0.0,0.0,3.79,15.62,21.2,49,era5_archive
2002-11-09,26.0,12.8,19.4,0.3,0.3,3.97,11.11,24.7,44,era5_archive
2002-11-10,22.4,12.1,17.7,0.0,0.0,3.35,14.11,22.4,59,era5_archive
2002-11-11,21.2,7.7,14.7,0.0,0.0,2.91,13.8,16.5,64,era5_archive
2002-11-12,17.8,8.5,13.4,0.0,0.0,1.91,9.05,19.5,74,era5_archive
2002-11-13,18.8,11.0,14.5,0.0,0.0,2.16,11.12,16.0,76,era5_archive
2002-11-14,19.6,8.9,13.9,0.0,0.0,2.35,14.07,6.5,72,era5_archive
2002-11-15,21.3,9.1,14.4,0.0,0.0,2.66,14.82,10.4,62,era5_archive
2002-11-16,21.1,9.0,13.8,0.0,0.0,2.96,15.27,10.1,51,era5_archive
2002-11-17,20.3,6.4,12.6,0.0,0.0,3.1,15.28,11.0,32,era5_archive
2002-11-18,20.7,5.2,12.3,0.0,0.0,3.58,15.15,15.5,32,era5_archive
2002-11-19,21.5,8.0,13.3,0.0,0.0,3.68,14.88,13.8,27,era5_archive
2002-11-20,21.0,8.4,13.5,0.0,0.0,3.62,14.81,14.0,24,era5_archive
2002-11-21,20.9,5.5,12.8,0.0,0.0,3.88,14.73,18.1,30,era5_archive
2002-11-22,21.9,10.1,15.2,0.0,0.0,4.2,13.85,21.4,33,era5_archive
2002-11-23,21.2,11.7,15.3,0.0,0.0,2.88,13.56,17.7,56,era5_archive
2002-11-24,14.3,9.0,11.4,17.1,17.1,1.17,8.24,23.5,91,era5_archive
2002-11-25,15.5,7.4,10.8,0.0,0.0,1.81,11.65,20.5,80,era5_archive
2002-11-26,16.8,4.7,10.6,0.0,0.0,2.24,13.5,12.0,71,era5_archive
2002-11-27,17.0,6.9,11.3,0.0,0.0,2.42,12.54,17.9,61,era5_archive
2002-11-28,19.1,6.2,12.4,0.0,0.0,2.63,13.03,15.2,56,era5_archive
2002-11-29,14.1,9.3,11.3,6.8,6.8,2.0,6.38,24.3,64,era5_archive
2002-11-30,13.3,7.2,9.8,8.2,8.2,1.33,7.72,19.5,75,era5_archive
2002-12-01,14.1,5.6,9.4,0.0,0.0,1.36,9.14,8.7,84,era5_archive
2002-12-02,13.8,6.2,9.9,0.0,0.0,1.58,9.1,23.2,79,era5_archive
2002-12-03,15.2,7.3,10.7,0.0,0.0,1.58,11.29,17.2,82,era5_archive
2002-12-04,17.3,7.6,11.8,0.0,0.0,1.86,11.16,12.4,79,era5_archive
2002-12-05,16.4,8.4,11.9,0.0,0.0,1.88,12.23,21.8,79,era5_archive
2002-12-06,17.5,8.1,12.5,0.0,0.0,1.84,12.68,17.1,81,era5_archive
2002-12-07,17.2,8.8,12.3,0.0,0.0,1.86,12.36,5.5,74,era5_archive
2002-12-08,17.9,8.1,11.8,0.0,0.0,2.03,12.63,13.1,71,era5_archive
2002-12-09,14.0,5.7,9.9,3.7,3.7,1.35,8.84,26.4,78,era5_archive
2002-12-10,12.7,8.5,9.9,4.8,4.8,1.0,6.84,24.7,87,era5_archive
2002-12-11,11.7,7.7,9.4,9.1,9.1,0.87,6.24,25.3,90,era5_archive
2002-12-12,11.4,4.7,8.3,0.0,0.0,1.48,9.76,30.2,80,era5_archive
2002-12-13,10.4,2.6,5.8,0.0,0.0,1.64,12.84,10.9,72,era5_archive
2002-12-14,10.6,0.2,4.9,0.0,0.0,1.49,10.68,19.0,70,era5_archive
2002-12-15,11.8,0.4,6.3,0.0,0.0,1.56,11.62,10.5,69,era5_archive
2002-12-16,13.3,5.8,8.8,0.0,0.0,1.08,7.24,6.2,85,era5_archive
2002-12-17,10.7,5.7,8.2,7.3,7.3,0.94,6.51,14.8,87,era5_archive
2002-12-18,11.4,7.8,9.1,12.0,12.0,0.92,7.47,20.0,92,era5_archive
2002-12-19,12.6,8.4,10.0,3.9,3.9,1.22,6.03,27.7,84,era5_archive
2002-12-20,9.9,4.1,7.8,28.1,28.0,1.02,3.68,31.8,83,era5_archive
2002-12-21,7.0,2.5,4.3,5.4,5.3,1.16,10.62,31.9,83,era5_archive
2002-12-22,9.1,0.2,4.7,0.0,0.0,1.16,9.37,16.3,82,era5_archive
2002-12-23,10.1,3.2,6.5,0.1,0.1,1.02,7.8,8.5,82,era5_archive
2002-12-24,9.9,4.0,6.7,2.9,2.9,1.15,8.88,15.2,84,era5_archive
2002-12-25,9.9,6.6,8.0,3.6,3.6,0.75,5.75,17.8,91,era5_archive
2002-12-26,11.3,6.8,8.7,9.5,9.5,0.94,6.72,6.1,90,era5_archive
2002-12-27,11.7,4.4,7.5,0.5,0.5,1.1,8.61,10.5,90,era5_archive
2002-12-28,11.6,2.6,6.9,0.0,0.0,1.51,12.13,9.7,80,era5_archive
2002-12-29,12.8,2.3,7.0,0.0,0.0,1.8,12.75,17.8,76,era5_archive
2002-12-30,12.6,4.2,7.8,0.3,0.3,1.88,12.93,23.5,72,era5_archive
2002-12-31,12.6,3.1,7.7,0.1,0.1,1.42,10.48,13.9,82,era5_archive
2003-01-01,13.8,3.0,8.1,0.0,0.0,1.52,11.43,12.7,82,era5_archive
2003-01-02,13.1,3.4,7.8,0.5,0.5,1.39,9.99,15.3,82,era5_archive
2003-01-03,11.3,2.8,7.2,0.0,0.0,1.15,7.75,21.1,82,era5_archive
2003-01-04,11.1,6.0,8.7,0.8,0.8,0.75,4.55,23.1,89,era5_archive
2003-01-05,14.5,6.3,10.2,0.0,0.0,1.77,11.58,18.4,77,era5_archive
2003-01-06,17.3,3.9,10.4,0.0,0.0,2.06,13.37,10.6,66,era5_archive
2003-01-07,18.5,3.8,10.9,0.0,0.0,2.19,12.46,10.6,63,era5_archive
2003-01-08,18.5,6.4,11.5,0.0,0.0,2.23,13.56,10.2,61,era5_archive
2003-01-09,15.9,6.5,10.3,0.0,0.0,2.0,13.8,9.0,72,era5_archive
2003-01-10,16.7,2.6,9.1,0.0,0.0,2.13,13.94,9.2,67,era5_archive
2003-01-11,17.7,4.0,10.0,0.0,0.0,2.72,13.84,17.4,56,era5_archive
2003-01-12,18.9,8.0,12.0,0.0,0.0,2.99,13.97,21.3,53,era5_archive
2003-01-13,17.0,6.1,10.9,0.0,0.0,2.18,13.36,19.4,71,era5_archive
2003-01-14,13.6,7.8,10.2,0.1,0.1,1.49,8.41,26.9,83,era5_archive
2003-01-15,10.0,5.2,7.7,6.7,6.7,1.11,9.76,29.2,86,era5_archive
2003-01-16,10.9,4.4,7.2,0.0,0.0,1.51,10.47,25.2,77,era5_archive
2003-01-17,10.8,-0.9,4.9,0.0,0.0,1.74,13.81,12.9,79,era5_archive
2003-01-18,11.3,4.3,7.2,1.5,1.5,0.98,7.31,20.8,88,era5_archive
2003-01-19,10.1,2.2,6.4,0.0,0.0,1.63,9.68,15.4,72,era5_archive
2003-01-20,9.2,4.3,6.4,5.0,5.0,1.09,6.52,19.3,77,era5_archive
2003-01-21,11.3,4.7,7.6,3.1,3.1,1.18,9.04,13.6,88,era5_archive
2003-01-22,11.8,2.5,7.3,1.9,1.9,1.28,9.73,11.4,89,era5_archive
2003-01-23,12.6,2.5,7.6,0.2,0.2,1.35,9.95,10.5,85,era5_archive
2003-01-24,13.3,3.5,8.0,0.0,0.0,1.68,12.27,8.4,81,era5_archive
2003-01-25,14.0,4.3,9.0,0.0,0.0,1.84,12.19,12.9,75,era5_archive
2003-01-26,14.9,4.5,9.1,0.0,0.0,2.52,14.99,22.5,66,era5_archive
2003-01-27,13.9,5.1,8.8,6.7,6.7,2.07,12.79,23.7,75,era5_archive
2003-01-28,11.0,1.4,6.2,0.0,0.0,1.83,12.9,26.1,70,era5_archive
2003-01-29,12.2,2.0,6.8,0.0,0.0,1.77,11.49,23.5,73,era5_archive
2003-01-30,13.1,4.3,7.9,0.0,0.0,1.61,11.08,9.3,79,era5_archive
2003-01-31,15.6,4.5,9.1,0.0,0.0,2.58,15.94,26.6,62,era5_archive
2003-02-01,14.9,4.1,9.4,0.0,0.0,2.41,16.23,9.3,59,era5_archive
2003-02-02,16.6,3.6,9.0,0.0,0.0,2.6,16.16,17.8,64,era5_archive
2003-02-03,11.3,4.3,7.4,0.0,0.0,2.26,15.52,24.9,69,era5_archive
2003-02-04,9.5,2.9,6.1,1.6,1.6,1.53,10.79,31.6,76,era5_archive
2003-02-05,12.4,3.6,7.5,0.1,0.1,1.49,10.33,12.2,81,era5_archive
2003-02-06,15.1,3.9,8.3,0.0,0.0,2.83,16.13,25.6,57,era5_archive
2003-02-07,16.1,3.0,8.6,0.0,0.0,2.91,16.83,12.4,53,era5_archive
2003-02-08,9.7,4.7,7.0,6.8,6.8,1.37,8.97,23.9,79,era5_archive
2003-02-09,9.5,4.9,6.6,6.1,6.1,1.2,10.24,18.4,89,era5_archive
2003-02-10,9.3,4.8,6.6,4.1,4.1,1.31,10.61,16.9,88,era5_archive
2003-02-11,12.6,2.2,6.9,0.0,0.0,2.3,16.16,12.1,75,era5_archive
2003-02-12,12.2,5.9,8.5,4.3,4.3,2.05,9.05,31.7,64,era5_archive
2003-02-13,12.3,3.6,8.3,0.2,0.2,2.23,15.53,27.7,74,era5_archive
2003-02-14,10.1,6.0,7.5,7.0,7.0,1.13,9.59,25.4,91,era5_archive
2003-02-15,10.5,5.5,7.2,6.3,6.3,1.32,11.87,26.4,89,era5_archive
2003-02-16,11.1,3.8,7.1,0.0,0.0,1.82,13.77,26.2,79,era5_archive
2003-02-17,14.0,2.3,7.6,0.0,0.0,2.5,17.54,12.5,70,era5_archive
2003-02-18,19.1,7.2,11.3,0.4,0.4,3.15,16.54,34.5,66,era5_archive
2003-02-19,11.0,6.0,8.6,6.5,6.5,1.55,12.73,31.4,86,era5_archive
2003-02-20,9.1,4.9,6.4,14.9,14.9,1.23,9.96,30.9,85,era5_archive
2003-02-21,8.9,5.3,6.8,15.5,15.5,1.14,8.18,29.5,86,era5_archive
2003-02-22,9.2,3.4,6.0,1.9,1.9,1.53,12.01,22.6,83,era5_archive
2003-02-23,12.7,3.3,7.8,0.0,0.0,1.83,13.38,18.3,78,era5_archive
2003-02-24,8.1,2.1,5.2,9.1,8.9,1.05,10.38,29.4,87,era5_archive
2003-02-25,5.4,0.9,2.6,12.8,11.3,0.97,10.96,31.6,89,era5_archive
2003-02-26,8.1,0.9,3.9,12.5,6.8,1.26,12.88,25.7,89,era5_archive
2003-02-27,9.8,3.1,5.6,5.5,5.5,1.6,13.95,17.7,88,era5_archive
2003-02-28,11.1,2.4,6.3,0.0,0.0,2.05,15.14,10.0,79,era5_archive
2003-03-01,13.0,1.2,7.2,0.0,0.0,3.03,20.43,19.6,61,era5_archive
2003-03-02,14.5,4.8,9.9,0.0,0.0,3.72,15.1,35.9,48,era5_archive
2003-03-03,15.1,6.3,10.9,0.4,0.4,3.24,17.19,28.1,61,era5_archive
2003-03-04,13.8,7.8,9.9,0.1,0.1,1.99,14.03,15.0,83,era5_archive
2003-03-05,16.9,4.1,10.5,0.0,0.0,2.73,17.33,10.8,74,era5_archive
2003-03-06,13.9,5.9,9.3,5.6,5.6,2.19,16.12,22.0,80,era5_archive
2003-03-07,12.5,5.7,8.8,0.0,0.0,1.7,11.75,21.1,84,era5_archive
2003-03-08,17.1,3.0,9.8,0.0,0.0,3.37,21.06,18.5,69,era5_archive
2003-03-09,13.0,3.9,8.6,0.0,0.0,2.13,14.99,23.8,76,era5_archive
2003-03-10,13.4,3.0,7.9,0.0,0.0,2.21,15.6,14.8,83,era5_archive
2003-03-11,13.8,5.4,9.0,0.1,0.1,2.4,16.3,12.7,82,era5_archive
2003-03-12,10.3,4.1,7.0,7.1,7.1,1.53,14.03,25.1,90,era5_archive
2003-03-13,11.8,4.6,7.8,0.0,0.0,2.01,14.34,30.3,80,era5_archive
2003-03-14,16.3,3.7,9.7,0.0,0.0,3.09,21.37,8.4,74,era5_archive
2003-03-15,20.0,4.4,11.9,0.0,0.0,4.02,22.63,20.7,59,era5_archive
2003-03-16,16.8,6.5,11.5,0.1,0.1,3.05,17.36,21.4,65,era5_archive
2003-03-17,16.5,7.8,11.8,0.0,0.0,3.08,20.8,9.6,76,era5_archive
2003-03-18,13.7,5.3,9.3,0.6,0.6,3.32,21.23,35.9,65,era5_archive
2003-03-19,11.2,6.6,8.3,10.0,10.0,1.37,11.93,33.8,89,era5_archive
2003-03-20,10.9,5.7,7.7,4.3,4.3,1.94,17.61,28.8,84,era5_archive
2003-03-21,10.5,4.2,6.8,5.3,5.3,1.94,16.64,14.8,87,era5_archive
2003-03-22,11.3,4.0,7.2,2.5,2.5,2.23,18.48,19.5,86,era5_archive
2003-03-23,11.9,3.2,7.4,0.6,0.6,2.43,18.83,12.8,83,era5_archive
2003-03-24,11.5,3.6,7.5,5.6,5.6,1.37,9.4,20.1,87,era5_archive
2003-03-25,7.3,2.3,4.9,14.7,14.2,1.24,11.97,25.9,90,era5_archive
2003-03-26,11.8,2.2,7.0,9.9,8.9,1.4,11.31,43.9,87,era5_archive
2003-03-27,14.1,5.5,9.4,0.0,0.0,2.67,18.95,17.6,77,era5_archive
2003-03-28,15.8,2.3,9.2,0.0,0.0,3.51,23.52,12.1,68,era5_archive
2003-03-29,14.8,2.3,8.6,0.0,0.0,3.33,22.61,11.7,68,era5_archive
2003-03-30,14.7,2.9,9.0,0.0,0.0,3.19,21.41,14.5,74,era5_archive
2003-03-31,15.7,2.2,9.0,0.0,0.0,3.25,21.18,17.6,68,era5_archive
2003-04-01,18.7,4.1,11.4,0.0,0.0,3.95,24.67,11.7,59,era5_archive
2003-04-02,25.5,6.6,15.7,0.0,0.0,5.04,24.0,17.2,48,era5_archive
2003-04-03,27.1,12.8,19.4,0.0,0.0,5.47,24.4,16.5,47,era5_archive
2003-04-04,29.3,13.7,20.7,0.0,0.0,5.45,25.43,11.8,50,era5_archive
2003-04-05,31.9,14.5,22.2,0.0,0.0,6.62,25.04,20.6,43,era5_archive
2003-04-06,21.5,10.6,16.4,0.0,0.0,4.29,21.85,15.0,58,era5_archive
2003-04-07,22.1,7.7,15.0,0.0,0.0,4.56,24.71,14.0,61,era5_archive
2003-04-08,24.5,12.3,18.0,0.5,0.5,5.0,25.2,22.3,54,era5_archive
2003-04-09,17.8,7.9,12.5,0.0,0.0,4.01,25.85,21.3,71,era5_archive
2003-04-10,17.8,5.4,11.0,0.0,0.0,4.02,25.98,21.7,70,era5_archive
2003-04-11,21.8,5.1,13.7,0.0,0.0,4.57,26.0,10.7,62,era5_archive
2003-04-12,22.5,10.5,16.1,0.0,0.0,4.73,24.15,17.2,57,era5_archive
2003-04-13,19.6,6.6,13.3,0.1,0.1,4.23,25.39,20.6,67,era5_archive
2003-04-14,19.8,6.9,13.4,0.0,0.0,4.32,26.08,22.4,67,era5_archive
2003-04-15,16.8,8.3,11.9,12.3,12.3,2.75,18.9,20.9,82,era5_archive
2003-04-16,15.3,6.4,10.9,0.0,0.0,2.57,15.96,25.1,79,era5_archive
2003-04-17,21.6,7.4,14.0,0.0,0.0,4.52,26.25,9.4,70,era5_archive
2003-04-18,28.1,10.1,18.8,0.0,0.0,5.99,24.74,30.2,46,era5_archive
2003-04-19,22.5,10.7,16.8,0.0,0.0,5.16,26.67,21.6,57,era5_archive
2003-04-20,14.9,9.3,11.7,0.5,0.5,2.87,19.44,29.3,76,era5_archive
2003-04-21,14.8,9.4,11.6,1.7,1.7,2.34,14.83,18.4,80,era5_archive
2003-04-22,16.3,8.5,11.7,0.0,0.0,3.27,20.89,19.9,76,era5_archive
2003-04-23,22.7,6.7,14.8,0.0,0.0,4.85,27.24,11.8,59,era5_archive
2003-04-24,29.8,12.8,20.5,0.0,0.0,6.91,27.27,21.5,37,era5_archive
2003-04-25,27.4,12.5,18.7,0.0,0.0,6.22,23.35,39.1,48,era5_archive
2003-04-26,16.0,8.4,12.3,3.0,3.0,2.97,19.56,25.8,76,era5_archive
2003-04-27,13.9,7.5,10.3,3.8,3.8,2.37,17.5,27.8,81,era5_archive
2003-04-28,16.5,5.5,11.3,0.0,0.0,3.54,21.99,22.1,70,era5_archive
2003-04-29,19.2,6.2,12.6,0.0,0.0,4.81,28.73,13.2,58,era5_archive
2003-04-30,24.1,5.8,15.4,0.0,0.0,5.2,28.68,8.7,49,era5_archive
2003-05-01,27.1,10.8,19.0,0.0,0.0,6.47,28.42,14.9,34,era5_archive
2003-05-02,28.7,14.3,21.5,0.0,0.0,7.19,27.84,18.5,26,era5_archive
2003-05-03,29.8,14.9,22.6,0.0,0.0,7.58,28.71,14.2,25,era5_archive
2003-05-04,30.6,15.9,23.2,0.0,0.0,7.27,28.67,13.6,23,era5_archive
2003-05-05,30.8,15.8,23.5,0.0,0.0,6.5,25.28,13.0,25,era5_archive
2003-05-06,31.0,18.3,24.4,0.2,0.2,6.21,26.65,13.9,32,era5_archive
2003-05-07,31.1,16.6,23.6,0.0,0.0,6.54,27.86,15.8,38,era5_archive
2003-05-08,29.6,17.0,23.0,0.0,0.0,7.42,28.95,16.2,16,era5_archive
2003-05-09,29.4,15.8,23.2,0.0,0.0,8.86,26.16,26.5,16,era5_archive
2003-05-10,31.7,15.4,24.2,0.0,0.0,7.82,26.4,22.1,23,era5_archive
2003-05-11,31.8,18.1,25.2,0.0,0.0,7.47,25.96,16.9,25,era5_archive
2003-05-12,32.0,18.3,25.5,0.0,0.0,7.2,25.79,14.3,27,era5_archive
2003-05-13,34.4,18.4,26.3,0.0,0.0,7.35,25.17,22.2,27,era5_archive
2003-05-14,30.2,16.2,23.5,0.0,0.0,7.34,28.82,24.5,38,era5_archive
2003-05-15,28.8,12.1,21.1,0.0,0.0,6.95,29.05,24.9,39,era5_archive
2003-05-16,32.4,17.1,24.5,0.3,0.3,6.19,27.75,8.7,27,era5_archive
2003-05-17,30.6,15.9,24.0,0.0,0.0,7.09,28.95,20.9,31,era5_archive
2003-05-18,29.0,13.4,21.6,0.0,0.0,6.84,29.11,23.4,46,era5_archive
2003-05-19,29.3,14.6,21.6,0.0,0.0,6.51,28.8,20.0,47,era5_archive
2003-05-20,31.4,14.2,22.9,0.0,0.0,6.57,29.73,15.3,41,era5_archive
2003-05-21,26.6,14.7,20.7,0.0,0.0,6.07,27.32,28.6,56,era5_archive
2003-05-22,26.6,12.1,19.5,0.0,0.0,6.11,29.11,25.2,58,era5_archive
2003-05-23,27.6,11.2,19.7,0.0,0.0,6.23,29.75,18.2,54,era5_archive
2003-05-24,33.5,14.0,23.6,0.0,0.0,7.56,29.64,21.0,36,era5_archive
2003-05-25,30.1,14.8,22.4,0.0,0.0,6.3,26.75,18.1,49,era5_archive
2003-05-26,27.3,14.1,20.5,0.0,0.0,6.72,29.33,21.7,46,era5_archive
2003-05-27,23.9,11.5,17.9,0.0,0.0,5.4,27.69,24.2,63,era5_archive
2003-05-28,25.8,12.8,19.0,0.0,0.0,5.66,28.22,24.1,63,era5_archive
2003-05-29,34.1,12.8,24.7,0.0,0.0,6.73,23.01,24.9,42,era5_archive
2003-05-30,27.1,17.4,22.7,0.0,0.0,7.04,27.87,30.2,47,era5_archive
2003-05-31,23.9,13.1,18.9,0.0,0.0,4.95,23.66,21.1,64,era5_archive
2003-06-01,25.3,13.0,19.1,0.0,0.0,5.17,25.91,14.9,63,era5_archive
2003-06-02,25.4,12.0,18.9,0.0,0.0,5.49,27.8,22.8,66,era5_archive
2003-06-03,26.1,11.3,19.1,0.0,0.0,6.16,29.91,22.1,57,era5_archive
2003-06-04,29.1,11.3,20.5,0.0,0.0,6.21,30.08,14.2,46,era5_archive
2003-06-05,32.3,14.1,23.8,0.0,0.0,6.56,29.33,18.1,50,era5_archive
2003-06-06,33.8,19.0,26.4,0.0,0.0,6.86,28.79,14.3,33,era5_archive
2003-06-07,34.0,18.0,25.6,0.0,0.0,7.43,28.72,25.5,37,era5_archive
2003-06-08,29.5,14.7,22.9,0.0,0.0,7.26,29.96,21.8,40,era5_archive
2003-06-09,29.3,14.5,22.3,0.0,0.0,6.89,29.73,21.0,47,era5_archive
2003-06-10,29.7,13.2,21.8,0.0,0.0,6.89,30.29,19.5,50,era5_archive
2003-06-11,29.3,13.8,21.7,0.0,0.0,6.76,29.57,23.3,56,era5_archive
2003-06-12,28.9,14.1,21.6,0.0,0.0,6.22,28.21,21.8,61,era5_archive
2003-06-13,28.1,15.5,21.4,0.5,0.5,5.61,26.6,19.0,68,era5_archive
2003-06-14,28.7,15.7,22.0,0.4,0.4,5.37,25.12,17.4,68,era5_archive
2003-06-15,30.2,16.5,23.5,0.2,0.2,6.16,26.2,23.3,60,era5_archive
2003-06-16,31.8,16.5,24.4,0.0,0.0,7.05,27.62,23.8,50,era5_archive
2003-06-17,31.6,16.3,24.2,0.0,0.0,8.24,30.43,27.9,36,era5_archive
2003-06-18,30.3,16.1,23.7,0.0,0.0,7.9,29.99,27.6,36,era5_archive
2003-06-19,30.7,14.7,22.7,0.0,0.0,6.88,29.74,22.3,51,era5_archive
2003-06-20,30.6,15.6,22.9,0.0,0.0,6.92,29.32,26.0,58,era5_archive
2003-06-21,29.6,14.9,22.1,0.0,0.0,6.5,28.92,24.9,63,era5_archive
2003-06-22,28.1,16.1,21.8,0.0,0.0,6.32,28.53,28.5,65,era5_archive
2003-06-23,29.3,16.1,22.0,0.0,0.0,6.28,28.63,25.3,65,era5_archive
2003-06-24,31.9,15.6,23.6,0.0,0.0,6.71,28.85,19.3,59,era5_archive
2003-06-25,34.6,16.8,25.9,0.0,0.0,7.21,29.84,20.5,47,era5_archive
2003-06-26,32.4,15.7,24.2,0.0,0.0,7.61,30.4,24.9,48,era5_archive
2003-06-27,32.4,14.8,23.9,0.0,0.0,7.54,30.47,21.7,45,era5_archive
2003-06-28,32.3,14.6,23.9,0.0,0.0,7.26,29.79,21.9,49,era5_archive
2003-06-29,32.4,15.8,24.2,0.0,0.0,7.48,29.82,24.4,49,era5_archive
2003-06-30,31.9,15.8,23.8,0.0,0.0,7.15,29.09,28.0,55,era5_archive
2003-07-01,30.2,16.5,23.6,0.0,0.0,6.68,28.09,25.3,60,era5_archive
2003-07-02,32.7,17.8,24.8,0.0,0.0,6.84,28.86,19.9,58,era5_archive
2003-07-03,35.7,18.5,27.5,0.0,0.0,7.58,29.44,20.7,40,era5_archive
2003-07-04,35.0,18.5,26.9,0.0,0.0,7.93,30.07,21.1,33,era5_archive
2003-07-05,33.7,15.8,25.2,0.0,0.0,7.78,29.9,22.9,44,era5_archive
2003-07-06,35.6,16.9,26.6,0.0,0.0,8.4,29.79,27.7,42,era5_archive
2003-07-07,33.3,17.5,25.7,0.0,0.0,8.0,29.67,27.9,49,era5_archive
2003-07-08,30.5,17.9,23.7,0.0,0.0,6.57,27.96,22.1,60,era5_archive
2003-07-09,30.0,17.0,23.2,0.0,0.0,6.36,28.25,19.6,63,era5_archive
2003-07-10,30.1,16.4,22.9,0.0,0.0,6.21,27.73,22.3,66,era5_archive
2003-07-11,31.5,18.1,24.2,0.0,0.0,6.53,28.23,20.3,62,era5_archive
2003-07-12,31.3,16.0,23.6,0.0,0.0,6.85,29.17,21.8,57,era5_archive
2003-07-13,30.6,14.3,22.4,0.0,0.0,6.85,29.23,23.3,56,era5_archive
2003-07-14,30.5,14.6,22.2,0.0,0.0,6.46,29.05,22.6,64,era5_archive
2003-07-15,31.1,16.0,23.0,0.0,0.0,6.29,27.62,23.3,66,era5_archive
2003-07-16,31.1,17.2,23.6,0.0,0.0,6.69,28.38,24.3,61,era5_archive
2003-07-17,31.0,15.0,22.8,0.0,0.0,6.55,28.57,23.8,61,era5_archive
2003-07-18,32.2,16.3,23.9,0.0,0.0,6.78,28.81,23.7,61,era5_archive
2003-07-19,33.1,17.0,25.0,0.0,0.0,7.26,29.47,20.8,52,era5_archive
2003-07-20,33.5,16.5,25.2,0.0,0.0,7.47,29.66,20.8,44,era5_archive
2003-07-21,32.3,15.9,24.5,0.0,0.0,7.61,29.36,26.2,46,era5_archive
2003-07-22,30.4,16.2,23.3,0.0,0.0,6.6,27.88,27.3,62,era5_archive
2003-07-23,30.8,17.8,23.8,0.0,0.0,6.68,27.53,29.9,62,era5_archive
2003-07-24,30.8,17.1,23.7,0.0,0.0,6.62,27.43,28.2,64,era5_archive
2003-07-25,30.9,17.8,23.7,0.0,0.0,6.77,27.35,28.8,61,era5_archive
2003-07-26,31.3,16.6,24.0,0.0,0.0,6.91,28.05,25.6,59,era5_archive
2003-07-27,31.8,18.1,24.5,0.0,0.0,6.72,27.88,23.5,61,era5_archive
2003-07-28,31.7,16.3,24.0,0.0,0.0,6.6,28.04,22.7,62,era5_archive
2003-07-29,32.0,17.1,24.0,0.0,0.0,6.65,28.08,22.5,61,era5_archive
2003-07-30,31.1,17.1,23.6,0.0,0.0,6.29,27.24,22.4,64,era5_archive
2003-07-31,32.4,15.9,23.9,0.0,0.0,6.62,28.31,18.7,59,era5_archive
2003-08-01,34.9,16.6,25.7,0.0,0.0,7.05,28.66,17.6,48,era5_archive
2003-08-02,34.3,18.1,26.1,0.0,0.0,7.34,27.74,24.4,53,era5_archive
2003-08-03,33.0,17.9,25.2,0.0,0.0,7.05,27.85,22.2,54,era5_archive
2003-08-04,33.3,17.1,24.8,0.0,0.0,6.87,27.61,21.9,58,era5_archive
2003-08-05,33.9,17.8,25.1,0.0,0.0,6.63,27.11,21.1,60,era5_archive
2003-08-06,33.4,17.3,24.9,0.0,0.0,6.41,26.58,20.2,61,era5_archive
2003-08-07,33.3,18.7,25.6,0.0,0.0,6.46,26.65,20.6,63,era5_archive
2003-08-08,33.2,18.5,25.5,0.0,0.0,6.52,27.34,19.7,62,era5_archive
2003-08-09,34.2,18.4,26.0,0.0,0.0,6.5,26.02,20.2,60,era5_archive
2003-08-10,33.9,19.5,26.3,0.0,0.0,6.8,26.42,21.1,57,era5_archive
2003-08-11,32.6,18.9,25.2,0.0,0.0,6.76,26.75,20.4,55,era5_archive
2003-08-12,32.7,16.9,24.5,0.0,0.0,6.42,26.96,18.2,56,era5_archive
2003-08-13,32.6,16.3,24.2,0.0,0.0,6.49,27.24,20.1,58,era5_archive
2003-08-14,32.5,17.4,24.5,0.0,0.0,6.35,26.96,19.7,63,era5_archive
2003-08-15,33.8,16.9,25.0,0.0,0.0,6.57,27.51,18.0,56,era5_archive
2003-08-16,33.8,17.1,25.1,0.0,0.0,6.87,27.66,20.2,54,era5_archive
2003-08-17,33.3,16.8,24.9,0.0,0.0,6.95,27.77,20.9,54,era5_archive
2003-08-18,33.2,17.5,24.9,0.0,0.0,6.62,27.18,20.3,57,era5_archive
2003-08-19,33.5,17.3,25.1,0.0,0.0,6.26,26.16,20.7,62,era5_archive
2003-08-20,32.8,19.3,25.2,0.0,0.0,6.51,25.75,28.4,63,era5_archive
2003-08-21,31.5,18.1,24.3,0.0,0.0,6.34,26.05,26.1,62,era5_archive
2003-08-22,31.6,17.2,23.9,0.0,0.0,6.11,26.24,19.9,63,era5_archive
2003-08-23,32.3,16.0,24.0,0.0,0.0,6.46,27.02,21.9,57,era5_archive
2003-08-24,32.2,16.1,23.8,0.0,0.0,6.1,26.31,17.9,61,era5_archive
2003-08-25,33.4,17.0,24.8,0.0,0.0,6.54,26.33,18.4,53,era5_archive
2003-08-26,32.3,16.7,24.3,0.0,0.0,6.52,26.25,21.5,54,era5_archive
2003-08-27,30.1,15.2,22.5,0.0,0.0,6.07,25.83,22.1,61,era5_archive
2003-08-28,30.6,16.2,22.8,0.0,0.0,5.82,25.5,20.7,64,era5_archive
2003-08-29,33.3,17.5,24.7,0.0,0.0,6.11,25.68,17.9,59,era5_archive
2003-08-30,34.9,16.8,25.4,0.0,0.0,6.25,24.97,20.1,57,era5_archive
2003-08-31,34.0,18.3,25.3,0.0,0.0,6.16,24.4,21.9,60,era5_archive
2003-09-01,34.3,17.4,25.3,0.0,0.0,6.25,24.32,22.6,60,era5_archive
2003-09-02,33.8,18.5,25.7,0.0,0.0,6.18,24.6,18.8,57,era5_archive
2003-09-03,33.3,17.7,25.4,0.0,0.0,6.57,25.72,22.2,47,era5_archive
2003-09-04,31.0,17.4,23.7,0.0,0.0,5.87,24.03,23.6,63,era5_archive
2003-09-05,27.9,16.7,21.9,0.0,0.0,5.26,22.0,28.1,68,era5_archive
2003-09-06,26.6,16.5,20.9,0.0,0.0,5.23,23.53,21.7,61,era5_archive
2003-09-07,28.4,14.2,20.5,0.0,0.0,5.46,24.93,20.2,58,era5_archive
2003-09-08,29.4,14.4,21.3,0.0,0.0,5.4,25.04,14.3,51,era5_archive
2003-09-09,29.9,13.7,21.6,0.0,0.0,5.73,24.83,20.2,54,era5_archive
2003-09-10,30.7,14.6,22.3,0.0,0.0,5.81,24.18,24.3,56,era5_archive
2003-09-11,31.5,15.3,23.4,0.0,0.0,6.0,24.12,22.2,54,era5_archive
2003-09-12,32.8,16.8,24.3,0.0,0.0,6.36,23.7,26.3,51,era5_archive
2003-09-13,28.7,16.5,21.9,0.0,0.0,5.11,22.87,18.8,66,era5_archive
2003-09-14,29.4,14.4,21.4,0.0,0.0,5.16,23.62,15.1,62,era5_archive
2003-09-15,29.4,15.1,21.5,0.0,0.0,5.2,22.88,19.1,63,era5_archive
2003-09-16,29.2,14.3,21.0,0.0,0.0,5.27,22.53,23.1,64,era5_archive
2003-09-17,29.7,14.3,21.7,0.0,0.0,5.31,22.35,27.2,64,era5_archive
2003-09-18,27.3,17.2,21.4,0.0,0.0,5.11,22.17,24.9,64,era5_archive
2003-09-19,26.7,12.9,19.5,0.0,0.0,4.78,22.32,20.2,66,era5_archive
2003-09-20,27.4,14.1,20.1,0.0,0.0,4.79,22.61,15.6,61,era5_archive
2003-09-21,28.7,12.7,20.9,0.0,0.0,4.91,22.61,11.7,55,era5_archive
2003-09-22,31.9,15.5,23.5,0.0,0.0,5.17,22.54,10.2,40,era5_archive
2003-09-23,31.5,15.7,23.5,0.0,0.0,5.34,22.28,14.6,50,era5_archive
2003-09-24,29.8,15.9,22.2,0.0,0.0,5.1,21.83,18.3,61,era5_archive
2003-09-25,28.3,13.4,20.2,0.0,0.0,5.11,22.54,17.1,54,era5_archive
2003-09-26,29.4,13.2,20.7,0.0,0.0,4.79,22.47,10.9,48,era5_archive
2003-09-27,29.3,13.5,20.7,0.0,0.0,4.85,21.81,18.4,60,era5_archive
2003-09-28,26.9,12.3,19.1,0.0,0.0,4.46,20.99,21.5,70,era5_archive
2003-09-29,25.0,13.7,18.8,0.0,0.0,4.15,20.6,18.3,72,era5_archive
2003-09-30,25.2,13.1,18.8,0.0,0.0,4.03,19.45,20.0,72,era5_archive
2003-10-01,25.5,13.4,18.8,0.0,0.0,3.73,18.01,19.4,74,era5_archive
2003-10-02,24.3,13.7,18.6,0.0,0.0,3.42,17.13,15.5,76,era5_archive
2003-10-03,24.0,13.4,18.5,0.0,0.0,3.47,17.27,16.0,74,era5_archive
2003-10-04,26.3,13.1,19.5,0.0,0.0,4.06,20.59,10.0,63,era5_archive
2003-10-05,29.9,14.5,21.8,0.0,0.0,4.41,20.47,10.2,47,era5_archive
2003-10-06,31.2,16.7,23.5,0.0,0.0,4.82,20.23,12.0,36,era5_archive
2003-10-07,31.2,16.3,23.5,0.0,0.0,5.03,20.3,18.4,41,era5_archive
2003-10-08,29.1,13.7,20.8,0.0,0.0,4.53,20.06,18.2,58,era5_archive
2003-10-09,31.5,13.6,22.5,0.0,0.0,4.17,19.78,8.7,55,era5_archive
2003-10-10,29.7,15.9,22.3,0.0,0.0,4.37,17.9,21.3,58,era5_archive
2003-10-11,24.6,15.1,19.3,0.0,0.0,4.01,18.9,19.7,70,era5_archive
2003-10-12,22.9,11.8,16.8,0.0,0.0,3.68,19.04,14.7,68,era5_archive
2003-10-13,24.7,11.1,17.4,0.0,0.0,3.66,18.6,12.0,67,era5_archive
2003-10-14,28.1,12.1,19.6,0.0,0.0,4.08,18.87,13.5,64,era5_archive
2003-10-15,26.1,14.0,19.6,0.0,0.0,2.83,11.16,16.0,72,era5_archive
2003-10-16,25.5,15.3,19.4,0.0,0.0,3.28,16.4,12.9,76,era5_archive
2003-10-17,25.4,13.9,18.5,0.0,0.0,3.45,17.05,16.5,71,era5_archive
2003-10-18,24.3,10.5,16.9,0.0,0.0,3.49,17.46,17.4,69,era5_archive
2003-10-19,24.7,12.3,17.6,0.0,0.0,3.44,17.28,13.4,69,era5_archive
2003-10-20,27.8,11.1,19.4,0.0,0.0,3.6,17.54,9.0,59,era5_archive
2003-10-21,29.7,15.3,22.0,0.0,0.0,3.82,17.82,9.5,45,era5_archive
2003-10-22,30.5,15.6,22.8,0.0,0.0,4.18,17.54,8.7,34,era5_archive
2003-10-23,31.4,16.1,23.8,0.0,0.0,4.2,16.9,13.0,33,era5_archive
2003-10-24,30.0,16.8,22.9,0.0,0.0,4.41,17.92,15.6,39,era5_archive
2003-10-25,29.6,15.3,22.3,0.0,0.0,3.66,15.7,9.4,41,era5_archive
2003-10-26,29.7,16.4,22.7,0.0,0.0,4.37,15.79,19.3,42,era5_archive
2003-10-27,22.1,15.6,18.3,0.0,0.0,2.97,12.94,23.5,72,era5_archive
2003-10-28,22.6,13.7,17.7,0.1,0.1,3.4,14.47,28.2,73,era5_archive
2003-10-29,17.7,10.8,15.0,1.2,1.2,2.63,12.3,34.6,73,era5_archive
2003-10-30,17.4,8.0,12.3,0.0,0.0,2.59,16.32,9.6,63,era5_archive
2003-10-31,24.1,10.2,16.7,0.0,0.0,3.03,14.43,15.0,50,era5_archive
2003-11-01,27.2,14.8,20.4,0.1,0.1,3.8,15.88,12.2,40,era5_archive
2003-11-02,28.4,13.9,20.5,0.0,0.0,4.0,16.11,10.0,37,era5_archive
2003-11-03,28.2,11.9,19.8,0.0,0.0,3.93,16.27,11.5,43,era5_archive
2003-11-04,27.7,15.3,20.4,0.0,0.0,3.88,16.03,9.9,38,era5_archive
2003-11-05,28.1,12.8,20.7,0.0,0.0,3.46,15.67,8.9,35,era5_archive
2003-11-06,28.2,16.4,21.3,0.0,0.0,3.2,15.26,7.0,44,era5_archive
2003-11-07,23.9,13.6,17.9,0.0,0.0,2.95,14.3,16.4,68,era5_archive
2003-11-08,20.2,11.2,15.5,0.0,0.0,2.33,12.76,21.2,76,era5_archive
2003-11-09,18.9,12.3,14.8,0.6,0.6,1.86,10.17,13.6,82,era5_archive
2003-11-10,18.1,9.6,13.5,0.0,0.0,2.36,12.24,26.8,77,era5_archive
2003-11-11,14.8,11.1,12.7,4.5,4.5,1.71,9.4,27.9,78,era5_archive
2003-11-12,15.9,9.3,12.0,0.0,0.0,1.53,9.23,8.2,77,era5_archive
2003-11-13,16.9,6.7,11.4,0.0,0.0,2.31,14.91,14.7,76,era5_archive
2003-11-14,17.2,6.4,11.2,0.0,0.0,2.28,14.63,9.7,73,era5_archive
2003-11-15,17.3,4.9,11.0,0.0,0.0,2.64,14.88,15.6,57,era5_archive
2003-11-16,18.0,5.9,11.3,0.0,0.0,2.48,14.8,9.9,54,era5_archive
2003-11-17,18.6,6.1,12.2,0.0,0.0,2.37,14.72,6.4,51,era5_archive
2003-11-18,18.8,8.9,13.0,0.0,0.0,2.48,14.94,8.3,51,era5_archive
2003-11-19,16.6,4.3,10.8,0.0,0.0,1.98,11.61,20.8,76,era5_archive
2003-11-20,17.2,9.2,12.2,0.0,0.0,1.98,12.85,7.0,76,era5_archive
2003-11-21,19.2,6.1,12.2,0.0,0.0,2.4,14.21,9.2,64,era5_archive
2003-11-22,20.0,6.3,12.8,0.0,0.0,3.22,14.28,17.9,52,era5_archive
2003-11-23,20.1,8.6,14.1,2.1,2.1,3.64,12.71,22.7,44,era5_archive
2003-11-24,15.1,9.1,12.2,11.3,11.3,1.8,9.71,14.3,71,era5_archive
2003-11-25,16.4,7.6,11.5,0.0,0.0,1.86,12.61,7.9,79,era5_archive
2003-11-26,15.6,9.0,11.6,0.1,0.1,1.53,10.24,8.3,83,era5_archive
2003-11-27,15.3,7.6,11.1,0.0,0.0,1.5,9.88,9.7,82,era5_archive
2003-11-28,12.3,9.3,10.7,5.0,5.0,0.68,3.7,7.8,88,era5_archive
2003-11-29,15.0,7.1,10.6,0.0,0.0,1.47,10.23,7.6,83,era5_archive
2003-11-30,15.1,7.4,11.0,0.0,0.0,1.35,8.15,9.5,81,era5_archive
2003-12-01,14.6,8.3,11.2,0.1,0.1,1.06,5.79,10.7,80,era5_archive
2003-12-02,13.3,8.9,10.4,15.9,15.9,0.96,6.71,15.2,90,era5_archive
2003-12-03,13.4,7.5,10.1,4.2,4.2,1.3,9.16,5.5,87,era5_archive
2003-12-04,13.9,5.2,9.0,9.4,9.4,1.25,8.88,13.0,88,era5_archive
2003-12-05,11.8,5.5,9.0,17.2,17.2,0.95,6.08,18.8,87,era5_archive
2003-12-06,12.4,3.5,7.8,0.1,0.1,1.24,9.23,17.0,88,era5_archive
2003-12-07,14.6,8.0,10.3,0.0,0.0,1.5,9.76,13.8,80,era5_archive
2003-12-08,14.9,6.0,9.7,0.0,0.0,1.87,12.68,19.3,77,era5_archive
2003-12-09,16.3,6.5,10.5,0.0,0.0,1.67,11.33,14.7,80,era5_archive
2003-12-10,16.4,5.4,10.2,0.0,0.0,1.8,12.41,9.2,79,era5_archive
2003-12-11,15.9,5.1,9.5,0.0,0.0,1.85,12.51,12.6,80,era5_archive
2003-12-12,14.9,3.2,8.6,0.0,0.0,1.75,12.46,13.3,79,era5_archive
2003-12-13,13.9,5.9,9.3,0.0,0.0,2.32,11.58,22.2,61,era5_archive
2003-12-14,15.9,6.6,10.9,1.4,1.4,2.12,10.88,17.9,66,era5_archive
2003-12-15,15.0,8.5,11.8,20.5,20.5,0.82,5.16,12.3,86,era5_archive
2003-12-16,15.4,5.5,9.6,0.0,0.0,1.63,11.29,16.8,84,era5_archive
2003-12-17,15.8,4.1,9.7,0.0,0.0,1.97,11.72,19.7,76,era5_archive
2003-12-18,10.5,5.0,7.6,9.2,9.2,1.38,8.52,37.6,79,era5_archive
2003-12-19,7.6,3.1,5.4,8.2,8.2,0.85,7.04,30.2,86,era5_archive
2003-12-20,8.8,2.9,5.5,0.0,0.0,0.9,6.62,7.7,86,era5_archive
2003-12-21,10.5,2.2,5.8,0.0,0.0,1.58,11.06,18.8,73,era5_archive
2003-12-22,10.7,3.3,6.3,0.0,0.0,1.65,11.74,30.7,74,era5_archive
2003-12-23,11.6,3.5,6.7,0.0,0.0,1.32,9.99,7.6,78,era5_archive
2003-12-24,11.0,2.7,6.5,0.0,0.0,1.42,10.07,22.7,79,era5_archive
2003-12-25,12.7,3.5,7.6,0.0,0.0,1.61,12.31,19.7,78,era5_archive
2003-12-26,10.1,2.2,6.7,5.4,5.4,1.0,8.49,22.0,85,era5_archive
2003-12-27,10.1,0.8,5.5,0.0,0.0,1.58,10.2,17.7,67,era5_archive
2003-12-28,10.4,4.8,7.0,0.0,0.0,1.15,8.26,12.3,77,era5_archive
2003-12-29,12.3,2.2,6.8,0.0,0.0,1.55,11.61,9.6,82,era5_archive
2003-12-30,12.9,3.6,7.6,0.0,0.0,2.08,12.84,27.3,69,era5_archive
2003-12-31,13.4,3.1,7.9,0.0,0.0,1.77,12.96,22.6,75,era5_archive
2004-01-01,12.8,3.3,7.7,0.0,0.0,1.59,11.73,14.1,82,era5_archive
2004-01-02,13.5,3.0,8.0,0.0,0.0,1.77,12.9,20.6,77,era5_archive
2004-01-03,12.7,1.5,7.2,0.0,0.0,1.77,12.93,12.8,66,era5_archive
2004-01-04,14.1,0.9,6.6,0.0,0.0,1.93,13.23,16.6,67,era5_archive
2004-01-05,14.8,2.0,7.8,0.0,0.0,1.95,12.54,21.7,73,era5_archive
2004-01-06,13.2,4.0,7.9,0.0,0.0,1.49,10.4,13.0,82,era5_archive
2004-01-07,8.0,3.8,5.8,8.5,8.5,0.77,5.81,35.5,87,era5_archive
2004-01-08,7.6,3.4,4.8,5.4,5.4,0.88,8.65,20.5,90,era5_archive
2004-01-09,8.8,2.6,5.5,5.0,4.9,1.09,9.07,14.2,87,era5_archive
2004-01-10,10.9,3.8,6.4,0.2,0.2,1.18,8.76,10.8,82,era5_archive
2004-01-11,12.5,3.8,7.3,0.1,0.1,1.54,11.53,11.8,79,era5_archive
2004-01-12,11.0,2.7,5.9,5.7,5.7,1.24,9.34,18.5,84,era5_archive
2004-01-13,9.7,2.8,6.8,1.8,1.8,0.94,5.71,20.8,83,era5_archive
2004-01-14,8.8,6.7,7.5,8.2,8.2,0.61,4.14,21.3,91,era5_archive
2004-01-15,12.6,6.2,8.9,0.5,0.5,0.68,3.89,11.3,90,era5_archive
2004-01-16,14.3,5.0,9.1,0.0,0.0,1.48,10.37,13.0,83,era5_archive
2004-01-17,13.9,5.7,9.3,0.0,0.0,1.7,11.93,18.9,80,era5_archive
2004-01-18,12.3,3.7,7.3,0.0,0.0,1.73,13.42,4.4,80,era5_archive
2004-01-19,14.3,1.2,7.5,0.0,0.0,1.99,14.58,10.2,75,era5_archive
2004-01-20,14.6,3.4,8.5,0.0,0.0,1.92,14.41,14.8,80,era5_archive
2004-01-21,14.1,4.1,8.6,0.0,0.0,1.73,12.69,10.0,84,era5_archive
2004-01-22,12.6,6.6,9.3,7.3,7.3,1.18,4.29,25.4,79,era5_archive
2004-01-23,8.3,5.4,6.9,4.6,4.6,1.62,9.86,39.1,75,era5_archive
2004-01-24,8.1,3.6,5.7,2.0,2.0,1.29,7.92,28.6,78,era5_archive
2004-01-25,9.6,0.3,4.7,0.0,0.0,1.2,8.27,14.3,75,era5_archive
2004-01-26,9.0,1.7,5.4,4.2,4.2,1.03,9.06,17.1,86,era5_archive
2004-01-27,8.6,3.6,5.9,3.8,3.7,1.04,8.31,31.7,84,era5_archive
2004-01-28,11.0,4.1,7.2,0.0,0.0,1.48,11.12,10.5,82,era5_archive
2004-01-29,11.9,4.2,7.3,0.0,0.0,1.93,13.19,22.7,71,era5_archive
2004-01-30,14.3,3.2,8.3,0.0,0.0,2.06,15.42,15.0,73,era5_archive
2004-01-31,13.6,3.8,8.3,0.0,0.0,1.94,13.33,17.3,76,era5_archive
2004-02-01,9.1,3.3,6.1,9.3,9.3,1.33,11.33,25.9,85,era5_archive
2004-02-02,10.8,5.1,7.4,0.0,0.0,1.45,11.21,19.0,85,era5_archive
2004-02-03,11.3,2.2,6.5,0.1,0.1,1.64,12.05,11.8,84,era5_archive
2004-02-04,11.5,1.4,6.5,0.0,0.0,1.55,10.68,8.9,78,era5_archive
2004-02-05,10.5,3.4,6.7,1.2,1.2,1.5,10.85,11.5,81,era5_archive
2004-02-06,10.8,3.4,7.0,0.0,0.0,1.46,10.25,23.3,83,era5_archive
2004-02-07,12.3,5.6,8.5,0.0,0.0,1.38,9.89,16.2,85,era5_archive
2004-02-08,16.4,3.1,9.8,0.0,0.0,2.25,16.01,13.7,79,era5_archive
2004-02-09,17.8,6.1,10.8,0.0,0.0,3.01,17.28,16.9,62,era5_archive
2004-02-10,17.9,4.2,11.1,0.0,0.0,2.63,15.51,11.2,62,era5_archive
2004-02-11,12.3,7.4,9.6,0.0,0.0,1.41,10.65,26.9,88,era5_archive
2004-02-12,12.8,5.9,9.1,0.0,0.0,1.79,12.85,15.9,76,era5_archive
2004-02-13,13.8,1.9,8.2,0.0,0.0,2.31,15.22,29.2,73,era5_archive
2004-02-14,7.6,0.7,4.6,9.6,6.7,1.45,13.71,43.2,81,era5_archive
2004-02-15,4.8,-0.1,2.4,9.7,1.8,1.26,15.23,31.4,85,era5_archive
2004-02-16,9.6,2.4,5.8,0.5,0.5,1.18,8.24,23.4,82,era5_archive
2004-02-17,12.9,2.1,7.1,0.0,0.0,2.23,15.18,10.7,76,era5_archive
2004-02-18,13.6,3.2,8.1,1.2,1.2,2.54,17.91,12.4,67,era5_archive
2004-02-19,10.1,4.4,6.8,9.7,9.7,1.3,11.12,20.2,89,era5_archive
2004-02-20,12.1,5.0,8.1,0.0,0.0,2.03,15.13,10.5,81,era5_archive
2004-02-21,11.3,1.9,7.1,0.3,0.3,1.67,11.96,22.0,81,era5_archive
2004-02-22,7.4,1.2,4.5,2.8,2.8,1.69,14.33,45.6,74,era5_archive
2004-02-23,10.2,-0.6,5.0,0.0,0.0,2.34,18.85,28.4,70,era5_archive
2004-02-24,16.8,1.4,9.1,0.0,0.0,2.84,17.87,12.5,69,era5_archive
2004-02-25,20.4,5.7,12.4,0.0,0.0,3.55,19.36,14.6,60,era5_archive
2004-02-26,15.9,5.9,10.1,0.0,0.0,2.5,17.49,11.5,81,era5_archive
2004-02-27,18.8,3.6,11.3,0.0,0.0,3.09,19.73,7.9,74,era5_archive
2004-02-28,22.1,6.0,13.9,0.0,0.0,3.81,19.34,12.2,56,era5_archive
2004-02-29,23.4,8.7,15.9,0.0,0.0,5.03,19.41,25.5,40,era5_archive
2004-03-01,24.6,11.7,17.7,0.0,0.0,4.02,17.52,19.1,41,era5_archive
2004-03-02,25.6,11.5,18.7,0.0,0.0,3.71,17.37,16.1,50,era5_archive
2004-03-03,25.7,14.8,19.4,0.0,0.0,3.34,16.19,7.5,51,era5_archive
2004-03-04,28.1,11.5,19.0,0.0,0.0,4.59,19.17,16.7,47,era5_archive
2004-03-05,24.1,12.6,17.3,0.0,0.0,4.17,16.05,28.1,52,era5_archive
2004-03-06,12.2,5.9,9.8,13.9,13.9,0.78,3.59,22.1,86,era5_archive
2004-03-07,11.6,4.3,7.3,0.0,0.0,2.79,20.88,18.7,68,era5_archive
2004-03-08,14.6,0.8,8.0,0.0,0.0,3.07,21.76,5.5,69,era5_archive
2004-03-09,17.6,3.5,10.3,0.0,0.0,3.26,20.84,13.2,74,era5_archive
2004-03-10,16.8,3.9,9.8,0.0,0.0,3.3,21.68,16.2,74,era5_archive
2004-03-11,15.7,3.2,9.4,0.0,0.0,3.07,20.54,19.7,73,era5_archive
2004-03-12,14.4,5.5,9.1,0.0,0.0,2.91,20.91,19.4,78,era5_archive
2004-03-13,13.5,3.8,8.3,0.0,0.0,2.5,17.4,19.2,77,era5_archive
2004-03-14,12.8,4.1,7.9,0.7,0.7,2.84,19.2,22.7,72,era5_archive
2004-03-15,12.7,1.6,6.8,0.0,0.0,2.86,19.07,21.9,64,era5_archive
2004-03-16,13.8,0.3,7.3,0.0,0.0,3.29,23.12,7.7,62,era5_archive
2004-03-17,14.8,1.6,8.6,0.0,0.0,2.93,17.34,15.5,56,era5_archive
2004-03-18,13.9,2.8,8.2,0.0,0.0,3.07,20.66,21.7,72,era5_archive
2004-03-19,12.6,3.7,8.0,0.3,0.3,2.29,15.82,17.1,77,era5_archive
2004-03-20,14.7,2.8,9.0,0.0,0.0,2.69,17.33,10.0,72,era5_archive
2004-03-21,18.0,3.8,11.8,0.0,0.0,3.69,23.64,6.3,57,era5_archive
2004-03-22,20.7,3.8,12.3,0.0,0.0,4.84,24.52,15.5,42,era5_archive
2004-03-23,23.1,7.7,15.4,0.0,0.0,6.65,24.44,29.8,27,era5_archive
2004-03-24,23.5,10.9,17.4,0.0,0.0,6.49,22.9,27.3,33,era5_archive
2004-03-25,20.3,7.5,13.0,0.0,0.0,4.01,23.14,22.8,70,era5_archive
2004-03-26,22.0,7.2,13.8,0.0,0.0,4.1,23.1,13.8,68,era5_archive
2004-03-27,26.6,9.1,17.9,0.0,0.0,5.22,22.94,16.6,43,era5_archive
2004-03-28,27.2,12.4,19.3,0.0,0.0,6.05,22.92,21.9,32,era5_archive
2004-03-29,27.4,13.3,19.8,0.0,0.0,5.98,23.6,19.7,38,era5_archive
2004-03-30,23.3,11.0,17.0,0.0,0.0,4.36,20.04,22.9,58,era5_archive
2004-03-31,19.8,10.3,14.1,0.0,0.0,3.88,22.68,25.4,72,era5_archive
2004-04-01,20.9,7.8,14.0,0.0,0.0,4.24,24.11,12.8,62,era5_archive
2004-04-02,23.7,11.9,16.8,0.1,0.1,5.68,23.86,34.7,50,era5_archive
2004-04-03,16.9,10.0,12.9,0.2,0.2,2.72,15.71,22.8,78,era5_archive
2004-04-04,17.5,7.9,12.0,0.1,0.1,3.66,21.54,21.9,67,era5_archive
2004-04-05,18.4,4.4,11.4,0.0,0.0,4.35,26.4,10.1,44,era5_archive
2004-04-06,20.0,6.8,12.9,0.1,0.1,4.92,22.24,24.3,38,era5_archive
2004-04-07,19.9,5.3,12.6,0.0,0.0,4.37,25.7,14.3,63,era5_archive
2004-04-08,21.8,6.0,14.1,0.0,0.0,4.46,24.86,10.8,59,era5_archive
2004-04-09,23.7,9.7,16.6,0.0,0.0,5.02,25.52,10.9,39,era5_archive
2004-04-10,24.6,9.0,17.1,0.0,0.0,5.5,25.94,15.2,37,era5_archive
2004-04-11,26.0,11.3,18.3,0.0,0.0,6.04,27.28,14.4,32,era5_archive
2004-04-12,27.3,12.0,19.5,0.0,0.0,6.22,27.01,16.9,32,era5_archive
2004-04-13,28.0,11.9,20.2,0.0,0.0,5.81,26.93,18.3,34,era5_archive
2004-04-14,29.4,13.0,21.0,0.0,0.0,6.0,26.7,22.2,38,era5_archive
2004-04-15,23.4,11.9,17.1,0.0,0.0,5.47,22.78,28.8,45,era5_archive
2004-04-16,15.9,9.2,11.8,2.1,2.1,3.42,20.56,41.0,70,era5_archive
2004-04-17,18.7,7.7,12.5,0.0,0.0,4.79,27.24,22.5,55,era5_archive
2004-04-18,23.3,6.0,14.6,0.0,0.0,4.58,24.16,13.0,49,era5_archive
2004-04-19,19.6,11.3,15.3,3.2,3.2,3.21,13.9,24.9,61,era5_archive
2004-04-20,20.5,9.7,14.6,0.0,0.0,3.73,20.8,17.7,70,era5_archive
2004-04-21,30.0,9.5,18.8,0.0,0.0,6.06,25.98,24.8,52,era5_archive
2004-04-22,19.2,9.4,13.7,0.5,0.5,3.58,20.95,23.8,73,era5_archive
2004-04-23,16.9,6.0,12.0,0.0,0.0,3.26,17.96,22.9,68,era5_archive
2004-04-24,18.8,7.3,12.7,0.0,0.0,4.04,23.66,20.6,68,era5_archive
2004-04-25,22.0,6.9,14.4,0.0,0.0,4.94,28.42,7.7,55,era5_archive
2004-04-26,28.9,8.4,19.4,0.0,0.0,6.52,27.13,29.5,34,era5_archive
2004-04-27,29.3,11.9,21.3,0.0,0.0,6.76,26.75,17.2,34,era5_archive
2004-04-28,27.8,14.4,21.2,0.1,0.1,4.96,22.22,14.6,36,era5_archive
2004-04-29,27.6,13.9,20.2,0.5,0.5,5.84,25.33,28.2,44,era5_archive
2004-04-30,20.7,10.1,14.8,0.0,0.0,4.67,26.41,23.3,65,era5_archive
2004-05-01,23.8,8.6,16.0,0.0,0.0,5.45,28.02,22.5,56,era5_archive
2004-05-02,25.8,12.5,18.4,2.3,2.3,5.63,23.55,26.3,49,era5_archive
2004-05-03,22.3,9.3,16.1,0.4,0.4,5.05,26.57,17.5,60,era5_archive
2004-05-04,21.5,11.2,15.6,0.0,0.0,4.37,23.41,21.7,70,era5_archive
2004-05-05,25.5,9.2,17.6,0.0,0.0,5.57,28.36,15.3,57,era5_archive
2004-05-06,32.4,12.1,22.8,0.0,0.0,7.22,27.8,19.3,38,era5_archive
2004-05-07,29.5,15.2,22.4,0.0,0.0,7.44,29.1,24.8,36,era5_archive
2004-05-08,28.9,12.3,20.8,0.0,0.0,6.72,28.43,20.5,41,era5_archive
2004-05-09,31.7,12.2,22.9,0.0,0.0,6.7,26.38,17.7,30,era5_archive
2004-05-10,36.3,19.2,27.7,0.0,0.0,10.53,26.86,32.9,18,era5_archive
2004-05-11,24.1,14.1,18.5,0.0,0.0,5.69,27.32,27.2,59,era5_archive
2004-05-12,22.3,11.9,16.2,0.0,0.0,5.09,27.04,29.4,67,era5_archive
2004-05-13,24.4,11.4,17.6,0.0,0.0,5.59,28.52,23.3,63,era5_archive
2004-05-14,31.6,11.4,21.7,0.0,0.0,7.88,28.57,33.5,43,era5_archive
2004-05-15,20.8,12.8,16.3,0.0,0.0,5.02,24.97,37.3,64,era5_archive
2004-05-16,21.4,12.3,16.1,0.1,0.1,4.36,21.7,27.0,67,era5_archive
2004-05-17,22.6,10.9,16.3,0.0,0.0,5.01,26.33,19.4,64,era5_archive
2004-05-18,26.3,10.7,18.7,0.0,0.0,6.08,28.51,18.0,44,era5_archive
2004-05-19,26.5,14.4,20.2,0.2,0.2,5.39,22.47,22.3,46,era5_archive
2004-05-20,23.4,12.4,17.6,0.4,0.4,5.75,29.3,19.5,54,era5_archive
2004-05-21,25.4,7.9,17.2,0.5,0.5,5.38,26.46,22.1,59,era5_archive
2004-05-22,24.9,11.8,18.0,0.0,0.0,5.49,27.76,19.7,63,era5_archive
2004-05-23,26.4,9.9,17.9,0.0,0.0,6.0,29.11,21.5,58,era5_archive
2004-05-24,27.8,10.1,18.7,0.0,0.0,6.25,29.85,17.7,52,era5_archive
2004-05-25,29.2,10.1,19.8,0.0,0.0,6.5,29.91,19.4,53,era5_archive
2004-05-26,28.6,11.3,20.1,0.0,0.0,6.75,29.78,22.3,48,era5_archive
2004-05-27,28.6,14.0,21.3,0.0,0.0,7.3,29.21,26.3,38,era5_archive
2004-05-28,25.0,11.4,18.2,0.0,0.0,5.56,26.57,28.6,61,era5_archive
2004-05-29,26.6,11.1,19.1,0.0,0.0,6.24,29.64,23.7,55,era5_archive
2004-05-30,34.2,14.8,24.5,0.0,0.0,7.67,27.79,23.9,37,era5_archive
2004-05-31,28.0,13.4,21.2,0.0,0.0,6.95,29.81,24.2,48,era5_archive
2004-06-01,24.4,12.1,17.7,0.0,0.0,5.84,29.47,25.1,60,era5_archive
2004-06-02,24.9,11.6,17.6,0.0,0.0,5.58,28.63,20.7,64,era5_archive
2004-06-03,26.2,10.6,18.2,0.0,0.0,5.91,29.19,19.1,61,era5_archive
2004-06-04,28.5,11.8,19.8,0.0,0.0,6.18,28.83,17.1,57,era5_archive
2004-06-05,33.8,12.1,23.5,0.0,0.0,6.83,29.75,17.1,50,era5_archive
2004-06-06,34.4,16.5,25.2,0.0,0.0,7.78,29.48,25.0,47,era5_archive
2004-06-07,34.7,15.1,25.4,0.0,0.0,7.86,29.78,24.8,41,era5_archive
2004-06-08,32.2,17.0,24.3,0.0,0.0,7.55,29.69,23.9,42,era5_archive
2004-06-09,26.2,13.9,19.7,0.0,0.0,6.14,29.39,23.5,59,era5_archive
2004-06-10,27.1,12.4,19.3,0.0,0.0,5.85,28.66,22.8,66,era5_archive
2004-06-11,28.3,14.2,20.8,0.0,0.0,6.18,27.95,21.6,61,era5_archive
2004-06-12,30.2,14.7,22.2,0.0,0.0,6.66,29.25,21.1,54,era5_archive
2004-06-13,32.1,14.9,23.5,0.0,0.0,7.09,29.89,19.9,46,era5_archive
2004-06-14,31.4,14.8,23.1,0.0,0.0,7.36,29.85,26.3,49,era5_archive
2004-06-15,30.1,14.6,22.8,0.0,0.0,7.27,29.62,29.0,52,era5_archive
2004-06-16,31.1,15.2,23.5,0.0,0.0,7.26,29.52,25.7,52,era5_archive
2004-06-17,30.5,16.1,23.3,0.0,0.0,7.07,29.27,29.2,57,era5_archive
2004-06-18,32.3,15.1,24.0,0.0,0.0,7.24,29.51,22.9,52,era5_archive
2004-06-19,35.9,17.4,26.8,0.4,0.4,7.03,27.72,17.8,43,era5_archive
2004-06-20,31.1,18.2,24.6,0.0,0.0,7.01,29.19,24.3,51,era5_archive
2004-06-21,29.2,14.8,21.8,0.0,0.0,6.53,29.58,21.7,60,era5_archive
2004-06-22,29.0,14.4,21.3,0.0,0.0,6.11,28.15,22.6,65,era5_archive
2004-06-23,29.0,14.0,21.3,0.0,0.0,6.23,28.35,21.3,61,era5_archive
2004-06-24,28.8,14.4,21.5,0.0,0.0,6.13,28.14,19.2,63,era5_archive
2004-06-25,28.9,13.9,21.4,0.0,0.0,6.13,28.84,17.9,64,era5_archive
2004-06-26,28.4,14.4,21.3,0.0,0.0,6.02,28.69,21.7,67,era5_archive
2004-06-27,30.9,16.2,23.0,0.0,0.0,6.66,28.97,22.5,62,era5_archive
2004-06-28,31.0,15.2,23.2,0.0,0.0,7.37,29.79,26.9,51,era5_archive
2004-06-29,32.3,16.4,24.3,0.0,0.0,7.09,29.46,21.1,47,era5_archive
2004-06-30,35.0,17.0,26.4,0.0,0.0,7.05,29.79,15.6,45,era5_archive
2004-07-01,33.7,16.5,25.2,0.0,0.0,7.39,29.86,20.1,47,era5_archive
2004-07-02,34.2,16.0,25.1,0.0,0.0,7.32,30.24,19.8,45,era5_archive
2004-07-03,32.8,16.8,24.7,0.0,0.0,7.39,29.85,21.9,48,era5_archive
2004-07-04,31.5,14.7,23.5,0.0,0.0,7.23,30.1,23.1,50,era5_archive
2004-07-05,34.3,16.6,25.6,0.0,0.0,7.04,29.69,17.4,46,era5_archive
2004-07-06,38.0,18.2,28.8,0.0,0.0,6.99,28.31,13.5,44,era5_archive
2004-07-07,37.3,20.6,28.7,0.0,0.0,7.3,27.68,19.5,52,era5_archive
2004-07-08,35.3,20.5,27.5,0.0,0.0,7.34,26.8,22.9,49,era5_archive
2004-07-09,31.4,18.8,24.8,0.0,0.0,7.13,28.9,27.0,56,era5_archive
2004-07-10,31.6,18.5,24.4,0.0,0.0,6.51,26.37,27.3,64,era5_archive
2004-07-11,32.5,18.7,24.9,0.0,0.0,6.81,28.09,25.5,62,era5_archive
2004-07-12,33.1,16.3,24.8,0.0,0.0,7.24,29.11,22.9,55,era5_archive
2004-07-13,36.3,18.0,27.1,0.0,0.0,7.83,29.39,23.9,43,era5_archive
2004-07-14,36.7,18.2,27.9,0.0,0.0,8.77,29.76,25.5,33,era5_archive
2004-07-15,35.9,19.2,27.6,0.0,0.0,7.98,29.29,21.9,34,era5_archive
2004-07-16,35.0,18.8,27.2,0.0,0.0,7.3,27.71,21.1,43,era5_archive
2004-07-17,31.9,19.2,25.1,0.0,0.0,7.05,27.8,25.1,54,era5_archive
2004-07-18,31.4,15.3,23.5,0.0,0.0,6.76,28.98,18.7,51,era5_archive
2004-07-19,33.4,15.7,24.7,0.0,0.0,6.95,28.63,17.6,51,era5_archive
2004-07-20,33.6,17.5,25.3,0.0,0.0,7.36,28.53,24.4,51,era5_archive
2004-07-21,31.2,16.4,23.5,0.0,0.0,7.01,28.82,23.5,55,era5_archive
2004-07-22,30.7,14.9,22.7,0.0,0.0,6.47,28.32,21.8,61,era5_archive
2004-07-23,31.4,16.2,23.6,0.0,0.0,6.68,28.26,22.7,60,era5_archive
2004-07-24,31.2,15.8,23.4,0.0,0.0,6.69,28.12,23.5,58,era5_archive
2004-07-25,31.1,15.8,23.6,0.0,0.0,6.88,28.95,21.2,53,era5_archive
2004-07-26,31.8,15.3,23.9,0.0,0.0,6.95,29.17,21.7,51,era5_archive
2004-07-27,32.1,16.0,24.2,0.0,0.0,6.79,28.48,21.7,56,era5_archive
2004-07-28,32.3,16.7,24.2,0.0,0.0,6.78,28.02,24.0,60,era5_archive
2004-07-29,33.5,17.2,25.1,0.0,0.0,7.03,28.17,24.1,58,era5_archive
2004-07-30,35.1,17.8,26.5,0.0,0.0,7.77,28.32,26.1,52,era5_archive
2004-07-31,33.5,17.5,25.2,0.0,0.0,7.22,28.6,21.9,53,era5_archive
2004-08-01,32.6,15.5,23.9,0.0,0.0,7.01,28.31,21.6,54,era5_archive
2004-08-02,30.3,16.2,22.8,0.0,0.0,6.39,27.59,22.6,63,era5_archive
2004-08-03,29.3,17.8,22.7,0.0,0.0,6.25,26.36,27.8,63,era5_archive
2004-08-04,29.5,18.1,23.1,0.0,0.0,6.0,26.37,21.9,63,era5_archive
2004-08-05,30.9,15.9,22.9,0.0,0.0,6.07,27.24,22.2,68,era5_archive
2004-08-06,31.4,18.2,23.9,0.0,0.0,6.37,27.17,25.6,66,era5_archive
2004-08-07,31.8,16.0,23.5,0.0,0.0,6.53,27.41,24.0,62,era5_archive
2004-08-08,31.6,16.8,23.6,0.0,0.0,6.72,27.13,26.1,60,era5_archive
2004-08-09,31.7,15.8,23.8,0.0,0.0,6.72,28.02,20.7,56,era5_archive
2004-08-10,31.8,15.7,23.3,0.0,0.0,6.41,27.61,21.0,62,era5_archive
2004-08-11,30.6,15.9,22.9,0.0,0.0,6.12,26.07,26.9,66,era5_archive
2004-08-12,29.6,18.7,23.4,0.0,0.0,5.71,25.08,20.3,66,era5_archive
2004-08-13,31.4,16.8,23.6,0.0,0.0,5.84,26.17,17.7,67,era5_archive
2004-08-14,32.6,17.5,24.6,0.0,0.0,6.42,27.08,18.3,60,era5_archive
2004-08-15,31.9,16.4,23.8,0.0,0.0,6.62,27.78,21.3,57,era5_archive
2004-08-16,31.6,15.5,23.3,0.0,0.0,6.44,27.8,20.0,56,era5_archive
2004-08-17,32.4,15.4,24.1,0.0,0.0,6.87,27.62,23.7,54,era5_archive
2004-08-18,30.3,16.5,23.2,0.0,0.0,6.49,27.12,27.0,58,era5_archive
2004-08-19,30.1,17.3,22.6,0.0,0.0,5.86,26.2,20.4,65,era5_archive
2004-08-20,31.3,16.5,23.1,0.0,0.0,5.89,26.37,18.9,66,era5_archive
2004-08-21,31.3,16.8,23.5,0.0,0.0,6.06,26.17,21.1,64,era5_archive
2004-08-22,32.7,17.2,24.3,0.0,0.0,6.41,26.76,20.9,55,era5_archive
2004-08-23,32.8,16.4,24.3,0.0,0.0,6.61,27.04,20.3,52,era5_archive
2004-08-24,34.4,17.2,25.4,0.0,0.0,6.45,26.75,18.7,53,era5_archive
2004-08-25,33.7,17.7,25.1,0.0,0.0,6.35,26.18,19.1,56,era5_archive
2004-08-26,32.8,16.5,24.1,0.0,0.0,6.01,25.21,18.0,59,era5_archive
2004-08-27,33.2,16.7,24.3,0.0,0.0,6.28,26.17,20.1,58,era5_archive
2004-08-28,33.4,17.4,24.6,0.0,0.0,6.48,25.95,20.7,57,era5_archive
2004-08-29,32.5,16.4,23.9,0.0,0.0,6.12,25.57,22.9,62,era5_archive
2004-08-30,31.9,16.0,23.4,0.0,0.0,5.88,24.7,19.1,61,era5_archive
2004-08-31,32.7,14.9,23.3,0.0,0.0,5.99,25.12,18.5,58,era5_archive
2004-09-01,32.2,15.7,23.4,0.0,0.0,6.1,24.96,22.9,58,era5_archive
2004-09-02,31.2,15.6,22.9,0.0,0.0,5.87,25.2,18.9,58,era5_archive
2004-09-03,32.2,14.7,23.1,0.0,0.0,5.64,24.47,16.2,61,era5_archive
2004-09-04,31.5,17.4,23.5,0.0,0.0,5.59,23.91,18.6,66,era5_archive
2004-09-05,30.4,14.9,22.3,0.0,0.0,5.28,23.23,22.7,69,era5_archive
2004-09-06,31.2,17.0,23.6,0.0,0.0,5.82,24.05,17.7,58,era5_archive
2004-09-07,34.1,15.5,25.4,0.0,0.0,6.03,24.59,14.5,42,era5_archive
2004-09-08,35.5,18.2,26.5,0.0,0.0,6.45,23.86,18.2,42,era5_archive
2004-09-09,30.9,17.5,23.6,0.0,0.0,6.05,23.91,23.2,54,era5_archive
2004-09-10,27.6,16.6,21.3,0.0,0.0,4.96,22.65,20.5,66,era5_archive
2004-09-11,26.9,15.0,20.4,0.0,0.0,5.04,23.63,18.8,64,era5_archive
2004-09-12,27.8,14.0,20.3,0.0,0.0,5.33,23.92,20.8,59,era5_archive
2004-09-13,27.6,13.7,20.1,0.0,0.0,5.32,24.24,16.7,52,era5_archive
2004-09-14,29.9,12.9,21.4,0.0,0.0,4.98,23.91,10.9,54,era5_archive
2004-09-15,31.7,14.7,22.9,0.0,0.0,5.39,23.55,16.2,55,era5_archive
2004-09-16,29.3,15.2,21.2,0.0,0.0,5.3,22.84,20.7,61,era5_archive
2004-09-17,28.6,13.6,20.5,0.0,0.0,5.02,23.37,15.8,63,era5_archive
2004-09-18,30.7,13.1,21.8,0.0,0.0,4.92,22.69,12.4,59,era5_archive
2004-09-19,32.6,15.2,23.6,0.0,0.0,5.08,22.66,13.8,57,era5_archive
2004-09-20,33.4,15.4,24.7,0.0,0.0,5.18,22.49,13.2,52,era5_archive
2004-09-21,33.4,16.1,25.1,0.0,0.0,5.37,22.63,15.5,45,era5_archive
2004-09-22,32.5,16.4,24.0,0.0,0.0,5.32,22.81,12.1,41,era5_archive
2004-09-23,29.7,15.9,22.2,0.0,0.0,5.26,21.86,21.6,58,era5_archive
2004-09-24,29.7,16.5,22.1,0.0,0.0,4.42,20.15,14.0,67,era5_archive
2004-09-25,29.9,16.6,22.2,0.0,0.0,4.73,20.39,19.1,68,era5_archive
2004-09-26,30.6,15.0,22.2,0.0,0.0,4.73,21.63,11.4,60,era5_archive
2004-09-27,34.0,16.2,25.0,0.0,0.0,4.73,21.5,8.8,48,era5_archive
2004-09-28,36.0,19.2,27.5,0.0,0.0,5.21,21.86,8.7,31,era5_archive
2004-09-29,35.9,20.9,28.6,0.0,0.0,5.38,21.67,14.1,20,era5_archive
2004-09-30,34.9,23.3,28.0,0.0,0.0,5.56,21.52,19.0,24,era5_archive
2004-10-01,33.0,18.9,25.3,0.0,0.0,5.72,21.64,18.8,29,era5_archive
2004-10-02,31.1,16.0,23.2,0.0,0.0,5.14,21.07,17.6,45,era5_archive
2004-10-03,28.7,14.3,20.9,0.0,0.0,4.56,20.54,15.5,60,era5_archive
2004-10-04,27.9,14.3,20.5,0.0,0.0,4.22,19.75,11.8,60,era5_archive
2004-10-05,30.4,15.2,22.3,0.0,0.0,4.28,20.43,8.5,47,era5_archive
2004-10-06,27.0,16.0,20.7,0.0,0.0,4.03,18.69,18.9,70,era5_archive
2004-10-07,26.3,13.8,19.4,0.0,0.0,4.13,19.43,14.3,66,era5_archive
2004-10-08,24.8,12.9,18.5,0.0,0.0,4.02,19.73,17.3,66,era5_archive
2004-10-09,24.1,12.2,17.7,0.0,0.0,3.89,19.41,14.1,67,era5_archive
2004-10-10,26.9,11.9,19.1,0.0,0.0,4.15,19.12,14.8,62,era5_archive
2004-10-11,30.1,13.1,21.9,0.0,0.0,3.82,18.26,7.8,51,era5_archive
2004-10-12,28.4,15.5,21.5,0.6,0.6,3.71,15.24,16.9,65,era5_archive
2004-10-13,26.4,15.8,20.4,1.4,1.4,3.45,16.81,10.5,72,era5_archive
2004-10-14,27.8,14.8,21.2,0.0,0.0,3.55,17.63,8.2,62,era5_archive
2004-10-15,27.9,14.7,21.1,0.0,0.0,4.09,18.34,12.3,60,era5_archive
2004-10-16,28.8,14.1,21.5,0.0,0.0,4.01,18.25,11.7,55,era5_archive
2004-10-17,29.7,15.6,22.8,0.0,0.0,3.89,17.91,8.4,39,era5_archive
2004-10-18,30.6,14.5,23.2,0.0,0.0,4.08,18.09,8.8,37,era5_archive
2004-10-19,30.3,16.5,23.0,0.0,0.0,4.06,18.13,10.2,38,era5_archive
2004-10-20,28.2,14.2,20.8,0.0,0.0,4.22,18.16,17.8,55,era5_archive
2004-10-21,25.3,13.1,18.6,0.0,0.0,3.75,17.14,22.7,68,era5_archive
2004-10-22,25.7,13.4,19.3,0.0,0.0,3.43,17.3,10.5,61,era5_archive
2004-10-23,26.2,12.7,19.8,0.0,0.0,3.77,17.51,12.2,47,era5_archive
2004-10-24,27.5,12.7,19.8,0.0,0.0,3.59,17.15,9.7,43,era5_archive
2004-10-25,29.2,14.4,21.6,0.0,0.0,3.71,16.04,9.0,35,era5_archive
2004-10-26,30.6,16.2,23.4,0.0,0.0,4.79,15.29,18.2,24,era5_archive
2004-10-27,30.7,16.6,23.1,0.0,0.0,4.3,14.73,11.4,28,era5_archive
2004-10-28,29.8,17.6,22.7,0.2,0.2,4.07,14.42,12.4,37,era5_archive
2004-10-29,22.3,14.6,18.0,11.4,11.4,1.97,10.91,10.8,83,era5_archive
2004-10-30,21.5,11.7,16.3,0.0,0.0,2.6,14.71,10.3,79,era5_archive
2004-10-31,22.9,11.6,17.2,0.0,0.0,2.88,15.03,11.0,66,era5_archive
2004-11-01,22.7,11.6,17.3,0.7,0.7,3.19,14.07,16.5,61,era5_archive
2004-11-02,23.0,11.9,17.0,0.0,0.0,2.99,13.91,13.0,63,era5_archive
2004-11-03,22.7,11.2,16.5,0.0,0.0,2.95,14.97,11.5,66,era5_archive
2004-11-04,23.6,12.3,17.5,0.0,0.0,2.99,14.23,14.0,64,era5_archive
2004-11-05,24.2,14.6,18.5,0.4,0.4,2.73,13.35,12.1,64,era5_archive
2004-11-06,24.8,13.2,18.6,0.7,0.7,2.61,14.49,5.5,66,era5_archive
2004-11-07,24.0,15.3,18.9,0.0,0.0,2.61,13.52,7.7,54,era5_archive
2004-11-08,22.3,10.6,16.6,0.0,0.0,2.58,13.19,11.5,69,era5_archive
2004-11-09,21.8,13.0,16.6,0.0,0.0,2.67,14.21,14.8,71,era5_archive
2004-11-10,23.1,10.3,16.3,0.0,0.0,2.63,14.36,7.7,59,era5_archive
2004-11-11,23.3,10.9,16.5,0.0,0.0,2.65,13.73,9.7,60,era5_archive
2004-11-12,23.4,11.9,16.8,0.0,0.0,3.02,14.52,12.9,63,era5_archive
2004-11-13,21.5,10.9,15.7,0.0,0.0,2.1,10.37,10.5,74,era5_archive
2004-11-14,23.8,12.4,17.1,0.0,0.0,3.07,14.57,14.3,62,era5_archive
2004-11-15,22.6,10.2,16.6,0.0,0.0,3.18,12.25,16.5,59,era5_archive
2004-11-16,22.9,12.7,17.7,0.0,0.0,2.73,9.79,17.8,60,era5_archive
2004-11-17,18.6,12.2,15.0,7.5,7.5,1.62,9.36,30.1,88,era5_archive
2004-11-18,15.8,10.5,12.6,7.0,7.0,1.58,10.33,17.7,85,era5_archive
2004-11-19,16.5,8.0,12.0,0.0,0.0,1.68,11.2,4.1,75,era5_archive
2004-11-20,17.0,8.0,12.5,0.0,0.0,1.89,12.01,9.7,70,era5_archive
2004-11-21,17.7,6.7,12.0,0.0,0.0,2.39,13.46,21.5,73,era5_archive
2004-11-22,11.8,3.8,8.6,18.8,18.8,0.93,3.88,29.6,83,era5_archive
2004-11-23,9.5,3.3,6.0,3.6,3.6,1.73,10.17,33.2,71,era5_archive
2004-11-24,11.9,3.9,7.8,0.0,0.0,1.6,11.38,11.6,68,era5_archive
2004-11-25,13.9,4.1,8.2,0.0,0.0,1.87,13.15,23.3,73,era5_archive
2004-11-26,10.1,4.6,7.6,9.9,9.9,0.9,4.77,34.2,84,era5_archive
2004-11-27,10.2,3.5,6.0,3.8,3.8,1.7,12.41,28.1,74,era5_archive
2004-11-28,11.7,2.0,6.7,0.0,0.0,1.62,12.62,8.4,76,era5_archive
2004-11-29,11.9,2.6,6.3,0.0,0.0,1.61,11.41,13.5,75,era5_archive
2004-11-30,12.4,0.9,6.1,0.0,0.0,1.75,13.16,9.7,64,era5_archive
2004-12-01,13.3,1.8,7.1,0.0,0.0,1.87,13.51,14.2,67,era5_archive
2004-12-02,14.4,1.3,7.3,0.0,0.0,1.88,13.4,8.4,74,era5_archive
2004-12-03,13.2,1.2,6.3,0.0,0.0,1.94,12.21,14.0,62,era5_archive
2004-12-04,13.8,0.8,6.7,0.0,0.0,2.09,13.56,8.1,51,era5_archive
2004-12-05,14.6,0.4,7.3,0.0,0.0,2.05,13.47,8.0,51,era5_archive
2004-12-06,15.5,3.4,8.9,0.0,0.0,2.18,12.35,10.1,52,era5_archive
2004-12-07,14.5,2.4,8.1,0.0,0.0,1.83,12.45,11.7,67,era5_archive
2004-12-08,10.6,5.3,7.7,3.2,3.2,0.81,6.1,25.7,89,era5_archive
2004-12-09,11.9,4.2,7.5,0.0,0.0,1.62,12.28,17.0,76,era5_archive
2004-12-10,11.7,1.4,6.7,0.0,0.0,1.21,9.12,7.9,79,era5_archive
2004-12-11,14.3,3.7,8.9,0.0,0.0,1.52,10.64,10.1,74,era5_archive
2004-12-12,11.4,3.0,6.9,0.0,0.0,1.25,9.18,7.9,79,era5_archive
2004-12-13,10.1,1.0,5.2,0.0,0.0,1.39,11.67,9.0,81,era5_archive
2004-12-14,10.4,1.2,5.5,0.0,0.0,1.3,10.64,12.7,81,era5_archive
2004-12-15,10.4,0.2,5.1,0.0,0.0,1.2,9.18,16.9,85,era5_archive
2004-12-16,7.2,-1.2,3.9,0.0,0.0,1.15,9.5,12.6,76,era5_archive
2004-12-17,6.2,-4.7,0.3,0.0,0.0,1.5,13.23,13.0,64,era5_archive
2004-12-18,4.6,-1.6,1.5,0.0,0.0,1.69,6.18,28.3,49,era5_archive
2004-12-19,10.5,1.5,4.8,0.0,0.0,2.01,11.94,21.9,57,era5_archive
2004-12-20,12.8,0.7,5.8,0.0,0.0,1.64,11.37,13.8,71,era5_archive
2004-12-21,12.6,4.2,8.0,0.0,0.0,1.11,7.52,10.1,78,era5_archive
2004-12-22,13.8,3.0,8.0,0.0,0.0,1.7,10.8,12.1,74,era5_archive
2004-12-23,13.1,2.8,7.5,0.0,0.0,1.55,10.77,10.2,71,era5_archive
2004-12-24,11.6,4.8,7.5,1.7,1.7,1.11,8.16,13.5,86,era5_archive
2004-12-25,10.5,5.6,7.6,0.1,0.1,1.08,7.8,18.4,87,era5_archive
2004-12-26,12.1,4.1,7.4,0.0,0.0,1.28,9.04,15.5,85,era5_archive
2004-12-27,14.9,-0.3,7.2,0.0,0.0,1.81,12.71,11.8,77,era5_archive
2004-12-28,15.9,3.2,8.5,0.0,0.0,1.9,12.79,11.7,68,era5_archive
2004-12-29,16.3,3.3,9.1,0.0,0.0,2.71,11.38,20.1,50,era5_archive
2004-12-30,17.1,7.4,11.2,0.0,0.0,3.33,10.84,19.9,35,era5_archive
2004-12-31,18.9,7.6,11.9,0.0,0.0,3.19,12.67,14.8,34,era5_archive
2005-01-01,19.9,6.8,12.7,0.0,0.0,2.21,10.89,7.2,45,era5_archive
2005-01-02,14.9,6.8,10.0,9.5,9.5,1.45,9.73,23.2,77,era5_archive
2005-01-03,11.3,7.4,8.6,6.4,6.4,1.03,8.4,24.3,90,era5_archive
2005-01-04,11.5,6.0,8.5,4.1,4.1,1.0,7.13,10.6,89,era5_archive
2005-01-05,9.9,3.0,6.2,4.5,4.5,1.02,8.36,28.2,88,era5_archive
2005-01-06,9.8,1.7,5.8,0.0,0.0,1.59,12.05,19.7,77,era5_archive
2005-01-07,9.9,-2.4,3.9,0.0,0.0,1.43,11.54,8.0,79,era5_archive
2005-01-08,10.7,-0.1,4.8,0.0,0.0,1.78,13.33,14.3,71,era5_archive
2005-01-09,10.4,-0.1,4.5,0.0,0.0,1.88,13.17,12.3,56,era5_archive
2005-01-10,10.5,0.2,4.8,0.0,0.0,1.76,13.4,24.5,69,era5_archive
2005-01-11,12.1,2.8,7.0,0.0,0.0,1.38,10.35,15.3,83,era5_archive
2005-01-12,11.8,0.8,5.9,0.0,0.0,1.85,12.87,10.0,69,era5_archive
2005-01-13,12.6,0.0,5.7,0.0,0.0,2.55,14.2,14.5,46,era5_archive
2005-01-14,12.0,2.0,6.5,0.0,0.0,2.86,12.7,24.0,40,era5_archive
2005-01-15,12.2,3.1,7.9,0.4,0.4,1.89,10.85,15.0,59,era5_archive
2005-01-16,13.5,1.7,7.8,0.0,0.0,1.79,12.87,15.6,76,era5_archive
2005-01-17,11.5,3.1,7.0,2.2,2.2,1.56,11.82,6.8,77,era5_archive
2005-01-18,8.8,1.1,4.9,2.9,2.9,1.46,12.61,18.9,77,era5_archive
2005-01-19,10.1,0.2,4.6,0.6,0.6,1.41,10.54,22.9,77,era5_archive
2005-01-20,11.6,2.8,6.5,0.0,0.0,1.43,10.57,12.2,78,era5_archive
2005-01-21,13.1,4.0,7.7,0.0,0.0,2.41,12.74,29.1,60,era5_archive
2005-01-22,11.0,2.1,6.0,1.9,1.9,1.39,11.12,27.0,75,era5_archive
2005-01-23,10.2,3.3,7.3,1.2,1.2,1.76,10.16,29.8,76,era5_archive
2005-01-24,10.1,4.1,7.2,5.2,5.2,1.79,12.51,36.4,75,era5_archive
2005-01-25,11.2,2.1,6.2,0.0,0.0,1.91,14.12,11.3,70,era5_archive
2005-01-26,13.7,3.2,7.3,0.0,0.0,2.08,15.16,21.5,72,era5_archive
2005-01-27,15.4,2.9,8.5,0.0,0.0,2.13,15.33,11.5,75,era5_archive
2005-01-28,16.5,2.4,9.5,0.0,0.0,2.56,15.53,18.0,69,era5_archive
2005-01-29,18.7,6.8,11.8,0.0,0.0,3.26,15.52,24.5,59,era5_archive
2005-01-30,21.2,9.7,14.0,0.0,0.0,3.3,12.75,18.9,49,era5_archive
2005-01-31,11.9,7.8,9.5,0.5,0.5,1.24,7.55,25.3,84,era5_archive
2005-02-01,9.6,6.2,7.4,7.1,7.1,0.9,7.58,34.8,91,era5_archive
2005-02-02,10.1,5.2,7.1,11.6,11.6,1.08,8.69,18.8,92,era5_archive
2005-02-03,11.4,2.7,6.4,0.0,0.0,1.65,12.01,20.3,80,era5_archive
2005-02-04,9.1,-0.1,4.3,8.2,8.2,1.41,11.52,33.1,79,era5_archive
2005-02-05,7.3,4.4,5.8,11.3,11.3,0.72,6.48,29.2,91,era5_archive
2005-02-06,8.4,3.8,5.8,18.0,18.0,1.03,10.06,29.1,90,era5_archive
2005-02-07,9.2,3.5,5.6,5.0,5.0,1.08,10.59,28.4,92,era5_archive
2005-02-08,6.2,0.5,3.5,6.8,6.7,1.09,12.01,26.0,88,era5_archive
2005-02-09,7.2,-1.3,2.4,0.0,0.0,1.76,15.32,28.0,72,era5_archive
2005-02-10,6.7,-3.1,2.0,0.0,0.0,1.59,13.36,11.4,74,era5_archive
2005-02-11,4.7,-2.6,1.4,4.2,4.2,0.99,8.5,5.3,82,era5_archive
2005-02-12,5.9,-0.7,2.1,8.9,6.3,0.92,8.15,13.7,90,era5_archive
2005-02-13,7.4,-2.6,2.3,0.4,0.4,1.58,13.58,8.7,82,era5_archive
2005-02-14,9.6,-0.5,4.2,0.0,0.0,2.28,17.83,24.1,67,era5_archive
2005-02-15,11.3,1.3,6.0,0.0,0.0,2.68,18.03,27.7,61,era5_archive
2005-02-16,13.2,4.7,8.5,0.0,0.0,2.26,12.35,24.0,66,era5_archive
2005-02-17,17.6,5.6,11.0,0.0,0.0,2.8,17.54,17.4,69,era5_archive
2005-02-18,19.9,7.0,12.6,0.0,0.0,2.98,17.42,20.3,66,era5_archive
2005-02-19,23.3,7.5,15.1,0.0,0.0,3.61,18.28,18.7,59,era5_archive
2005-02-20,15.5,8.6,11.7,0.2,0.2,2.01,12.27,16.1,77,era5_archive
2005-02-21,13.7,6.9,9.7,0.0,0.0,2.36,17.3,21.2,78,era5_archive
2005-02-22,14.4,1.9,8.1,0.0,0.0,2.66,18.4,6.3,69,era5_archive
2005-02-23,16.3,4.2,10.4,0.1,0.1,2.19,13.35,10.1,65,era5_archive
2005-02-24,15.7,5.6,10.3,0.0,0.0,2.57,17.19,15.7,80,era5_archive
2005-02-25,14.9,5.8,10.0,0.1,0.1,1.95,12.48,16.0,84,era5_archive
2005-02-26,18.0,5.6,11.3,0.0,0.0,3.3,19.26,13.3,66,era5_archive
2005-02-27,18.5,8.9,12.9,0.0,0.0,3.45,17.99,23.3,61,era5_archive
2005-02-28,14.4,3.6,9.3,0.0,0.0,2.24,15.07,22.3,76,era5_archive
2005-03-01,20.0,1.8,11.2,0.0,0.0,3.44,19.15,19.9,64,era5_archive
2005-03-02,23.5,7.5,14.2,0.0,0.0,4.69,20.7,22.6,43,era5_archive
2005-03-03,21.6,10.4,14.9,0.2,0.2,3.89,18.04,20.4,50,era5_archive
2005-03-04,13.1,6.2,9.8,0.3,0.3,2.18,15.36,27.8,79,era5_archive
2005-03-05,16.4,4.1,9.7,0.0,0.0,3.2,20.49,12.7,66,era5_archive
2005-03-06,20.8,7.9,13.7,0.0,0.0,3.74,18.58,15.4,48,era5_archive
2005-03-07,20.7,7.1,14.3,0.0,0.0,3.53,18.77,18.0,60,era5_archive
2005-03-08,22.1,9.4,15.5,0.2,0.2,3.7,19.43,31.1,72,era5_archive
2005-03-09,14.4,8.7,11.8,2.8,2.8,1.98,12.2,23.1,81,era5_archive
2005-03-10,12.0,4.8,8.2,8.6,8.6,1.63,12.93,27.0,86,era5_archive
2005-03-11,11.2,4.3,7.5,0.1,0.1,2.01,14.19,17.9,77,era5_archive
2005-03-12,11.0,2.8,6.6,1.9,1.9,2.06,16.67,24.9,79,era5_archive
2005-03-13,12.9,0.1,7.1,0.0,0.0,2.86,20.94,6.5,67,era5_archive
2005-03-14,15.0,1.6,8.3,0.0,0.0,3.03,20.51,12.2,72,era5_archive
2005-03-15,16.2,3.4,9.6,0.0,0.0,3.17,20.0,15.5,73,era5_archive
2005-03-16,17.4,4.7,10.8,0.0,0.0,3.42,20.26,15.3,67,era5_archive
2005-03-17,17.2,5.3,11.1,0.0,0.0,3.58,22.27,8.8,58,era5_archive
2005-03-18,18.9,6.1,12.0,0.0,0.0,4.08,23.29,12.6,47,era5_archive
2005-03-19,16.4,3.3,9.7,0.0,0.0,3.35,22.38,23.0,71,era5_archive
2005-03-20,18.2,3.6,10.7,0.0,0.0,3.8,23.67,18.0,66,era5_archive
2005-03-21,18.5,4.3,11.2,0.0,0.0,3.76,23.24,19.2,68,era5_archive
2005-03-22,17.7,5.8,10.8,0.0,0.0,3.41,21.52,23.7,75,era5_archive
2005-03-23,14.9,7.8,10.7,0.2,0.2,2.57,15.93,34.3,78,era5_archive
2005-03-24,15.7,5.8,10.3,0.0,0.0,3.61,22.71,24.4,63,era5_archive
2005-03-25,16.5,1.5,9.3,0.0,0.0,3.91,24.61,14.6,56,era5_archive
2005-03-26,19.7,4.8,12.2,0.0,0.0,4.08,24.79,10.5,47,era5_archive
2005-03-27,21.5,5.0,13.7,0.0,0.0,4.74,24.64,17.6,38,era5_archive
2005-03-28,22.0,5.9,14.0,0.0,0.0,4.34,24.35,10.8,56,era5_archive
2005-03-29,25.6,8.7,17.0,0.0,0.0,4.6,23.74,10.6,49,era5_archive
2005-03-30,25.2,9.1,17.1,0.0,0.0,5.1,24.98,21.4,51,era5_archive
2005-03-31,27.7,10.1,18.6,0.0,0.0,6.0,24.98,19.8,40,era5_archive
2005-04-01,20.7,8.3,14.8,0.0,0.0,4.56,24.54,23.6,58,era5_archive
2005-04-02,15.4,8.1,11.5,0.7,0.7,2.82,17.78,32.8,70,era5_archive
2005-04-03,12.0,6.4,8.9,4.3,4.3,2.36,16.99,33.9,76,era5_archive
2005-04-04,12.7,5.8,8.8,0.0,0.0,2.52,15.33,21.3,68,era5_archive
2005-04-05,16.7,3.1,10.1,0.0,0.0,3.92,26.08,6.6,63,era5_archive
2005-04-06,18.3,5.5,11.5,0.0,0.0,4.28,25.93,24.9,54,era5_archive
2005-04-07,23.0,6.7,14.3,0.0,0.0,5.43,26.29,15.7,40,era5_archive
2005-04-08,25.2,11.6,18.3,0.0,0.0,7.91,26.2,38.7,22,era5_archive
2005-04-09,23.5,8.5,16.0,0.0,0.0,5.07,26.15,20.1,57,era5_archive
2005-04-10,26.1,9.0,17.6,0.0,0.0,5.92,26.46,18.4,42,era5_archive
2005-04-11,27.7,10.0,19.2,0.0,0.0,5.81,26.5,11.3,33,era5_archive
2005-04-12,29.5,13.0,21.5,0.0,0.0,7.4,24.7,22.4,25,era5_archive
2005-04-13,31.9,16.6,22.9,0.0,0.0,8.12,25.02,29.4,25,era5_archive
2005-04-14,23.0,11.5,16.6,0.0,0.0,5.43,26.28,21.7,54,era5_archive
2005-04-15,19.5,6.6,13.0,0.0,0.0,4.81,26.36,28.0,58,era5_archive
2005-04-16,18.5,8.7,12.8,0.0,0.0,4.22,24.48,22.8,65,era5_archive
2005-04-17,22.7,5.3,14.1,0.0,0.0,4.64,26.77,7.8,53,era5_archive
2005-04-18,28.6,10.2,19.2,0.0,0.0,6.08,20.21,27.7,25,era5_archive
2005-04-19,24.4,12.3,18.5,0.0,0.0,5.92,25.28,22.0,38,era5_archive
2005-04-20,25.9,8.4,17.2,0.0,0.0,5.32,26.16,16.1,46,era5_archive
2005-04-21,31.6,12.8,22.7,0.0,0.0,6.33,21.38,22.8,30,era5_archive
2005-04-22,34.0,16.8,25.3,0.0,0.0,7.06,24.19,26.3,31,era5_archive
2005-04-23,26.4,16.7,22.3,0.1,0.1,4.03,16.21,11.5,49,era5_archive
2005-04-24,24.0,14.0,19.1,1.0,1.0,4.3,20.26,22.1,65,era5_archive
2005-04-25,20.8,10.8,15.1,0.0,0.0,4.99,27.51,21.5,63,era5_archive
2005-04-26,22.7,7.8,14.9,0.0,0.0,5.18,26.71,22.9,60,era5_archive
2005-04-27,24.5,8.6,16.7,0.0,0.0,5.69,26.82,22.6,49,era5_archive
2005-04-28,26.5,11.1,18.5,0.0,0.0,6.13,28.12,21.1,44,era5_archive
2005-04-29,24.3,8.9,16.6,0.0,0.0,5.77,29.05,17.5,48,era5_archive
2005-04-30,23.5,8.8,16.4,0.0,0.0,5.52,27.32,22.0,54,era5_archive
2005-05-01,23.5,9.8,16.2,0.0,0.0,5.43,26.81,23.5,57,era5_archive
2005-05-02,19.2,7.5,13.3,0.9,0.9,4.5,25.25,28.3,65,era5_archive
2005-05-03,18.2,8.7,13.4,0.0,0.0,4.02,21.12,26.0,64,era5_archive
2005-05-04,18.1,8.8,12.5,14.0,14.0,3.49,19.5,41.3,70,era5_archive
2005-05-05,19.4,6.9,12.8,0.0,0.0,4.81,28.09,28.2,60,era5_archive
2005-05-06,23.4,7.1,15.4,0.0,0.0,5.3,28.76,15.0,55,era5_archive
2005-05-07,28.9,9.8,20.0,0.0,0.0,6.28,28.66,18.9,45,era5_archive
2005-05-08,28.4,12.0,19.7,0.8,0.8,6.06,27.21,29.2,49,era5_archive
2005-05-09,23.0,9.1,15.5,0.0,0.0,5.21,28.87,15.7,64,era5_archive
2005-05-10,27.2,7.9,17.3,0.0,0.0,5.72,28.03,22.7,60,era5_archive
2005-05-11,27.5,12.0,18.1,0.0,0.0,5.43,26.16,32.1,68,era5_archive
2005-05-12,27.3,11.9,18.7,0.0,0.0,5.46,25.82,30.4,69,era5_archive
2005-05-13,28.6,12.4,20.2,0.0,0.0,6.5,28.0,30.2,56,era5_archive
2005-05-14,27.4,11.7,19.9,0.0,0.0,6.72,28.74,24.6,47,era5_archive
2005-05-15,25.9,11.3,18.7,0.0,0.0,6.17,28.73,26.7,54,era5_archive
2005-05-16,26.7,11.3,19.0,0.0,0.0,6.14,29.48,18.7,53,era5_archive
2005-05-17,29.3,12.0,20.5,0.0,0.0,6.51,28.74,22.9,53,era5_archive
2005-05-18,32.4,12.8,23.4,0.2,0.2,6.0,25.18,12.0,42,era5_archive
2005-05-19,33.8,18.6,26.1,0.0,0.0,7.17,29.07,16.8,26,era5_archive
2005-05-20,35.2,20.1,27.5,0.0,0.0,7.23,29.4,19.4,23,era5_archive
2005-05-21,33.2,17.7,25.3,0.0,0.0,7.37,26.54,22.2,28,era5_archive
2005-05-22,28.1,14.4,20.8,0.0,0.0,6.4,27.89,22.2,51,era5_archive
2005-05-23,24.6,12.1,17.7,0.0,0.0,5.89,29.4,24.8,60,era5_archive
2005-05-24,24.6,12.2,17.5,0.0,0.0,5.45,27.96,24.0,65,era5_archive
2005-05-25,25.6,11.1,17.9,0.0,0.0,5.41,27.22,23.0,66,era5_archive
2005-05-26,28.6,11.2,20.1,0.0,0.0,6.29,30.0,14.1,47,era5_archive
2005-05-27,29.6,14.1,22.0,0.0,0.0,7.22,29.65,22.9,39,era5_archive
2005-05-28,26.6,11.7,19.4,0.0,0.0,6.33,29.58,25.4,55,era5_archive
2005-05-29,29.1,13.2,21.1,0.6,0.6,6.67,27.44,24.7,44,era5_archive
2005-05-30,22.9,12.1,17.9,0.0,0.0,4.45,22.44,19.8,68,era5_archive
2005-05-31,26.0,11.7,18.7,1.0,1.0,5.75,28.24,23.9,64,era5_archive
2005-06-01,26.4,13.0,19.7,0.0,0.0,6.14,28.92,23.3,56,era5_archive
2005-06-02,25.7,12.5,18.8,0.0,0.0,5.64,28.28,19.5,64,era5_archive
2005-06-03,27.5,13.6,20.1,0.0,0.0,5.89,28.64,17.4,64,era5_archive
2005-06-04,27.3,13.9,20.1,0.0,0.0,5.75,27.59,23.2,68,era5_archive
2005-06-05,25.2,15.5,19.9,0.0,0.0,5.12,24.54,22.9,69,era5_archive
2005-06-06,29.9,12.6,21.4,0.0,0.0,6.16,29.44,11.6,56,era5_archive
2005-06-07,34.7,15.2,26.1,0.0,0.0,6.75,29.26,11.5,39,era5_archive
2005-06-08,32.0,17.3,24.3,0.0,0.0,7.67,29.06,26.8,45,era5_archive
2005-06-09,28.6,13.5,20.9,0.0,0.0,6.75,29.18,26.6,55,era5_archive
2005-06-10,27.5,14.4,20.1,0.0,0.0,6.14,28.39,26.7,64,era5_archive
2005-06-11,28.2,13.1,20.6,0.0,0.0,7.0,29.27,29.6,54,era5_archive
2005-06-12,29.3,13.3,21.6,0.0,0.0,7.43,29.96,30.2,45,era5_archive
2005-06-13,32.6,15.9,24.7,0.0,0.0,6.74,28.36,12.3,33,era5_archive
2005-06-14,31.2,17.5,24.7,0.0,0.0,7.19,28.87,22.6,42,era5_archive
2005-06-15,28.5,13.5,21.1,0.0,0.0,6.42,29.39,20.2,56,era5_archive
2005-06-16,30.2,13.2,21.8,0.0,0.0,6.54,29.88,16.4,54,era5_archive
2005-06-17,33.1,14.4,23.9,0.0,0.0,7.22,29.7,19.0,49,era5_archive
2005-06-18,31.6,15.0,23.2,0.0,0.0,7.38,29.88,26.5,52,era5_archive
2005-06-19,30.7,15.9,23.0,0.0,0.0,7.34,28.52,32.0,54,era5_archive
2005-06-20,31.0,17.3,24.1,0.0,0.0,7.91,29.11,32.1,46,era5_archive
2005-06-21,30.3,16.0,23.5,0.0,0.0,7.65,29.42,26.7,44,era5_archive
2005-06-22,29.1,15.8,22.2,0.0,0.0,6.56,28.91,23.2,58,era5_archive
2005-06-23,32.6,14.7,24.1,0.0,0.0,6.58,29.75,14.7,50,era5_archive
2005-06-24,34.3,16.8,25.7,0.0,0.0,7.38,29.42,21.4,46,era5_archive
2005-06-25,31.2,16.5,23.5,0.0,0.0,7.56,29.73,24.8,44,era5_archive
2005-06-26,29.5,14.0,21.6,0.0,0.0,6.61,29.03,25.7,58,era5_archive
2005-06-27,30.4,15.1,22.4,0.0,0.0,6.61,28.77,22.1,57,era5_archive
2005-06-28,31.1,14.9,22.9,0.0,0.0,6.94,29.89,20.6,52,era5_archive
2005-06-29,29.9,14.3,22.3,0.0,0.0,7.14,30.17,24.1,50,era5_archive
2005-06-30,29.4,14.0,21.8,0.0,0.0,6.72,29.57,24.9,58,era5_archive
2005-07-01,30.4,15.5,22.6,0.0,0.0,6.63,27.69,27.1,61,era5_archive
2005-07-02,31.4,15.5,23.5,0.0,0.0,7.2,28.87,29.5,55,era5_archive
2005-07-03,33.1,16.4,24.8,0.0,0.0,7.56,29.06,27.3,54,era5_archive
2005-07-04,35.0,17.1,26.5,0.0,0.0,7.75,28.94,22.0,44,era5_archive
2005-07-05,27.8,17.8,22.2,0.0,0.0,6.04,26.2,28.5,63,era5_archive
2005-07-06,28.6,16.7,21.9,0.0,0.0,5.7,25.66,22.0,67,era5_archive
2005-07-07,30.7,15.0,22.6,0.0,0.0,6.24,28.25,20.0,66,era5_archive
2005-07-08,32.2,15.0,23.6,0.0,0.0,7.01,29.74,21.2,57,era5_archive
2005-07-09,32.4,15.1,23.9,0.0,0.0,7.49,29.76,24.0,50,era5_archive
2005-07-10,34.2,16.0,25.4,0.0,0.0,7.68,29.46,24.7,50,era5_archive
2005-07-11,35.1,17.5,26.5,0.0,0.0,8.06,29.5,26.0,48,era5_archive
2005-07-12,35.9,18.1,26.9,0.0,0.0,8.3,29.48,26.8,41,era5_archive
2005-07-13,35.3,18.0,27.0,0.0,0.0,8.75,29.54,30.3,40,era5_archive
2005-07-14,33.4,17.2,25.4,0.0,0.0,7.56,29.07,24.2,52,era5_archive
2005-07-15,31.4,16.8,23.9,0.0,0.0,6.71,28.62,19.4,59,era5_archive
2005-07-16,31.8,17.1,23.7,0.0,0.0,6.86,28.24,24.0,57,era5_archive
2005-07-17,32.0,17.3,24.0,0.0,0.0,6.86,28.21,21.9,56,era5_archive
2005-07-18,33.6,17.6,25.0,0.0,0.0,6.96,27.85,21.9,56,era5_archive
2005-07-19,34.9,17.8,26.3,0.0,0.0,7.01,28.03,17.5,53,era5_archive
2005-07-20,35.3,18.4,26.7,0.0,0.0,7.37,29.04,18.7,48,era5_archive
2005-07-21,35.1,17.7,26.3,0.0,0.0,7.71,29.58,22.9,48,era5_archive
2005-07-22,35.0,17.3,26.4,0.0,0.0,7.97,29.13,26.9,48,era5_archive
2005-07-23,33.0,16.9,24.8,0.0,0.0,7.46,28.84,27.3,56,era5_archive
2005-07-24,30.9,18.5,23.7,0.0,0.0,6.92,27.87,28.8,61,era5_archive
2005-07-25,31.3,18.5,24.1,0.0,0.0,6.42,27.67,22.3,64,era5_archive
2005-07-26,33.2,16.7,24.7,0.0,0.0,6.74,28.89,17.8,61,era5_archive
2005-07-27,33.2,18.1,25.1,0.0,0.0,6.81,28.18,24.2,63,era5_archive
2005-07-28,33.7,17.3,25.4,0.0,0.0,7.13,28.37,24.6,58,era5_archive
2005-07-29,34.7,17.5,26.0,0.0,0.0,7.32,28.87,20.3,50,era5_archive
2005-07-30,34.4,17.9,25.9,0.0,0.0,7.24,28.44,19.7,49,era5_archive
2005-07-31,33.8,16.6,25.2,0.0,0.0,7.45,29.16,23.1,48,era5_archive
2005-08-01,31.5,15.9,23.9,0.0,0.0,6.71,28.1,26.0,60,era5_archive
2005-08-02,31.7,19.4,24.7,0.0,0.0,6.42,25.96,27.0,64,era5_archive
2005-08-03,31.6,17.3,24.3,0.0,0.0,6.38,27.77,19.8,62,era5_archive
2005-08-04,33.0,19.3,26.0,0.1,0.1,6.12,24.87,18.3,59,era5_archive
2005-08-05,34.5,19.6,27.1,0.1,0.1,6.8,25.73,21.6,52,era5_archive
2005-08-06,33.5,19.5,26.6,0.0,0.0,7.52,27.94,26.4,47,era5_archive
2005-08-07,29.9,18.8,23.7,0.0,0.0,6.73,27.34,29.9,60,era5_archive
2005-08-08,28.1,18.6,22.5,0.0,0.0,5.85,24.76,31.8,67,era5_archive
2005-08-09,30.3,18.5,23.2,0.0,0.0,6.07,25.99,27.9,66,era5_archive
2005-08-10,30.6,18.1,23.3,0.0,0.0,6.25,26.56,25.4,63,era5_archive
2005-08-11,31.3,14.7,22.6,0.0,0.0,6.35,27.41,23.2,63,era5_archive
2005-08-12,32.1,15.8,23.8,0.0,0.0,6.3,27.48,20.8,63,era5_archive
2005-08-13,35.2,18.3,26.5,0.0,0.0,6.16,23.74,17.1,61,era5_archive
2005-08-14,36.8,19.8,28.4,0.0,0.0,6.57,24.26,17.4,52,era5_archive
2005-08-15,37.4,20.3,28.8,0.0,0.0,7.26,27.14,19.4,42,era5_archive
2005-08-16,36.9,19.5,28.1,0.0,0.0,7.25,27.27,18.9,42,era5_archive
2005-08-17,35.4,18.4,26.8,0.0,0.0,7.07,26.78,20.1,48,era5_archive
2005-08-18,35.4,18.6,26.5,0.0,0.0,7.06,26.45,20.5,47,era5_archive
2005-08-19,35.2,18.2,26.1,0.0,0.0,7.21,26.99,20.7,44,era5_archive
2005-08-20,32.5,16.0,24.1,0.0,0.0,6.99,27.12,23.6,50,era5_archive
2005-08-21,32.2,15.7,23.7,0.0,0.0,6.34,26.11,20.7,59,era5_archive
2005-08-22,33.9,17.2,25.1,0.0,0.0,6.08,25.97,14.7,61,era5_archive
2005-08-23,35.1,18.5,26.2,0.0,0.0,6.56,25.88,18.5,58,era5_archive
2005-08-24,33.3,17.7,25.4,0.0,0.0,6.74,26.02,21.4,55,era5_archive
2005-08-25,32.0,17.5,24.5,0.0,0.0,6.36,25.62,20.7,58,era5_archive
2005-08-26,31.4,15.7,23.2,0.0,0.0,5.97,25.7,17.6,60,era5_archive
2005-08-27,31.3,16.0,23.2,0.0,0.0,5.92,25.01,18.7,60,era5_archive
2005-08-28,31.6,15.4,23.1,0.0,0.0,6.1,25.92,18.4,57,era5_archive
2005-08-29,31.7,14.5,23.1,0.0,0.0,5.98,26.01,18.6,59,era5_archive
2005-08-30,32.5,18.2,24.5,0.0,0.0,5.87,24.83,20.6,66,era5_archive
2005-08-31,32.6,18.3,24.6,0.0,0.0,6.06,24.9,22.8,63,era5_archive
2005-09-01,31.2,16.8,23.6,0.0,0.0,6.06,24.89,23.0,61,era5_archive
2005-09-02,30.6,16.7,23.1,0.0,0.0,5.69,23.6,25.8,66,era5_archive
2005-09-03,30.0,17.7,23.7,0.0,0.0,5.76,23.58,28.1,63,era5_archive
2005-09-04,29.4,17.6,23.2,0.0,0.0,5.87,24.52,25.5,53,era5_archive
2005-09-05,28.2,15.3,21.3,0.0,0.0,5.22,24.13,18.2,65,era5_archive
2005-09-06,30.6,14.9,23.0,0.0,0.0,5.3,24.78,12.3,53,era5_archive
2005-09-07,32.0,15.5,23.7,0.0,0.0,5.78,24.72,15.7,49,era5_archive
2005-09-08,31.8,15.0,23.0,0.0,0.0,5.91,24.63,17.2,49,era5_archive
2005-09-09,31.4,16.2,23.0,0.0,0.0,5.74,24.11,21.6,58,era5_archive
2005-09-10,29.9,15.2,22.0,0.0,0.0,5.59,23.61,20.5,61,era5_archive
2005-09-11,29.0,14.6,21.3,0.0,0.0,5.22,23.76,15.0,59,era5_archive
2005-09-12,30.3,14.8,22.0,0.0,0.0,5.24,23.46,15.1,58,era5_archive
2005-09-13,31.9,14.6,23.1,0.0,0.0,5.52,23.11,16.9,58,era5_archive
2005-09-14,32.4,15.7,23.7,0.0,0.0,5.69,23.11,18.6,55,era5_archive
2005-09-15,31.7,15.7,23.3,0.0,0.0,5.56,23.51,15.5,51,era5_archive
2005-09-16,33.8,17.0,25.1,0.0,0.0,5.47,23.82,9.9,39,era5_archive
2005-09-17,31.2,16.7,23.7,0.0,0.0,5.57,21.9,22.0,51,era5_archive
2005-09-18,28.0,16.0,21.7,0.0,0.0,4.3,18.67,20.2,70,era5_archive
2005-09-19,29.3,17.4,22.4,0.0,0.0,4.62,20.32,20.7,72,era5_archive
2005-09-20,30.7,17.4,23.1,0.0,0.0,5.05,21.63,19.9,66,era5_archive
2005-09-21,32.1,16.6,23.9,0.0,0.0,5.81,22.38,22.1,54,era5_archive
2005-09-22,34.0,18.5,25.5,0.0,0.0,5.72,22.44,16.4,37,era5_archive
2005-09-23,29.3,16.2,22.4,0.0,0.0,4.98,21.35,19.8,60,era5_archive
2005-09-24,27.1,13.7,20.0,0.0,0.0,4.65,21.58,19.7,66,era5_archive
2005-09-25,27.1,13.5,19.8,0.0,0.0,4.58,21.36,18.7,67,era5_archive
2005-09-26,30.2,14.9,22.4,0.0,0.0,5.07,21.64,18.3,51,era5_archive
2005-09-27,27.8,16.6,22.1,0.0,0.0,4.79,20.1,26.1,55,era5_archive
2005-09-28,25.9,16.0,20.2,0.0,0.0,4.26,19.06,24.4,71,era5_archive
2005-09-29,23.8,14.6,18.8,2.2,2.2,3.48,16.7,24.2,74,era5_archive
2005-09-30,25.3,14.3,19.5,0.0,0.0,3.85,19.32,11.4,66,era5_archive
2005-10-01,27.1,14.6,20.4,0.0,0.0,4.25,20.7,12.1,63,era5_archive
2005-10-02,28.7,13.9,20.9,0.0,0.0,4.62,20.37,17.7,58,era5_archive
2005-10-03,31.1,18.7,23.6,0.0,0.0,4.85,20.59,18.3,44,era5_archive
2005-10-04,26.6,16.0,20.2,0.0,0.0,4.13,19.16,18.9,70,era5_archive
2005-10-05,26.8,13.4,19.7,0.0,0.0,4.03,19.12,14.8,66,era5_archive
2005-10-06,26.9,13.4,19.9,0.0,0.0,4.01,18.91,15.1,68,era5_archive
2005-10-07,26.2,13.3,19.2,0.0,0.0,3.94,18.83,17.1,69,era5_archive
2005-10-08,26.3,12.1,18.9,0.0,0.0,3.95,18.82,16.9,67,era5_archive
2005-10-09,26.2,14.0,19.3,0.0,0.0,3.76,17.95,12.4,67,era5_archive
2005-10-10,28.2,13.5,20.6,0.0,0.0,3.99,18.83,11.9,65,era5_archive
2005-10-11,28.2,15.6,21.1,0.0,0.0,3.96,18.49,12.4,69,era5_archive
2005-10-12,29.3,14.7,21.7,0.0,0.0,4.01,18.75,7.8,55,era5_archive
2005-10-13,32.3,16.0,24.0,0.0,0.0,4.21,18.31,10.0,40,era5_archive
2005-10-14,28.0,16.5,21.3,0.0,0.0,4.16,17.46,19.7,60,era5_archive
2005-10-15,26.0,13.9,19.0,0.0,0.0,3.76,17.79,15.2,66,era5_archive
2005-10-16,24.3,12.6,17.8,0.3,0.3,3.52,16.5,20.9,72,era5_archive
2005-10-17,22.3,13.2,17.0,0.1,0.1,3.35,17.02,17.8,66,era5_archive
2005-10-18,23.7,11.0,17.1,0.0,0.0,3.45,18.21,14.0,65,era5_archive
2005-10-19,18.4,10.0,14.0,2.0,2.0,1.95,11.09,24.1,83,era5_archive
2005-10-20,17.4,11.2,13.7,0.0,0.0,2.28,12.11,18.1,72,era5_archive
2005-10-21,19.6,7.4,13.5,0.0,0.0,3.12,18.02,8.0,58,era5_archive
2005-10-22,22.6,6.9,14.7,0.0,0.0,3.96,18.21,14.2,43,era5_archive
2005-10-23,23.5,10.1,16.5,0.0,0.0,4.89,17.97,21.2,31,era5_archive
2005-10-24,24.0,10.7,17.1,0.0,0.0,4.87,17.67,19.1,27,era5_archive
2005-10-25,24.8,9.6,17.5,0.0,0.0,3.53,17.76,8.8,29,era5_archive
2005-10-26,25.2,10.8,17.6,0.0,0.0,4.16,17.59,14.2,30,era5_archive
2005-10-27,25.7,9.9,17.5,0.0,0.0,3.65,17.43,8.7,29,era5_archive
2005-10-28,26.1,11.5,18.6,0.0,0.0,3.71,17.37,9.7,28,era5_archive
2005-10-29,22.0,9.6,15.6,0.0,0.0,3.11,16.07,16.2,64,era5_archive
2005-10-30,20.5,9.7,15.3,0.0,0.0,2.79,13.29,24.7,73,era5_archive
2005-10-31,16.5,9.2,13.0,0.6,0.6,1.85,10.08,23.3,80,era5_archive
2005-11-01,17.1,7.1,11.6,0.0,0.0,2.71,16.95,8.5,60,era5_archive
2005-11-02,17.3,7.1,12.0,0.0,0.0,2.32,13.28,17.6,68,era5_archive
2005-11-03,18.1,7.3,12.6,0.0,0.0,2.27,14.31,6.6,73,era5_archive
2005-11-04,17.8,7.8,12.1,1.8,1.8,2.12,11.0,30.0,71,era5_archive
2005-11-05,16.2,9.7,12.3,0.0,0.0,2.06,9.72,28.2,73,era5_archive
2005-11-06,17.2,8.0,12.2,0.0,0.0,2.15,12.24,13.6,70,era5_archive
2005-11-07,14.0,9.0,11.0,4.0,4.0,1.34,9.55,30.1,89,era5_archive
2005-11-08,16.5,9.5,11.9,0.0,0.0,2.18,13.47,17.1,78,era5_archive
2005-11-09,17.3,4.9,11.1,0.0,0.0,2.23,15.1,8.1,73,era5_archive
2005-11-10,18.7,6.8,12.0,0.0,0.0,2.68,15.15,10.2,60,era5_archive
2005-11-11,18.1,7.1,12.0,0.0,0.0,2.52,15.27,8.8,51,era5_archive
2005-11-12,18.4,5.8,11.7,0.0,0.0,2.52,15.38,7.6,51,era5_archive
2005-11-13,19.3,5.0,11.6,0.0,0.0,3.24,15.23,16.1,43,era5_archive
2005-11-14,19.4,6.2,12.2,0.0,0.0,3.44,15.11,17.8,43,era5_archive
2005-11-15,18.8,8.2,13.1,0.0,0.0,3.17,11.78,18.6,39,era5_archive
2005-11-16,16.2,8.8,11.9,3.0,3.0,1.9,11.66,16.0,73,era5_archive
2005-11-17,17.0,6.9,11.4,0.0,0.0,1.98,13.0,7.8,73,era5_archive
2005-11-18,19.5,7.6,12.9,0.0,0.0,2.4,12.82,14.9,58,era5_archive
2005-11-19,18.0,6.6,12.0,0.0,0.0,2.11,12.86,12.0,77,era5_archive
2005-11-20,18.2,8.5,12.9,0.0,0.0,2.11,11.89,16.6,74,era5_archive
2005-11-21,13.1,7.7,10.0,10.6,10.6,0.92,6.26,18.3,89,era5_archive
2005-11-22,12.8,3.9,9.2,0.8,0.8,1.46,10.41,16.3,81,era5_archive
2005-11-23,16.2,2.3,9.1,0.0,0.0,2.55,13.95,26.1,65,era5_archive
2005-11-24,17.0,5.6,10.9,0.0,0.0,2.59,13.77,16.3,61,era5_archive
2005-11-25,18.3,6.6,11.7,0.0,0.0,2.51,13.45,16.5,63,era5_archive
2005-11-26,20.9,7.4,13.2,0.0,0.0,2.35,13.47,11.3,67,era5_archive
2005-11-27,21.9,9.4,15.0,0.0,0.0,2.39,11.19,12.3,62,era5_archive
2005-11-28,23.7,12.7,16.8,0.0,0.0,2.82,12.99,12.7,58,era5_archive
2005-11-29,23.7,13.2,17.8,0.0,0.0,2.86,11.54,15.1,48,era5_archive
2005-11-30,20.3,9.2,14.5,0.0,0.0,2.43,13.15,16.2,66,era5_archive
2005-12-01,20.2,7.8,13.2,0.0,0.0,2.27,13.06,9.0,64,era5_archive
2005-12-02,22.7,7.4,14.9,0.0,0.0,2.73,12.15,11.6,54,era5_archive
2005-12-03,23.5,12.4,16.8,0.0,0.0,3.69,10.65,17.9,35,era5_archive
2005-12-04,23.6,11.4,16.5,0.0,0.0,2.78,12.89,10.8,46,era5_archive
2005-12-05,18.4,9.3,12.7,0.0,0.0,1.79,10.67,13.0,81,era5_archive
2005-12-06,20.8,7.0,12.7,0.0,0.0,2.21,12.82,7.9,70,era5_archive
2005-12-07,22.4,8.9,14.2,0.0,0.0,2.55,13.01,9.0,52,era5_archive
2005-12-08,22.6,7.9,14.5,0.0,0.0,3.39,12.96,16.1,43,era5_archive
2005-12-09,22.2,9.6,14.6,0.0,0.0,3.2,12.98,14.1,40,era5_archive
2005-12-10,20.6,9.2,14.2,0.0,0.0,3.39,9.57,19.4,39,era5_archive
2005-12-11,21.4,11.6,15.2,0.0,0.0,3.75,11.45,16.9,33,era5_archive
2005-12-12,20.3,9.9,14.5,0.0,0.0,2.43,9.9,10.7,38,era5_archive
2005-12-13,21.3,11.2,14.9,0.0,0.0,1.94,11.04,5.2,43,era5_archive
2005-12-14,22.1,8.8,14.7,0.0,0.0,2.2,12.63,6.6,41,era5_archive
2005-12-15,19.9,10.7,14.1,0.0,0.0,2.21,11.47,15.1,57,era5_archive
2005-12-16,13.7,6.6,10.4,1.1,1.1,1.72,8.52,29.1,77,era5_archive
2005-12-17,13.4,8.4,10.6,0.0,0.0,1.21,7.06,19.5,82,era5_archive
2005-12-18,15.6,2.9,9.2,0.0,0.0,1.97,11.84,16.9,75,era5_archive
2005-12-19,15.6,4.0,9.6,0.0,0.0,1.99,12.16,15.5,68,era5_archive
2005-12-20,12.6,3.2,8.2,0.0,0.0,1.07,6.8,13.1,85,era5_archive
2005-12-21,12.0,6.7,9.0,0.0,0.0,1.37,8.45,13.8,77,era5_archive
2005-12-22,13.3,4.9,9.0,0.0,0.0,1.56,9.91,9.7,72,era5_archive
2005-12-23,9.8,5.9,7.6,2.4,2.4,1.02,7.7,26.6,83,era5_archive
2005-12-24,9.7,4.9,6.7,9.5,9.5,1.02,7.2,31.6,85,era5_archive
2005-12-25,7.1,4.3,5.3,15.2,14.9,0.83,7.43,26.0,88,era5_archive
2005-12-26,9.6,3.7,6.2,0.0,0.0,1.11,8.37,15.6,82,era5_archive
2005-12-27,10.6,1.5,5.6,0.0,0.0,1.51,11.15,15.0,76,era5_archive
2005-12-28,12.1,1.4,6.2,0.0,0.0,2.06,12.92,19.6,60,era5_archive
2005-12-29,11.7,2.7,6.5,0.0,0.0,1.78,10.08,17.6,60,era5_archive
2005-12-30,14.0,0.9,7.3,0.0,0.0,1.89,12.86,10.8,64,era5_archive
2005-12-31,14.2,3.8,8.8,0.0,0.0,2.29,11.33,19.0,57,era5_archive
2006-01-01,14.1,6.2,9.5,0.0,0.0,2.5,8.26,16.1,43,era5_archive
2006-01-02,16.2,5.4,9.6,0.0,0.0,2.66,12.93,12.3,42,era5_archive
2006-01-03,16.0,4.3,8.8,0.0,0.0,2.58,13.05,16.3,43,era5_archive
2006-01-04,15.1,4.8,9.6,0.9,0.9,2.62,9.23,23.0,51,era5_archive
2006-01-05,17.1,8.9,11.8,0.3,0.3,2.71,11.85,24.2,57,era5_archive
2006-01-06,18.5,7.4,12.0,0.0,0.0,2.11,12.07,10.8,61,era5_archive
2006-01-07,13.6,4.9,8.5,1.0,1.0,1.45,10.69,19.0,88,era5_archive
2006-01-08,11.3,6.8,8.0,5.0,5.0,1.09,9.21,20.5,90,era5_archive
2006-01-09,10.8,6.3,7.9,0.5,0.5,1.28,9.77,12.6,85,era5_archive
2006-01-10,11.1,3.6,6.7,5.0,5.0,1.25,9.37,10.2,87,era5_archive
2006-01-11,8.1,4.5,5.9,5.9,5.9,0.64,4.74,12.4,90,era5_archive
2006-01-12,10.1,4.4,6.7,1.2,1.2,1.14,8.82,20.2,83,era5_archive
2006-01-13,10.0,2.0,5.7,1.4,1.4,1.33,10.86,13.3,88,era5_archive
2006-01-14,9.0,3.2,5.6,1.3,1.3,1.17,9.15,10.4,86,era5_archive
2006-01-15,9.2,3.1,5.4,1.9,1.9,1.22,10.11,13.9,87,era5_archive
2006-01-16,9.4,1.9,5.1,0.0,0.0,1.5,12.01,7.7,82,era5_archive
2006-01-17,9.1,0.1,4.5,0.6,0.6,1.32,11.1,21.2,81,era5_archive
2006-01-18,10.1,2.0,5.5,1.9,1.9,1.28,10.2,24.5,85,era5_archive
2006-01-19,11.3,2.7,6.8,0.0,0.0,1.45,10.93,9.2,79,era5_archive
2006-01-20,12.5,0.9,6.6,2.3,2.3,2.02,13.9,28.9,73,era5_archive
2006-01-21,11.5,4.5,7.5,0.0,0.0,1.82,14.66,27.8,76,era5_archive
2006-01-22,14.6,0.1,7.7,0.2,0.2,2.18,13.97,23.5,63,era5_archive
2006-01-23,17.3,5.9,10.8,0.4,0.4,2.84,13.79,24.0,56,era5_archive
2006-01-24,15.2,1.5,8.8,0.0,0.0,1.8,12.22,10.8,76,era5_archive
2006-01-25,14.6,6.1,10.1,0.7,0.7,1.9,10.28,25.9,72,era5_archive
2006-01-26,10.2,5.3,7.0,2.2,2.2,1.43,10.49,23.7,80,era5_archive
2006-01-27,9.5,4.4,6.3,0.7,0.7,1.38,10.92,26.0,82,era5_archive
2006-01-28,9.8,3.9,6.2,0.2,0.2,1.45,10.52,26.0,77,era5_archive
2006-01-29,9.3,1.4,4.3,0.0,0.0,1.69,13.48,10.5,81,era5_archive
2006-01-30,10.4,-1.2,4.4,0.0,0.0,1.83,15.02,13.7,74,era5_archive
2006-01-31,11.9,-1.2,5.2,0.0,0.0,1.98,14.35,13.8,68,era5_archive
2006-02-01,14.8,1.6,7.6,0.2,0.2,2.31,13.57,12.5,59,era5_archive
2006-02-02,14.3,8.3,11.3,0.8,0.8,2.62,7.41,28.8,54,era5_archive
2006-02-03,12.6,5.0,9.2,1.4,1.4,1.66,12.35,27.7,80,era5_archive
2006-02-04,12.9,7.0,9.1,0.2,0.2,1.52,10.26,19.4,85,era5_archive
2006-02-05,15.1,2.8,8.6,0.0,0.0,2.14,14.36,13.4,80,era5_archive
2006-02-06,15.7,5.5,9.9,0.0,0.0,2.21,15.19,18.9,77,era5_archive
2006-02-07,15.5,4.8,9.4,0.0,0.0,2.39,15.61,12.8,76,era5_archive
2006-02-08,14.2,5.5,9.0,0.7,0.7,2.58,12.78,28.7,60,era5_archive
2006-02-09,8.4,3.7,5.8,1.7,1.7,1.74,11.56,35.0,73,era5_archive
2006-02-10,12.8,2.8,7.4,0.0,0.0,1.76,12.44,9.4,79,era5_archive
2006-02-11,14.5,2.2,8.1,0.0,0.0,2.56,16.73,19.8,59,era5_archive
2006-02-12,13.1,3.9,8.3,0.0,0.0,1.99,13.99,12.7,68,era5_archive
2006-02-13,14.3,3.3,8.6,1.2,1.2,2.24,13.86,21.3,73,era5_archive
2006-02-14,11.9,6.0,8.3,3.2,3.2,1.76,12.66,16.6,82,era5_archive
2006-02-15,8.6,2.7,5.8,14.2,14.2,1.26,12.5,28.5,89,era5_archive
2006-02-16,7.1,2.1,4.0,6.7,5.5,1.37,12.7,37.1,81,era5_archive
2006-02-17,9.2,1.7,5.3,0.0,0.0,1.56,11.94,16.6,78,era5_archive
2006-02-18,13.6,1.0,6.9,0.0,0.0,2.54,18.02,11.9,70,era5_archive
2006-02-19,14.3,3.4,8.7,0.0,0.0,2.79,15.09,22.9,59,era5_archive
2006-02-20,16.2,5.8,10.6,0.1,0.1,3.16,18.38,20.1,56,era5_archive
2006-02-21,15.6,5.3,10.0,0.0,0.0,2.67,18.03,14.8,71,era5_archive
2006-02-22,15.8,4.9,10.0,0.0,0.0,2.42,15.19,9.8,76,era5_archive
2006-02-23,18.1,5.1,11.0,0.0,0.0,3.41,19.43,12.9,57,era5_archive
2006-02-24,18.8,5.4,11.7,0.0,0.0,4.72,19.88,27.5,37,era5_archive
2006-02-25,20.8,8.5,13.5,0.2,0.2,3.78,13.83,22.7,48,era5_archive
2006-02-26,18.3,8.2,13.1,0.9,0.9,2.13,12.36,12.9,73,era5_archive
2006-02-27,19.0,7.0,12.2,0.0,0.0,3.2,19.6,15.5,73,era5_archive
2006-02-28,21.0,6.6,12.7,0.0,0.0,3.69,20.65,9.7,52,era5_archive
2006-03-01,20.2,6.9,13.3,0.0,0.0,3.95,20.33,26.2,56,era5_archive
2006-03-02,16.1,7.0,10.8,0.0,0.0,2.9,19.48,17.3,76,era5_archive
2006-03-03,18.0,5.2,11.2,0.0,0.0,3.26,19.53,18.1,66,era5_archive
2006-03-04,18.9,5.3,11.5,0.0,0.0,3.47,20.97,16.1,64,era5_archive
2006-03-05,18.3,5.8,11.2,0.2,0.2,3.24,20.12,22.0,71,era5_archive
2006-03-06,17.9,5.4,11.0,0.0,0.0,3.25,20.97,12.9,68,era5_archive
2006-03-07,22.8,8.0,15.1,0.0,0.0,5.77,18.86,31.9,34,era5_archive
2006-03-08,18.0,9.6,14.7,0.0,0.0,2.88,8.13,23.1,53,era5_archive
2006-03-09,11.7,5.3,8.3,3.9,3.9,3.23,19.38,37.2,58,era5_archive
2006-03-10,10.9,5.3,7.5,1.0,1.0,1.79,12.9,26.6,79,era5_archive
2006-03-11,14.8,0.1,8.0,0.0,0.0,3.18,20.87,13.8,69,era5_archive
2006-03-12,19.5,6.1,12.2,0.0,0.0,4.75,21.88,29.6,41,era5_archive
2006-03-13,21.1,6.1,13.4,0.0,0.0,4.59,22.6,14.7,41,era5_archive
2006-03-14,19.5,8.0,13.1,0.0,0.0,4.06,22.3,20.4,50,era5_archive
2006-03-15,14.4,5.3,9.5,0.0,0.0,2.9,17.86,25.4,65,era5_archive
2006-03-16,15.7,2.4,8.8,0.0,0.0,3.47,22.09,18.0,68,era5_archive
2006-03-17,14.2,2.8,8.4,0.0,0.0,2.63,17.08,19.8,74,era5_archive
2006-03-18,14.5,3.5,8.9,0.0,0.0,2.78,18.11,19.5,73,era5_archive
2006-03-19,20.8,3.0,11.9,0.0,0.0,4.84,23.09,27.7,57,era5_archive
2006-03-20,17.0,8.2,12.1,0.0,0.0,3.31,20.51,19.5,65,era5_archive
2006-03-21,24.2,5.5,14.8,0.0,0.0,5.26,22.81,30.4,50,era5_archive
2006-03-22,19.5,6.5,12.6,0.0,0.0,3.74,22.21,16.3,69,era5_archive
2006-03-23,23.9,5.7,15.2,0.0,0.0,4.22,23.35,10.8,55,era5_archive
2006-03-24,28.1,11.6,18.7,0.0,0.0,6.3,23.09,23.9,34,era5_archive
2006-03-25,16.3,8.3,11.9,0.0,0.0,2.71,16.0,25.3,75,era5_archive
2006-03-26,16.9,6.6,11.3,0.0,0.0,2.96,16.95,19.5,73,era5_archive
2006-03-27,17.9,5.0,11.3,0.0,0.0,3.41,19.81,16.8,72,era5_archive
2006-03-28,17.0,7.1,11.3,0.3,0.3,2.8,16.86,19.5,78,era5_archive
2006-03-29,17.1,8.4,11.7,0.1,0.1,2.77,15.9,24.8,77,era5_archive
2006-03-30,18.8,6.7,12.2,0.0,0.0,3.88,23.63,17.5,68,era5_archive
2006-03-31,24.0,5.9,15.7,0.0,0.0,5.09,24.36,13.7,47,era5_archive
2006-04-01,16.5,9.4,13.1,3.8,3.8,2.88,16.42,26.6,65,era5_archive
2006-04-02,13.9,9.0,10.8,18.2,18.2,1.36,10.11,28.2,90,era5_archive
2006-04-03,16.2,9.1,12.1,0.0,0.0,2.76,17.49,21.6,76,era5_archive
2006-04-04,17.5,5.3,11.6,3.5,3.5,3.06,16.65,23.7,70,era5_archive
2006-04-05,15.1,7.2,10.6,5.9,5.9,2.34,17.09,23.1,82,era5_archive
2006-04-06,14.7,6.6,10.7,0.9,0.9,2.38,14.99,20.4,81,era5_archive
2006-04-07,19.0,7.0,12.6,0.0,0.0,3.94,24.9,11.8,73,era5_archive
2006-04-08,24.1,6.2,15.7,0.0,0.0,4.92,25.72,20.2,56,era5_archive
2006-04-09,24.5,12.2,17.6,0.0,0.0,5.31,21.4,21.3,47,era5_archive
2006-04-10,18.3,9.6,13.1,0.0,0.0,3.77,24.03,16.7,75,era5_archive
2006-04-11,17.2,7.7,11.8,0.0,0.0,3.61,23.61,20.5,76,era5_archive
2006-04-12,20.1,7.6,13.3,0.0,0.0,3.96,24.39,19.3,75,era5_archive
2006-04-13,27.9,9.5,18.6,0.0,0.0,5.38,26.06,13.2,51,era5_archive
2006-04-14,31.0,16.7,23.6,0.0,0.0,8.98,26.46,34.6,25,era5_archive
2006-04-15,28.7,11.9,20.7,0.0,0.0,6.86,22.99,29.7,44,era5_archive
2006-04-16,16.6,8.9,12.4,4.2,4.2,3.04,18.98,14.8,74,era5_archive
2006-04-17,19.0,7.9,13.0,0.0,0.0,3.41,19.85,28.3,75,era5_archive
2006-04-18,22.3,7.5,15.0,0.0,0.0,4.67,26.33,18.3,70,era5_archive
2006-04-19,27.0,10.4,18.7,0.0,0.0,5.43,27.09,13.0,55,era5_archive
2006-04-20,31.4,12.4,22.1,0.0,0.0,5.95,25.01,12.7,44,era5_archive
2006-04-21,25.1,11.8,18.3,0.0,0.0,5.65,27.07,26.7,58,era5_archive
2006-04-22,29.0,9.9,19.7,0.0,0.0,5.69,25.19,16.6,46,era5_archive
2006-04-23,25.7,12.8,20.8,0.0,0.0,7.06,25.59,29.1,42,era5_archive
2006-04-24,17.3,11.1,13.0,9.9,9.9,2.66,16.77,25.3,81,era5_archive
2006-04-25,16.3,10.5,12.8,6.3,6.3,2.28,15.1,24.8,85,era5_archive
2006-04-26,18.9,8.3,12.9,0.0,0.0,4.0,23.98,22.5,72,era5_archive
2006-04-27,20.0,5.8,13.0,0.0,0.0,4.75,28.12,15.0,58,era5_archive
2006-04-28,24.2,8.7,16.6,0.2,0.2,4.02,19.93,12.1,52,era5_archive
2006-04-29,29.2,14.5,21.0,0.0,0.0,6.23,25.59,22.4,48,era5_archive
2006-04-30,23.8,10.9,17.5,0.0,0.0,5.32,28.22,20.8,62,era5_archive
2006-05-01,24.5,8.8,16.7,0.0,0.0,4.89,25.6,11.3,61,era5_archive
2006-05-02,25.6,11.1,18.4,0.6,0.6,5.64,26.81,21.5,56,era5_archive
2006-05-03,22.5,9.2,15.7,0.0,0.0,5.22,27.8,19.2,56,era5_archive
2006-05-04,27.0,6.7,17.6,0.0,0.0,5.7,28.04,14.2,48,era5_archive
2006-05-05,22.7,11.7,16.5,0.0,0.0,5.06,27.08,20.3,64,era5_archive
2006-05-06,27.0,9.2,18.4,0.0,0.0,5.7,28.38,12.2,51,era5_archive
2006-05-07,32.4,17.2,24.1,0.0,0.0,7.1,23.23,30.1,33,era5_archive
2006-05-08,23.5,12.7,17.5,0.0,0.0,5.09,27.26,22.1,67,era5_archive
2006-05-09,21.9,7.8,14.8,0.0,0.0,5.28,28.83,20.9,60,era5_archive
2006-05-10,23.9,7.8,15.4,0.0,0.0,5.52,29.21,17.4,57,era5_archive
2006-05-11,27.3,7.7,18.0,0.0,0.0,6.04,29.1,18.0,56,era5_archive
2006-05-12,30.8,9.8,20.5,0.0,0.0,6.72,29.15,20.4,50,era5_archive
2006-05-13,29.4,11.3,20.7,0.0,0.0,6.87,29.34,25.4,44,era5_archive
2006-05-14,28.9,13.2,21.1,0.0,0.0,6.51,28.71,21.8,43,era5_archive
2006-05-15,26.5,10.3,18.6,0.0,0.0,6.16,29.58,17.7,52,era5_archive
2006-05-16,23.4,10.3,16.4,0.0,0.0,5.43,28.41,24.4,64,era5_archive
2006-05-17,22.6,9.4,15.8,0.0,0.0,5.26,28.02,22.6,63,era5_archive
2006-05-18,23.8,9.3,16.6,0.0,0.0,5.4,28.63,21.1,65,era5_archive
2006-05-19,26.1,9.9,18.1,1.1,1.1,5.85,29.25,17.9,58,era5_archive
2006-05-20,24.9,13.0,17.3,4.3,4.3,4.34,22.08,24.2,73,era5_archive
2006-05-21,26.5,10.7,18.6,0.0,0.0,5.9,28.78,22.3,63,era5_archive
2006-05-22,27.7,11.4,19.5,0.0,0.0,6.53,29.68,23.3,52,era5_archive
2006-05-23,30.5,13.0,21.7,0.0,0.0,6.34,28.84,16.5,49,era5_archive
2006-05-24,33.5,16.1,25.4,0.0,0.0,6.32,27.46,14.0,42,era5_archive
2006-05-25,34.4,17.9,26.8,0.0,0.0,7.37,26.32,22.4,27,era5_archive
2006-05-26,33.7,17.3,26.4,0.0,0.0,7.33,27.72,18.5,32,era5_archive
2006-05-27,31.8,16.5,24.3,0.0,0.0,7.44,29.33,20.8,37,era5_archive
2006-05-28,32.1,15.1,23.4,0.0,0.0,7.14,30.25,18.3,41,era5_archive
2006-05-29,34.1,14.5,24.6,0.0,0.0,6.89,30.02,14.4,44,era5_archive
2006-05-30,35.0,16.4,25.7,0.0,0.0,7.13,28.9,18.0,51,era5_archive
2006-05-31,33.4,17.2,24.9,0.0,0.0,7.31,27.78,23.8,50,era5_archive
2006-06-01,31.4,17.2,23.4,0.0,0.0,6.88,26.81,27.7,53,era5_archive
2006-06-02,32.1,16.2,23.7,0.0,0.0,6.71,28.26,19.3,54,era5_archive
2006-06-03,35.3,15.9,25.7,0.0,0.0,7.72,29.37,22.3,45,era5_archive
2006-06-04,36.6,17.1,27.3,0.0,0.0,8.37,29.71,24.1,34,era5_archive
2006-06-05,38.3,18.2,28.7,0.0,0.0,8.49,29.76,21.0,35,era5_archive
2006-06-06,37.6,19.0,28.2,0.0,0.0,8.85,29.6,28.3,35,era5_archive
2006-06-07,32.0,17.5,25.2,0.0,0.0,8.25,29.8,25.1,32,era5_archive
2006-06-08,29.4,15.3,22.3,0.0,0.0,7.43,29.81,23.9,41,era5_archive
2006-06-09,28.0,12.7,20.2,0.0,0.0,6.8,30.41,20.2,48,era5_archive
2006-06-10,28.8,11.0,20.0,0.0,0.0,6.65,30.57,18.6,52,era5_archive
2006-06-11,28.0,12.2,19.8,0.0,0.0,6.41,29.47,22.1,58,era5_archive
2006-06-12,29.8,12.0,20.6,0.0,0.0,6.7,30.1,19.9,53,era5_archive
2006-06-13,31.7,12.5,22.4,0.0,0.0,7.14,29.95,21.9,50,era5_archive
2006-06-14,31.9,15.2,23.7,0.0,0.0,7.23,29.49,21.4,46,era5_archive
2006-06-15,29.5,14.7,21.8,0.0,0.0,6.83,29.66,19.7,50,era5_archive
2006-06-16,29.5,13.2,21.0,0.0,0.0,6.72,28.89,24.2,53,era5_archive
2006-06-17,30.0,13.5,21.6,0.0,0.0,6.65,29.08,21.4,55,era5_archive
2006-06-18,31.1,13.0,22.2,0.0,0.0,6.85,29.89,20.8,54,era5_archive
2006-06-19,33.2,14.3,23.9,0.0,0.0,7.14,29.45,20.1,52,era5_archive
2006-06-20,33.7,15.4,24.6,0.0,0.0,7.65,29.5,23.5,45,era5_archive
2006-06-21,33.1,15.5,24.3,0.0,0.0,7.6,29.94,23.1,43,era5_archive
2006-06-22,31.6,14.2,23.2,0.0,0.0,7.58,30.5,24.7,41,era5_archive
2006-06-23,30.7,14.9,23.2,0.0,0.0,7.03,29.52,24.0,56,era5_archive
2006-06-24,33.3,16.5,24.9,0.0,0.0,7.36,29.53,24.0,51,era5_archive
2006-06-25,34.5,16.6,25.7,0.0,0.0,7.38,30.17,20.4,47,era5_archive
2006-06-26,33.3,16.2,25.0,0.0,0.0,7.77,30.14,23.9,47,era5_archive
2006-06-27,31.1,15.0,23.3,0.0,0.0,7.21,29.93,25.5,52,era5_archive
2006-06-28,30.5,15.5,23.0,0.0,0.0,6.56,29.1,21.7,62,era5_archive
2006-06-29,31.8,16.0,24.0,0.0,0.0,6.8,29.08,21.9,60,era5_archive
2006-06-30,31.3,16.9,24.1,0.0,0.0,7.13,29.48,24.9,57,era5_archive
2006-07-01,30.4,16.0,23.5,0.0,0.0,6.74,28.8,26.2,61,era5_archive
2006-07-02,31.6,17.4,24.6,0.0,0.0,7.17,28.54,28.6,56,era5_archive
2006-07-03,32.4,16.9,25.1,0.0,0.0,7.51,28.92,28.1,53,era5_archive
2006-07-04,32.3,17.3,25.0,0.0,0.0,6.99,28.5,21.5,54,era5_archive
2006-07-05,30.0,17.2,23.6,0.0,0.0,6.51,28.81,18.6,61,era5_archive
2006-07-06,29.6,16.3,22.8,0.0,0.0,6.35,28.33,21.8,64,era5_archive
2006-07-07,28.7,15.9,22.2,0.0,0.0,5.77,25.39,22.9,66,era5_archive
2006-07-08,30.3,15.5,22.9,0.0,0.0,6.62,28.53,22.9,61,era5_archive
2006-07-09,31.0,15.4,23.0,0.0,0.0,6.86,29.19,22.5,55,era5_archive
2006-07-10,30.9,14.5,22.5,0.0,0.0,7.08,29.58,23.1,54,era5_archive
2006-07-11,30.7,13.5,22.0,0.0,0.0,6.94,28.9,27.1,57,era5_archive
2006-07-12,31.9,14.3,23.5,0.0,0.0,7.69,29.47,29.6,50,era5_archive
2006-07-13,29.4,17.0,22.5,0.0,0.0,6.52,28.05,29.2,62,era5_archive
2006-07-14,29.0,17.2,22.2,0.0,0.0,6.3,27.57,27.6,64,era5_archive
2006-07-15,30.3,15.7,22.7,0.0,0.0,6.21,27.9,20.7,66,era5_archive
2006-07-16,32.6,16.1,23.9,0.0,0.0,6.51,28.41,19.1,63,era5_archive
2006-07-17,33.5,16.8,24.9,0.0,0.0,6.91,28.24,24.5,62,era5_archive
2006-07-18,33.0,19.2,25.1,0.0,0.0,6.92,27.94,23.9,60,era5_archive
2006-07-19,33.2,16.4,24.8,0.0,0.0,7.27,29.15,22.3,52,era5_archive
2006-07-20,33.0,15.6,24.4,0.0,0.0,6.89,28.45,20.4,56,era5_archive
2006-07-21,32.0,17.9,24.5,0.0,0.0,6.68,27.99,22.5,60,era5_archive
2006-07-22,32.2,16.3,24.0,0.0,0.0,6.72,28.75,19.5,57,era5_archive
2006-07-23,33.4,16.3,24.7,0.0,0.0,7.01,28.62,22.3,55,era5_archive
2006-07-24,33.0,16.4,24.4,0.0,0.0,7.07,28.28,23.6,55,era5_archive
2006-07-25,32.4,15.6,23.9,0.0,0.0,6.98,28.87,19.7,53,era5_archive
2006-07-26,33.1,16.4,24.6,0.0,0.0,6.81,28.22,22.0,59,era5_archive
2006-07-27,32.7,17.5,24.7,0.0,0.0,7.06,27.87,27.3,60,era5_archive
2006-07-28,31.2,18.0,24.0,0.0,0.0,7.17,28.02,29.2,55,era5_archive
2006-07-29,30.4,17.0,23.3,0.0,0.0,6.63,27.6,27.2,60,era5_archive
2006-07-30,32.0,16.5,24.1,0.0,0.0,6.7,27.87,25.2,61,era5_archive
2006-07-31,32.4,17.1,24.4,0.0,0.0,6.84,27.82,24.5,59,era5_archive
2006-08-01,31.9,16.5,23.8,0.0,0.0,6.8,28.52,22.0,57,era5_archive
2006-08-02,32.6,16.0,24.1,0.0,0.0,6.79,28.11,21.5,56,era5_archive
2006-08-03,34.3,16.4,25.3,0.0,0.0,7.13,28.73,19.8,48,era5_archive
2006-08-04,34.1,16.4,25.3,0.0,0.0,7.18,28.71,19.6,47,era5_archive
2006-08-05,35.2,16.2,25.7,0.0,0.0,7.51,28.72,21.7,46,era5_archive
2006-08-06,34.0,16.8,25.2,0.0,0.0,7.51,28.71,23.7,48,era5_archive
2006-08-07,32.8,15.5,24.0,0.0,0.0,7.1,28.1,26.8,56,era5_archive
2006-08-08,31.4,19.1,24.2,0.0,0.0,6.48,26.9,24.7,64,era5_archive
2006-08-09,30.4,15.9,22.8,0.0,0.0,6.46,27.71,22.3,61,era5_archive
2006-08-10,30.4,14.5,22.0,0.0,0.0,6.22,27.64,23.0,64,era5_archive
2006-08-11,32.1,16.8,23.7,0.0,0.0,6.41,26.43,26.9,64,era5_archive
2006-08-12,33.3,17.4,25.0,0.0,0.0,7.0,27.33,26.2,59,era5_archive
2006-08-13,31.0,16.7,23.2,0.0,0.0,6.29,27.06,19.4,63,era5_archive
2006-08-14,31.3,15.4,23.0,0.0,0.0,6.28,27.41,18.5,61,era5_archive
2006-08-15,32.9,15.2,23.6,0.0,0.0,6.44,27.85,17.5,58,era5_archive
2006-08-16,35.5,16.8,25.9,0.0,0.0,6.81,27.72,18.7,53,era5_archive
2006-08-17,36.4,19.0,27.4,0.0,0.0,6.9,27.28,19.3,51,era5_archive
2006-08-18,35.7,19.8,27.7,0.0,0.0,7.12,27.44,19.5,48,era5_archive
2006-08-19,30.9,19.1,25.0,0.3,0.3,5.49,23.03,20.9,67,era5_archive
2006-08-20,32.3,19.4,25.2,0.0,0.0,5.57,23.89,16.5,67,era5_archive
2006-08-21,34.6,19.6,26.7,0.0,0.0,6.08,24.3,22.8,63,era5_archive
2006-08-22,36.8,19.9,28.5,0.0,0.0,6.98,25.14,23.3,52,era5_archive
2006-08-23,35.7,19.8,27.5,0.0,0.0,6.89,26.71,19.1,47,era5_archive
2006-08-24,36.8,18.6,27.8,0.0,0.0,7.16,25.02,23.4,41,era5_archive
2006-08-25,34.3,20.1,26.7,0.0,0.0,6.59,24.5,23.2,54,era5_archive
2006-08-26,33.3,18.2,25.3,0.0,0.0,6.32,24.68,23.3,56,era5_archive
2006-08-27,31.4,16.2,23.4,0.0,0.0,6.15,26.24,21.0,61,era5_archive
2006-08-28,32.3,15.5,23.6,0.0,0.0,6.42,26.34,23.8,59,era5_archive
2006-08-29,35.5,17.8,26.1,0.0,0.0,6.67,25.3,23.7,57,era5_archive
2006-08-30,33.7,17.8,25.2,0.0,0.0,6.34,25.27,19.0,54,era5_archive
2006-08-31,32.3,15.5,23.5,0.0,0.0,6.08,25.52,20.6,58,era5_archive
2006-09-01,30.0,18.0,22.9,0.0,0.0,5.59,24.08,22.3,66,era5_archive
2006-09-02,30.2,16.4,22.9,0.0,0.0,5.75,25.26,18.7,62,era5_archive
2006-09-03,31.2,14.8,23.0,0.0,0.0,5.69,25.16,14.6,57,era5_archive
2006-09-04,31.1,16.1,23.2,0.0,0.0,6.05,24.62,20.1,55,era5_archive
2006-09-05,30.6,14.9,22.2,0.0,0.0,5.57,24.52,18.6,61,era5_archive
2006-09-06,31.9,16.4,23.3,0.0,0.0,5.54,24.1,17.8,63,era5_archive
2006-09-07,32.0,16.8,23.9,0.0,0.0,5.63,23.99,16.2,59,era5_archive
2006-09-08,33.6,17.4,24.9,0.0,0.0,5.93,23.96,17.7,50,era5_archive
2006-09-09,36.2,17.4,26.3,0.0,0.0,5.99,23.99,13.7,42,era5_archive
2006-09-10,38.5,20.3,29.4,0.0,0.0,5.39,22.44,11.4,33,era5_archive
2006-09-11,32.8,21.4,26.0,0.0,0.0,6.06,22.53,24.6,56,era5_archive
2006-09-12,30.3,17.3,23.1,0.0,0.0,5.62,23.49,22.0,59,era5_archive
2006-09-13,32.4,16.6,23.8,0.0,0.0,5.52,23.39,17.7,59,era5_archive
2006-09-14,31.6,16.6,23.5,0.0,0.0,5.7,23.41,20.4,59,era5_archive
2006-09-15,29.6,16.2,22.1,0.0,0.0,5.23,22.74,21.7,66,era5_archive
2006-09-16,31.0,16.0,22.9,0.0,0.0,5.24,22.67,18.5,62,era5_archive
2006-09-17,32.8,16.4,24.8,0.0,0.0,4.94,23.0,10.1,52,era5_archive
2006-09-18,33.3,18.7,25.9,0.0,0.0,5.38,23.19,10.9,32,era5_archive
2006-09-19,34.4,18.8,26.6,0.0,0.0,6.4,23.18,21.8,25,era5_archive
2006-09-20,32.1,17.9,24.7,0.0,0.0,5.6,22.27,20.0,47,era5_archive
2006-09-21,27.2,15.7,21.2,0.0,0.0,4.89,21.83,23.5,67,era5_archive
2006-09-22,26.4,16.2,20.7,0.0,0.0,4.07,18.57,16.9,70,era5_archive
2006-09-23,27.1,15.2,20.5,0.0,0.0,4.53,21.06,17.9,68,era5_archive
2006-09-24,28.0,14.8,20.7,0.0,0.0,4.87,22.22,17.6,62,era5_archive
2006-09-25,26.5,13.4,19.7,0.0,0.0,4.5,20.69,23.8,70,era5_archive
2006-09-26,26.4,16.1,20.3,0.0,0.0,4.34,20.56,16.6,67,era5_archive
2006-09-27,29.7,13.9,21.6,0.0,0.0,4.78,21.87,11.8,50,era5_archive
2006-09-28,32.8,15.2,24.4,0.0,0.0,4.55,21.47,9.3,38,era5_archive
2006-09-29,33.6,18.8,26.2,0.0,0.0,6.76,21.28,21.9,23,era5_archive
2006-09-30,33.1,18.8,25.0,0.0,0.0,6.06,20.86,19.1,37,era5_archive
2006-10-01,27.4,16.7,21.6,0.0,0.0,4.43,20.17,16.2,68,era5_archive
2006-10-02,27.3,15.2,20.7,0.0,0.0,4.45,20.79,15.3,64,era5_archive
2006-10-03,25.9,14.3,19.9,0.2,0.2,4.17,19.65,20.3,69,era5_archive
2006-10-04,27.6,14.0,20.3,0.0,0.0,4.37,20.2,15.5,63,era5_archive
2006-10-05,30.3,13.8,22.3,0.0,0.0,4.27,20.88,5.8,41,era5_archive
2006-10-06,32.2,16.2,24.1,0.0,0.0,4.66,20.57,13.2,33,era5_archive
2006-10-07,30.3,16.2,22.6,0.0,0.0,4.42,19.04,16.2,63,era5_archive
2006-10-08,26.3,15.2,20.3,0.0,0.0,3.68,16.99,16.6,71,era5_archive
2006-10-09,24.8,15.1,19.3,0.0,0.0,3.35,15.0,21.3,75,era5_archive
2006-10-10,27.4,13.7,20.1,0.0,0.0,4.12,19.48,10.6,55,era5_archive
2006-10-11,30.5,16.4,22.6,0.0,0.0,5.55,18.18,18.9,39,era5_archive
2006-10-12,29.6,17.1,22.8,0.1,0.1,4.27,18.09,11.3,50,era5_archive
2006-10-13,30.0,18.5,23.5,0.0,0.0,4.65,19.29,12.1,32,era5_archive
2006-10-14,26.3,14.4,19.9,0.0,0.0,3.91,17.87,16.9,65,era5_archive
2006-10-15,22.0,15.2,17.7,0.3,0.3,2.69,13.72,20.2,79,era5_archive
2006-10-16,21.5,13.4,17.1,0.0,0.0,2.77,13.76,18.1,74,era5_archive
2006-10-17,23.8,11.7,17.6,0.0,0.0,3.29,17.79,7.3,69,era5_archive
2006-10-18,27.3,13.0,19.8,0.0,0.0,3.7,17.08,9.0,49,era5_archive
2006-10-19,27.0,15.7,20.4,0.6,0.6,4.14,16.75,17.2,48,era5_archive
2006-10-20,21.7,12.9,16.7,0.0,0.0,3.02,15.01,18.6,73,era5_archive
2006-10-21,22.9,12.7,17.3,0.0,0.0,3.27,17.24,11.6,67,era5_archive
2006-10-22,24.4,11.6,18.1,0.0,0.0,3.27,15.76,12.8,66,era5_archive
2006-10-23,25.0,12.6,18.1,0.0,0.0,3.65,16.77,17.7,69,era5_archive
2006-10-24,24.7,11.6,17.7,1.0,1.0,3.31,16.05,14.4,69,era5_archive
2006-10-25,20.5,13.6,16.4,0.0,0.0,2.52,13.03,15.8,74,era5_archive
2006-10-26,21.3,13.0,16.6,0.0,0.0,2.38,11.87,12.0,75,era5_archive
2006-10-27,21.5,12.9,16.0,3.0,3.0,2.48,13.21,20.5,78,era5_archive
2006-10-28,15.1,11.1,13.1,24.4,24.4,1.03,5.94,8.3,91,era5_archive
2006-10-29,16.6,10.3,12.9,1.5,1.5,1.9,11.42,18.3,83,era5_archive
2006-10-30,20.4,9.2,14.6,0.0,0.0,2.69,15.0,15.4,73,era5_archive
2006-10-31,22.0,10.5,15.8,0.0,0.0,3.15,16.31,13.0,55,era5_archive
2006-11-01,22.4,11.1,16.0,0.0,0.0,3.14,15.58,20.6,64,era5_archive
2006-11-02,17.9,10.4,13.8,0.4,0.4,1.68,9.72,16.3,85,era5_archive
2006-11-03,20.1,11.0,14.7,0.0,0.0,2.41,14.5,9.9,80,era5_archive
2006-11-04,20.7,11.4,15.3,0.0,0.0,2.65,14.98,13.8,71,era5_archive
2006-11-05,12.3,8.4,10.8,0.7,0.7,0.82,2.76,25.0,83,era5_archive
2006-11-06,12.5,6.7,9.5,0.0,0.0,1.33,8.09,10.9,72,era5_archive
2006-11-07,15.4,5.9,9.9,0.0,0.0,2.36,15.54,12.5,73,era5_archive
2006-11-08,16.0,3.0,9.7,0.0,0.0,2.33,15.53,7.6,69,era5_archive
2006-11-09,16.8,5.9,10.7,0.0,0.0,2.48,15.76,7.1,58,era5_archive
2006-11-10,17.8,5.5,11.0,0.0,0.0,2.43,15.49,8.2,60,era5_archive
2006-11-11,18.6,6.0,11.7,0.0,0.0,2.79,15.35,17.6,56,era5_archive
2006-11-12,18.8,7.1,12.4,0.0,0.0,2.49,15.17,8.3,57,era5_archive
2006-11-13,17.9,7.7,12.3,0.0,0.0,2.16,13.15,14.3,78,era5_archive
2006-11-14,16.8,8.0,12.0,0.2,0.2,1.82,11.39,13.7,81,era5_archive
2006-11-15,16.3,9.2,12.3,0.3,0.3,1.42,8.36,17.0,86,era5_archive
2006-11-16,17.8,7.9,12.1,0.0,0.0,2.08,13.81,6.8,72,era5_archive
2006-11-17,17.7,5.4,11.6,0.0,0.0,2.25,14.73,9.7,57,era5_archive
2006-11-18,17.7,8.8,12.2,0.0,0.0,2.39,14.63,14.4,62,era5_archive
2006-11-19,16.7,6.9,11.0,0.0,0.0,1.98,12.74,15.6,80,era5_archive
2006-11-20,15.8,3.0,9.7,0.0,0.0,2.81,14.32,15.0,54,era5_archive
2006-11-21,16.5,5.4,10.3,0.0,0.0,3.66,14.29,20.6,29,era5_archive
2006-11-22,17.1,4.9,10.7,0.0,0.0,2.88,14.01,14.2,37,era5_archive
2006-11-23,17.9,6.9,11.3,0.0,0.0,2.21,14.0,6.8,49,era5_archive
2006-11-24,16.9,6.7,11.1,0.0,0.0,2.07,12.1,10.9,65,era5_archive
2006-11-25,17.2,6.1,10.9,0.0,0.0,2.33,13.27,9.2,59,era5_archive
2006-11-26,17.1,3.4,9.8,0.0,0.0,2.72,14.09,11.2,48,era5_archive
2006-11-27,16.8,4.6,9.7,0.0,0.0,2.66,13.92,11.3,44,era5_archive
2006-11-28,16.9,1.9,8.9,0.0,0.0,2.58,14.09,9.6,43,era5_archive
2006-11-29,17.4,2.5,9.3,0.0,0.0,2.53,13.85,11.2,42,era5_archive
2006-11-30,17.8,3.1,9.5,0.0,0.0,2.66,13.68,9.0,38,era5_archive
2006-12-01,16.5,5.7,10.0,0.0,0.0,2.32,13.49,7.7,42,era5_archive
2006-12-02,16.1,4.1,9.4,0.0,0.0,2.28,13.67,11.9,50,era5_archive
2006-12-03,15.4,2.4,8.6,0.0,0.0,2.57,13.36,12.8,51,era5_archive
2006-12-04,13.3,3.6,7.8,0.0,0.0,3.05,13.47,23.9,33,era5_archive
2006-12-05,14.8,4.2,8.3,0.0,0.0,1.94,13.25,7.4,38,era5_archive
2006-12-06,14.1,3.2,7.6,0.0,0.0,2.4,12.85,13.3,43,era5_archive
2006-12-07,13.7,2.8,7.9,0.0,0.0,1.77,11.72,9.0,54,era5_archive
2006-12-08,15.1,2.2,8.4,0.0,0.0,1.88,12.48,8.2,58,era5_archive
2006-12-09,15.8,4.7,9.4,0.0,0.0,2.97,12.18,25.6,48,era5_archive
2006-12-10,14.9,4.6,9.3,0.1,0.1,2.14,11.68,16.5,48,era5_archive
2006-12-11,14.5,2.5,7.8,0.0,0.0,1.91,12.37,14.8,69,era5_archive
2006-12-12,12.0,0.4,6.9,0.0,0.0,1.15,7.84,7.6,74,era5_archive
2006-12-13,14.2,1.7,7.7,0.0,0.0,1.66,12.43,7.1,73,era5_archive
2006-12-14,13.9,1.8,7.3,0.0,0.0,1.99,12.7,11.2,63,era5_archive
2006-12-15,14.5,0.8,7.2,0.0,0.0,2.09,12.78,14.0,60,era5_archive
2006-12-16,11.4,1.0,6.3,0.0,0.0,3.1,13.11,26.1,33,era5_archive
2006-12-17,13.6,2.3,6.6,0.0,0.0,2.35,13.34,15.4,33,era5_archive
2006-12-18,14.6,0.8,6.9,0.0,0.0,2.39,13.13,12.9,45,era5_archive
2006-12-19,13.8,2.1,7.2,0.0,0.0,2.9,13.04,21.0,40,era5_archive
2006-12-20,16.1,0.6,7.9,0.0,0.0,2.38,13.06,13.1,48,era5_archive
2006-12-21,15.1,3.9,8.6,0.0,0.0,1.72,10.8,16.7,80,era5_archive
2006-12-22,14.1,6.0,9.6,0.0,0.0,1.27,6.95,20.2,83,era5_archive
2006-12-23,11.3,3.7,8.0,3.3,3.3,1.27,8.15,18.7,81,era5_archive
2006-12-24,11.6,-1.3,5.4,0.0,0.0,1.75,13.05,10.0,60,era5_archive
2006-12-25,11.5,-1.8,4.7,0.0,0.0,1.81,13.13,16.0,58,era5_archive
2006-12-26,10.4,-0.2,5.4,2.5,2.5,0.99,7.2,24.3,82,era5_archive
2006-12-27,7.0,-0.1,5.1,11.1,11.1,0.93,7.39,28.9,84,era5_archive
2006-12-28,6.7,-1.1,1.9,0.0,0.0,1.49,11.45,28.1,70,era5_archive
2006-12-29,7.4,-3.4,2.0,0.0,0.0,1.46,13.18,8.6,72,era5_archive
2006-12-30,10.1,-0.6,4.7,0.0,0.0,1.43,11.75,6.8,71,era5_archive
2006-12-31,6.5,0.7,3.7,5.9,5.9,0.68,4.83,15.8,85,era5_archive
2007-01-01,10.4,-0.2,5.0,0.2,0.2,1.54,11.98,16.5,81,era5_archive
2007-01-02,10.8,-1.3,4.8,0.0,0.0,1.48,12.34,16.3,81,era5_archive
2007-01-03,11.4,-1.1,5.1,0.0,0.0,1.95,13.26,21.9,73,era5_archive
2007-01-04,10.9,3.0,6.8,0.0,0.0,2.53,9.75,25.3,47,era5_archive
2007-01-05,9.4,1.8,6.6,6.5,6.5,1.54,9.82,30.0,69,era5_archive
2007-01-06,9.7,6.0,7.3,7.2,7.2,0.92,7.77,26.4,91,era5_archive
2007-01-07,9.5,6.7,7.5,3.2,3.2,0.8,6.49,18.9,92,era5_archive
2007-01-08,9.8,4.9,6.9,0.9,0.9,1.26,10.03,12.6,83,era5_archive
2007-01-09,10.4,0.0,5.1,0.0,0.0,1.36,10.55,14.2,79,era5_archive
2007-01-10,10.8,-0.6,4.6,0.0,0.0,1.59,12.33,14.1,74,era5_archive
2007-01-11,10.4,-0.6,4.2,0.0,0.0,1.66,13.42,12.2,70,era5_archive
2007-01-12,7.6,1.3,4.4,0.2,0.2,0.87,6.62,7.4,78,era5_archive
2007-01-13,10.8,1.6,5.9,0.0,0.0,1.47,11.53,8.6,76,era5_archive
2007-01-14,12.2,-0.6,5.3,0.0,0.0,1.85,13.91,16.0,71,era5_archive
2007-01-15,12.6,0.1,5.9,0.0,0.0,1.98,14.15,14.1,65,era5_archive
2007-01-16,13.0,2.2,6.8,0.0,0.0,1.99,14.05,14.6,62,era5_archive
2007-01-17,13.0,0.0,6.5,0.0,0.0,1.95,14.32,10.0,73,era5_archive
2007-01-18,13.6,0.3,7.2,0.0,0.0,1.99,14.61,6.3,65,era5_archive
2007-01-19,14.2,-0.4,6.5,0.0,0.0,2.11,14.14,14.4,63,era5_archive
2007-01-20,11.2,-0.7,5.9,4.6,4.6,1.53,10.53,27.2,79,era5_archive
2007-01-21,9.7,5.7,7.2,8.0,8.0,0.85,7.02,26.1,90,era5_archive
2007-01-22,11.9,0.7,6.6,0.0,0.0,1.9,14.71,8.3,77,era5_archive
2007-01-23,13.2,0.3,6.1,0.0,0.0,2.12,15.04,15.8,73,era5_archive
2007-01-24,13.6,3.1,7.4,0.0,0.0,2.47,15.28,22.9,63,era5_archive
2007-01-25,15.5,1.9,8.1,0.0,0.0,2.64,15.42,15.3,58,era5_archive
2007-01-26,16.7,3.2,9.1,0.0,0.0,2.78,15.34,15.9,56,era5_archive
2007-01-27,17.5,3.8,10.4,0.0,0.0,2.58,15.43,13.9,56,era5_archive
2007-01-28,16.5,3.7,10.1,1.6,1.6,2.66,15.23,29.3,67,era5_archive
2007-01-29,8.6,4.9,6.5,0.8,0.8,1.62,9.53,36.4,74,era5_archive
2007-01-30,9.8,3.9,6.5,8.6,8.6,1.07,8.59,28.5,86,era5_archive
2007-01-31,10.4,4.5,6.9,1.3,1.3,1.38,10.14,28.8,82,era5_archive
2007-02-01,11.2,0.4,5.7,0.0,0.0,2.02,15.41,9.0,77,era5_archive
2007-02-02,12.0,1.1,6.4,0.7,0.7,1.72,12.1,22.5,71,era5_archive
2007-02-03,11.8,5.4,7.8,6.0,6.0,1.43,9.44,19.7,80,era5_archive
2007-02-04,8.6,4.8,6.1,4.6,4.6,0.81,6.31,25.2,88,era5_archive
2007-02-05,12.0,5.4,8.0,0.7,0.7,2.21,13.54,28.3,68,era5_archive
2007-02-06,9.1,4.4,6.4,8.1,8.1,1.47,12.78,27.9,81,era5_archive
2007-02-07,10.0,4.5,6.5,0.5,0.5,1.41,10.74,17.5,81,era5_archive
2007-02-08,13.0,-0.4,6.4,0.0,0.0,2.3,15.83,20.1,72,era5_archive
2007-02-09,14.5,3.8,8.8,0.0,0.0,2.43,15.84,14.5,68,era5_archive
2007-02-10,12.1,4.4,8.2,3.2,3.2,1.37,10.97,17.6,90,era5_archive
2007-02-11,14.8,3.5,8.5,0.0,0.0,2.27,15.97,12.4,79,era5_archive
2007-02-12,16.7,4.3,9.8,0.0,0.0,2.58,17.05,12.4,72,era5_archive
2007-02-13,13.8,3.6,8.8,0.0,0.0,2.01,13.74,22.4,78,era5_archive
2007-02-14,13.6,6.2,9.6,0.0,0.0,1.59,10.31,14.1,81,era5_archive
2007-02-15,12.0,4.3,7.7,2.2,2.2,1.77,12.67,26.5,78,era5_archive
2007-02-16,12.0,5.5,8.2,0.0,0.0,1.55,10.9,20.6,85,era5_archive
2007-02-17,15.4,3.9,8.8,0.0,0.0,2.14,14.7,18.7,78,era5_archive
2007-02-18,12.8,4.3,8.4,4.3,4.3,1.75,12.07,11.8,77,era5_archive
2007-02-19,13.9,2.2,8.5,0.0,0.0,2.32,16.27,10.5,80,era5_archive
2007-02-20,16.7,2.5,10.0,0.0,0.0,2.86,17.4,14.4,71,era5_archive
2007-02-21,19.6,7.7,12.5,0.0,0.0,3.59,18.93,21.7,55,era5_archive
2007-02-22,16.6,4.2,10.2,0.0,0.0,2.9,19.12,19.7,74,era5_archive
2007-02-23,19.3,4.7,11.6,0.0,0.0,3.0,16.95,21.6,66,era5_archive
2007-02-24,20.3,7.7,13.3,0.2,0.2,3.6,17.79,20.8,56,era5_archive
2007-02-25,14.8,4.0,9.6,2.0,2.0,2.26,14.62,28.8,75,era5_archive
2007-02-26,11.7,7.4,9.3,9.4,9.4,1.28,10.6,21.7,90,era5_archive
2007-02-27,13.3,7.1,9.5,0.2,0.2,1.8,12.37,13.3,83,era5_archive
2007-02-28,17.4,3.7,10.1,2.9,2.9,2.81,18.18,22.1,75,era5_archive
2007-03-01,12.4,4.8,8.9,2.8,2.8,2.15,16.43,26.6,81,era5_archive
2007-03-02,13.5,6.8,9.4,0.0,0.0,1.94,13.29,19.4,83,era5_archive
2007-03-03,16.2,2.2,9.4,0.0,0.0,2.85,19.76,12.1,79,era5_archive
2007-03-04,17.0,3.2,10.2,0.0,0.0,3.07,20.2,16.2,74,era5_archive
2007-03-05,16.6,4.2,10.5,0.0,0.0,2.84,19.01,30.3,77,era5_archive
2007-03-06,14.1,5.9,10.1,0.0,0.0,2.91,20.11,27.0,72,era5_archive
2007-03-07,16.1,0.2,8.8,0.0,0.0,3.3,20.75,14.8,59,era5_archive
2007-03-08,19.7,7.6,12.5,0.0,0.0,3.94,20.24,15.2,46,era5_archive
2007-03-09,16.7,4.8,10.4,0.0,0.0,2.96,20.01,18.1,76,era5_archive
2007-03-10,21.7,4.4,12.9,0.0,0.0,4.08,21.72,13.4,60,era5_archive
2007-03-11,24.3,9.3,15.8,0.0,0.0,5.03,21.69,17.8,42,era5_archive
2007-03-12,17.8,5.2,11.5,0.0,0.0,3.37,21.57,21.7,73,era5_archive
2007-03-13,14.8,6.3,10.1,0.0,0.0,2.25,14.2,26.0,81,era5_archive
2007-03-14,12.4,5.0,8.9,8.9,8.9,1.74,13.85,32.2,84,era5_archive
2007-03-15,8.4,3.5,5.3,11.4,11.4,1.45,14.4,30.1,86,era5_archive
2007-03-16,10.5,3.6,6.8,1.8,1.8,1.88,16.13,25.6,85,era5_archive
2007-03-17,11.7,5.2,8.0,4.4,4.4,1.95,16.15,22.1,86,era5_archive
2007-03-18,13.0,2.0,7.2,0.0,0.0,2.74,20.08,20.3,78,era5_archive
2007-03-19,12.9,3.5,8.3,0.0,0.0,2.13,14.31,16.3,77,era5_archive
2007-03-20,17.0,1.4,9.6,0.0,0.0,2.75,16.71,13.5,72,era5_archive
2007-03-21,18.9,4.8,11.6,0.0,0.0,3.53,21.15,13.5,63,era5_archive
2007-03-22,21.6,8.1,14.7,0.0,0.0,4.74,22.91,17.9,47,era5_archive
2007-03-23,23.2,13.8,17.8,0.0,0.0,5.74,14.43,33.9,33,era5_archive
2007-03-24,17.5,7.9,13.5,0.0,0.0,3.12,14.4,29.9,64,era5_archive
2007-03-25,14.9,6.6,10.0,0.0,0.0,3.02,20.19,18.3,74,era5_archive
2007-03-26,15.9,3.6,9.3,0.0,0.0,3.18,20.31,20.4,76,era5_archive
2007-03-27,15.1,5.3,9.6,0.0,0.0,3.01,19.49,19.0,73,era5_archive
2007-03-28,15.6,3.6,9.4,0.0,0.0,3.13,20.35,15.3,73,era5_archive
2007-03-29,17.6,3.1,10.2,0.0,0.0,3.92,24.45,17.7,66,era5_archive
2007-03-30,19.6,3.5,11.9,0.0,0.0,4.25,25.31,9.3,56,era5_archive
2007-03-31,21.8,5.4,13.6,0.5,0.5,4.2,19.12,18.0,46,era5_archive
2007-04-01,14.8,8.3,11.1,3.9,3.9,2.25,16.08,30.7,79,era5_archive
2007-04-02,14.4,7.8,10.6,0.0,0.0,2.34,15.22,27.1,80,era5_archive
2007-04-03,15.0,6.9,10.5,0.0,0.0,2.56,15.72,23.0,77,era5_archive
2007-04-04,17.0,3.0,10.4,0.0,0.0,3.76,24.99,12.9,67,era5_archive
2007-04-05,25.3,4.6,15.6,0.0,0.0,5.02,22.78,20.3,49,era5_archive
2007-04-06,23.5,8.9,16.7,0.0,0.0,5.15,25.86,18.3,53,era5_archive
2007-04-07,29.0,11.8,20.0,0.1,0.1,5.58,19.04,28.9,43,era5_archive
2007-04-08,19.9,9.7,15.1,0.0,0.0,4.25,23.4,25.3,66,era5_archive
2007-04-09,17.0,7.9,11.9,0.0,0.0,3.16,19.02,22.0,75,era5_archive
2007-04-10,17.1,7.8,11.5,1.1,1.1,3.17,20.58,17.4,79,era5_archive
2007-04-11,16.2,7.9,11.5,0.4,0.4,3.31,21.71,24.8,76,era5_archive
2007-04-12,17.7,5.1,11.8,0.1,0.1,4.08,24.92,10.8,66,era5_archive
2007-04-13,18.0,8.4,12.5,0.8,0.8,3.21,17.31,19.3,61,era5_archive
2007-04-14,16.7,7.3,11.4,1.8,1.8,3.17,21.0,29.4,75,era5_archive
2007-04-15,17.6,5.4,11.3,0.0,0.0,3.65,21.79,26.1,71,era5_archive
2007-04-16,18.9,5.9,12.3,0.0,0.0,3.87,22.13,17.3,66,era5_archive
2007-04-17,25.0,7.8,16.8,0.0,0.0,5.43,23.56,24.5,49,era5_archive
2007-04-18,18.8,9.7,14.1,0.0,0.0,4.23,22.19,34.6,61,era5_archive
2007-04-19,16.7,8.4,12.0,0.8,0.8,3.6,22.1,27.4,67,era5_archive
2007-04-20,19.6,2.4,11.4,0.0,0.0,4.59,27.25,17.1,62,era5_archive
2007-04-21,23.3,6.3,14.9,0.0,0.0,5.01,27.55,9.0,50,era5_archive
2007-04-22,27.0,9.1,18.3,0.0,0.0,5.64,26.97,15.0,35,era5_archive
2007-04-23,29.0,14.7,20.3,0.0,0.0,7.11,24.01,28.7,35,era5_archive
2007-04-24,21.8,9.2,15.5,0.0,0.0,5.2,27.27,21.4,55,era5_archive
2007-04-25,24.3,8.4,16.6,0.0,0.0,5.37,28.35,10.4,31,era5_archive
2007-04-26,27.1,10.8,19.7,0.1,0.1,5.96,22.59,23.6,36,era5_archive
2007-04-27,25.6,11.8,19.0,0.0,0.0,5.73,27.6,20.0,51,era5_archive
2007-04-28,26.2,13.3,19.4,0.0,0.0,4.83,21.31,17.4,52,era5_archive
2007-04-29,24.6,10.0,17.0,0.0,0.0,5.81,27.55,26.3,57,era5_archive
2007-04-30,20.8,9.2,14.3,0.0,0.0,4.68,25.88,20.8,63,era5_archive
2007-05-01,25.3,7.3,16.7,0.0,0.0,5.51,28.63,10.0,50,era5_archive
2007-05-02,30.5,9.9,21.1,0.0,0.0,6.16,28.29,15.5,44,era5_archive
2007-05-03,33.4,18.1,26.1,0.6,0.6,7.61,21.91,23.8,25,era5_archive
2007-05-04,31.1,17.3,24.6,0.2,0.2,7.22,24.72,20.1,33,era5_archive
2007-05-05,30.9,11.7,22.0,0.0,0.0,6.24,28.81,11.5,47,era5_archive
2007-05-06,35.2,16.1,26.3,0.0,0.0,7.29,27.23,12.8,29,era5_archive
2007-05-07,35.2,19.4,27.3,0.4,0.4,7.71,23.14,21.2,25,era5_archive
2007-05-08,35.1,20.1,27.6,0.0,0.0,7.95,27.49,19.6,27,era5_archive
2007-05-09,29.7,17.3,24.4,0.0,0.0,5.5,20.25,17.4,41,era5_archive
2007-05-10,31.1,19.7,24.6,0.0,0.0,5.93,16.73,31.3,42,era5_archive
2007-05-11,31.9,16.5,22.9,2.6,2.6,6.76,25.24,33.9,53,era5_archive
2007-05-12,23.5,14.9,18.3,4.6,4.6,3.95,20.86,17.0,73,era5_archive
2007-05-13,21.4,14.8,17.4,0.9,0.9,3.15,17.15,25.3,81,era5_archive
2007-05-14,24.4,11.5,18.0,0.0,0.0,5.2,27.66,23.5,70,era5_archive
2007-05-15,27.7,12.7,20.2,0.0,0.0,5.57,27.04,14.6,60,era5_archive
2007-05-16,24.7,14.6,19.8,0.0,0.0,3.68,16.5,15.9,64,era5_archive
2007-05-17,21.3,13.1,17.4,1.0,1.0,2.98,15.68,14.2,78,era5_archive
2007-05-18,25.2,13.5,18.8,0.0,0.0,4.74,23.76,21.0,72,era5_archive
2007-05-19,30.3,11.0,21.8,0.0,0.0,5.98,29.82,7.8,41,era5_archive
2007-05-20,32.6,14.6,23.1,0.0,0.0,7.89,29.35,22.8,33,era5_archive
2007-05-21,28.2,11.8,20.2,0.0,0.0,6.27,29.8,13.3,53,era5_archive
2007-05-22,28.8,13.3,20.4,0.0,0.0,6.29,27.98,27.3,57,era5_archive
2007-05-23,26.4,14.0,19.2,0.0,0.0,5.81,27.54,18.8,55,era5_archive
2007-05-24,32.3,11.9,22.9,0.0,0.0,6.73,29.81,12.5,37,era5_archive
2007-05-25,30.7,17.0,23.4,0.0,0.0,7.18,29.24,21.0,39,era5_archive
2007-05-26,28.4,13.2,20.6,0.0,0.0,6.59,29.08,22.8,51,era5_archive
2007-05-27,31.0,14.6,22.8,0.0,0.0,6.7,27.64,19.9,39,era5_archive
2007-05-28,26.8,13.5,20.3,0.0,0.0,5.91,28.2,19.5,59,era5_archive
2007-05-29,32.8,15.0,24.3,0.0,0.0,6.48,28.13,10.1,40,era5_archive
2007-05-30,32.1,18.9,25.5,0.3,0.3,7.88,26.73,20.8,34,era5_archive
2007-05-31,26.8,15.1,20.2,0.0,0.0,6.09,28.26,25.8,61,era5_archive
2007-06-01,26.4,12.7,18.8,0.0,0.0,6.01,28.91,23.4,60,era5_archive
2007-06-02,26.7,10.7,18.5,0.0,0.0,6.11,30.06,19.6,59,era5_archive
2007-06-03,29.5,11.1,20.1,0.0,0.0,6.39,29.1,17.6,49,era5_archive
2007-06-04,30.1,12.5,21.2,0.0,0.0,6.9,30.14,19.5,46,era5_archive
2007-06-05,32.8,12.8,22.9,0.0,0.0,7.07,30.51,17.8,43,era5_archive
2007-06-06,35.3,14.9,25.1,0.0,0.0,7.6,29.78,23.6,43,era5_archive
2007-06-07,26.2,15.8,20.3,0.0,0.0,6.14,28.71,26.2,61,era5_archive
2007-06-08,25.0,14.2,19.2,0.0,0.0,5.17,24.44,24.0,67,era5_archive
2007-06-09,27.4,13.6,20.4,0.0,0.0,6.1,28.61,22.1,60,era5_archive
2007-06-10,35.8,15.9,26.4,0.0,0.0,6.9,28.85,13.6,36,era5_archive
2007-06-11,29.1,16.9,23.1,0.0,0.0,7.19,29.61,25.1,49,era5_archive
2007-06-12,28.0,14.6,20.8,0.0,0.0,6.55,29.74,23.1,58,era5_archive
2007-06-13,30.1,12.7,21.0,0.0,0.0,6.35,29.44,18.1,56,era5_archive
2007-06-14,32.2,15.0,23.2,0.0,0.0,6.82,28.7,20.2,57,era5_archive
2007-06-15,31.6,16.8,23.0,0.0,0.0,6.87,28.22,25.8,57,era5_archive
2007-06-16,29.0,14.9,21.5,0.0,0.0,6.75,28.94,28.2,56,era5_archive
2007-06-17,28.3,14.0,20.4,0.0,0.0,6.27,28.79,25.7,62,era5_archive
2007-06-18,29.3,15.1,21.6,0.0,0.0,6.16,27.91,26.0,66,era5_archive
2007-06-19,30.3,16.3,22.8,0.0,0.0,6.57,28.23,26.5,63,era5_archive
2007-06-20,32.1,16.1,23.9,0.0,0.0,7.2,29.31,24.4,56,era5_archive
2007-06-21,32.2,16.2,24.1,0.0,0.0,7.27,29.65,24.5,50,era5_archive
2007-06-22,33.6,16.4,25.4,0.0,0.0,7.07,29.66,18.1,43,era5_archive
2007-06-23,36.4,20.4,28.5,0.0,0.0,7.28,30.02,18.4,30,era5_archive
2007-06-24,37.0,20.5,29.0,0.0,0.0,8.32,30.69,22.0,25,era5_archive
2007-06-25,37.6,18.4,28.4,0.0,0.0,8.89,29.93,25.9,29,era5_archive
2007-06-26,35.4,18.9,27.6,0.0,0.0,8.41,29.89,27.1,36,era5_archive
2007-06-27,35.3,17.7,27.1,0.0,0.0,8.63,29.91,26.3,33,era5_archive
2007-06-28,35.9,18.5,27.5,0.0,0.0,8.45,29.89,28.9,38,era5_archive
2007-06-29,36.0,18.8,27.8,0.0,0.0,8.6,28.83,29.5,40,era5_archive
2007-06-30,32.7,17.9,25.5,0.0,0.0,7.95,29.92,29.6,52,era5_archive
2007-07-01,30.5,16.3,23.4,0.0,0.0,6.9,29.33,23.3,58,era5_archive
2007-07-02,29.5,15.4,22.2,0.0,0.0,6.27,28.32,21.7,64,era5_archive
2007-07-03,30.8,14.8,22.9,0.0,0.0,6.92,29.06,24.5,60,era5_archive
2007-07-04,30.5,15.0,22.9,0.0,0.0,6.91,28.97,24.8,56,era5_archive
2007-07-05,30.6,14.9,23.0,0.0,0.0,6.97,29.87,18.9,55,era5_archive
2007-07-06,31.3,14.9,23.2,0.0,0.0,6.9,29.39,24.1,56,era5_archive
2007-07-07,30.9,16.7,23.5,0.0,0.0,7.06,28.64,29.9,57,era5_archive
2007-07-08,30.2,16.6,22.8,0.0,0.0,6.29,27.85,27.2,66,era5_archive
2007-07-09,32.3,17.7,24.5,0.0,0.0,7.04,28.58,22.9,57,era5_archive
2007-07-10,34.4,17.3,25.7,0.0,0.0,7.55,28.73,24.2,50,era5_archive
2007-07-11,33.9,16.8,25.5,0.0,0.0,8.1,29.73,25.8,40,era5_archive
2007-07-12,33.1,15.2,24.4,0.0,0.0,7.85,29.89,25.2,41,era5_archive
2007-07-13,31.2,14.6,22.9,0.0,0.0,7.2,29.87,24.8,53,era5_archive
2007-07-14,29.8,14.9,22.0,0.0,0.0,6.47,28.45,26.3,63,era5_archive
2007-07-15,29.6,16.2,22.5,0.0,0.0,6.31,27.12,26.8,62,era5_archive
2007-07-16,30.0,18.5,23.5,0.0,0.0,6.56,25.89,31.4,62,era5_archive
2007-07-17,30.8,16.3,23.3,0.0,0.0,6.96,28.14,26.4,55,era5_archive
2007-07-18,32.2,15.8,24.3,0.0,0.0,7.17,28.85,22.5,47,era5_archive
2007-07-19,33.4,16.3,25.0,0.0,0.0,6.9,28.09,20.5,51,era5_archive
2007-07-20,35.0,17.3,26.2,0.0,0.0,7.4,29.31,19.7,46,era5_archive
2007-07-21,35.1,18.4,26.7,0.0,0.0,7.72,28.98,22.1,40,era5_archive
2007-07-22,34.5,18.3,26.2,0.0,0.0,7.96,28.73,22.9,40,era5_archive
2007-07-23,32.9,15.6,24.7,0.0,0.0,7.32,29.21,23.0,46,era5_archive
2007-07-24,34.4,18.6,26.2,0.0,0.0,6.57,26.5,21.9,61,era5_archive
2007-07-25,37.3,20.5,28.8,0.0,0.0,6.28,23.8,19.9,54,era5_archive
2007-07-26,38.7,23.1,30.5,0.0,0.0,7.53,24.4,25.1,46,era5_archive
2007-07-27,39.1,22.4,30.6,0.1,0.1,7.52,23.81,21.1,37,era5_archive
2007-07-28,40.5,22.6,31.7,0.0,0.0,7.61,25.07,21.7,37,era5_archive
2007-07-29,42.0,22.7,31.3,0.0,0.0,7.18,25.82,19.6,45,era5_archive
2007-07-30,34.5,22.7,27.9,0.0,0.0,6.92,26.13,24.7,60,era5_archive
2007-07-31,33.9,19.0,26.7,0.0,0.0,7.41,28.2,23.8,48,era5_archive
2007-08-01,32.4,19.5,25.4,0.0,0.0,6.07,24.95,26.6,68,era5_archive
2007-08-02,32.3,20.1,25.4,0.0,0.0,6.75,27.32,27.0,62,era5_archive
2007-08-03,32.4,16.4,24.2,0.0,0.0,6.62,27.33,26.6,62,era5_archive
2007-08-04,32.5,19.9,25.0,0.0,0.0,6.47,26.55,25.4,64,era5_archive
2007-08-05,31.8,17.1,23.8,0.0,0.0,6.56,27.88,23.5,62,era5_archive
2007-08-06,31.9,16.3,23.3,0.0,0.0,6.62,28.0,23.1,63,era5_archive
2007-08-07,31.2,15.7,23.0,0.0,0.0,6.59,27.88,23.3,61,era5_archive
2007-08-08,30.2,15.6,22.5,0.0,0.0,6.32,27.9,20.7,63,era5_archive
2007-08-09,30.0,15.1,22.1,0.0,0.0,6.26,27.66,22.5,63,era5_archive
2007-08-10,30.2,15.1,22.3,0.0,0.0,5.99,26.56,23.7,66,era5_archive
2007-08-11,31.4,16.8,23.5,0.0,0.0,6.07,26.16,22.9,67,era5_archive
2007-08-12,32.4,16.9,24.1,0.0,0.0,6.53,27.01,23.9,62,era5_archive
2007-08-13,31.6,16.4,23.3,0.0,0.0,6.11,26.9,21.5,66,era5_archive
2007-08-14,31.8,16.1,23.6,0.0,0.0,6.24,27.22,18.5,62,era5_archive
2007-08-15,33.6,15.5,24.4,0.0,0.0,6.53,27.64,15.3,55,era5_archive
2007-08-16,32.3,17.5,24.3,0.0,0.0,6.67,26.99,26.4,59,era5_archive
2007-08-17,30.7,16.5,23.4,0.0,0.0,6.21,26.27,24.3,61,era5_archive
2007-08-18,31.3,17.8,23.8,0.0,0.0,5.62,23.43,25.1,68,era5_archive
2007-08-19,31.7,19.2,24.5,0.0,0.0,6.01,24.42,24.9,65,era5_archive
2007-08-20,32.2,17.1,24.3,0.0,0.0,6.21,25.34,21.3,57,era5_archive
2007-08-21,33.9,17.2,25.3,0.0,0.0,6.7,27.41,18.1,45,era5_archive
2007-08-22,35.3,16.6,25.9,0.0,0.0,6.82,26.85,19.8,50,era5_archive
2007-08-23,35.6,18.4,26.8,0.0,0.0,7.05,26.29,24.4,49,era5_archive
2007-08-24,35.5,19.0,27.1,0.0,0.0,6.97,26.6,20.3,47,era5_archive
2007-08-25,35.7,21.8,28.2,0.0,0.0,6.61,24.38,18.9,39,era5_archive
2007-08-26,33.8,18.2,26.5,0.0,0.0,6.95,26.2,21.4,43,era5_archive
2007-08-27,32.8,17.6,25.5,0.0,0.0,6.4,26.03,18.9,49,era5_archive
2007-08-28,34.6,18.9,26.3,0.0,0.0,6.51,25.96,19.7,52,era5_archive
2007-08-29,34.5,17.9,25.9,0.0,0.0,6.56,25.84,20.6,54,era5_archive
2007-08-30,33.6,18.3,25.2,0.0,0.0,6.02,24.7,20.5,64,era5_archive
2007-08-31,33.2,20.0,25.5,0.0,0.0,5.73,23.46,19.3,65,era5_archive
2007-09-01,34.7,20.2,26.4,0.0,0.0,5.7,22.93,23.3,66,era5_archive
2007-09-02,32.8,19.2,25.6,0.1,0.1,5.63,23.63,19.5,68,era5_archive
2007-09-03,33.1,17.8,25.0,0.0,0.0,5.88,24.83,19.1,64,era5_archive
2007-09-04,31.6,18.4,24.1,0.0,0.0,5.53,23.76,23.9,71,era5_archive
2007-09-05,31.1,18.7,23.7,0.0,0.0,5.57,23.49,23.4,68,era5_archive
2007-09-06,29.8,18.2,22.7,0.0,0.0,5.67,23.84,26.5,65,era5_archive
2007-09-07,31.0,18.4,23.5,0.0,0.0,5.82,23.22,31.0,66,era5_archive
2007-09-08,28.1,18.7,22.5,0.0,0.0,5.14,22.55,26.3,70,era5_archive
2007-09-09,28.1,15.4,21.3,0.0,0.0,5.03,22.55,21.0,65,era5_archive
2007-09-10,31.0,14.6,22.9,0.0,0.0,5.11,23.7,10.2,57,era5_archive
2007-09-11,30.4,17.7,23.3,0.0,0.0,5.44,23.4,21.4,63,era5_archive
2007-09-12,29.4,14.3,21.5,0.0,0.0,5.15,23.56,15.0,63,era5_archive
2007-09-13,29.0,14.3,21.1,0.0,0.0,5.05,23.22,16.3,63,era5_archive
2007-09-14,30.6,13.7,21.8,0.0,0.0,5.22,23.11,14.3,59,era5_archive
2007-09-15,31.0,16.5,23.2,0.0,0.0,5.23,22.27,20.2,67,era5_archive
2007-09-16,28.9,16.5,21.9,0.0,0.0,5.35,22.91,22.2,64,era5_archive
2007-09-17,29.4,14.4,21.4,0.0,0.0,4.63,21.31,15.5,67,era5_archive
2007-09-18,33.7,16.4,24.6,0.0,0.0,5.07,22.53,13.8,57,era5_archive
2007-09-19,32.7,17.9,24.3,0.0,0.0,5.53,21.61,22.6,61,era5_archive
2007-09-20,31.9,15.9,23.1,0.0,0.0,5.38,22.6,23.6,63,era5_archive
2007-09-21,31.3,15.6,22.9,0.0,0.0,5.07,22.24,17.2,65,era5_archive
2007-09-22,30.3,16.4,22.3,0.0,0.0,4.96,21.17,20.3,66,era5_archive
2007-09-23,27.7,13.9,20.4,0.0,0.0,4.88,21.54,23.1,65,era5_archive
2007-09-24,25.7,16.0,20.0,0.0,0.0,4.5,20.76,21.0,67,era5_archive
2007-09-25,27.0,15.4,20.5,0.0,0.0,4.54,22.08,13.0,61,era5_archive
2007-09-26,30.8,15.1,23.0,0.0,0.0,4.66,21.59,9.2,54,era5_archive
2007-09-27,33.1,18.8,25.6,0.0,0.0,5.09,21.55,11.3,34,era5_archive
2007-09-28,33.1,18.6,25.3,0.0,0.0,4.99,20.96,13.9,45,era5_archive
2007-09-29,29.5,18.2,23.1,0.1,0.1,4.38,17.66,19.5,65,era5_archive
2007-09-30,31.0,16.8,23.4,0.3,0.3,4.52,17.36,17.0,58,era5_archive
2007-10-01,33.7,17.1,24.8,0.0,0.0,5.29,18.17,16.1,43,era5_archive
2007-10-02,32.7,17.7,24.9,0.0,0.0,5.52,19.04,16.6,38,era5_archive
2007-10-03,30.1,18.5,23.2,0.0,0.0,4.5,20.05,15.3,63,era5_archive
2007-10-04,28.8,15.4,21.7,0.0,0.0,4.77,20.11,17.4,60,era5_archive
2007-10-05,25.9,15.0,20.1,0.0,0.0,4.01,19.0,16.6,69,era5_archive
2007-10-06,25.3,13.8,19.2,0.0,0.0,3.93,19.31,14.9,70,era5_archive
2007-10-07,27.5,14.4,20.5,0.0,0.0,4.18,20.25,10.0,56,era5_archive
2007-10-08,30.9,16.1,23.3,0.0,0.0,5.09,18.78,17.8,38,era5_archive
2007-10-09,31.2,17.6,24.1,0.0,0.0,5.41,18.78,21.3,38,era5_archive
2007-10-10,28.5,16.8,21.7,0.0,0.0,4.0,17.37,16.6,70,era5_archive
2007-10-11,27.2,15.4,20.5,0.0,0.0,4.1,19.28,12.9,66,era5_archive
2007-10-12,29.8,13.9,21.8,0.0,0.0,4.1,19.21,8.4,55,era5_archive
2007-10-13,29.3,15.8,21.8,0.0,0.0,4.07,16.97,18.9,63,era5_archive
2007-10-14,26.3,15.4,20.3,0.0,0.0,3.83,17.49,16.7,68,era5_archive
2007-10-15,25.8,13.2,19.3,0.0,0.0,3.88,18.16,18.2,66,era5_archive
2007-10-16,25.9,13.4,19.1,0.0,0.0,3.81,17.71,18.4,66,era5_archive
2007-10-17,26.5,12.1,19.3,0.1,0.1,3.99,17.29,12.6,48,era5_archive
2007-10-18,26.9,14.4,20.6,0.1,0.1,5.47,16.68,25.9,31,era5_archive
2007-10-19,27.6,16.5,21.6,0.0,0.0,5.26,18.08,22.2,33,era5_archive
2007-10-20,26.6,13.9,19.9,0.0,0.0,3.66,16.79,15.2,62,era5_archive
2007-10-21,27.4,14.2,20.2,0.0,0.0,3.79,17.46,15.6,66,era5_archive
2007-10-22,28.1,13.3,21.0,0.0,0.0,3.5,17.87,4.7,52,era5_archive
2007-10-23,30.6,14.7,22.7,0.0,0.0,5.13,16.93,18.4,35,era5_archive
2007-10-24,30.7,18.1,23.6,0.0,0.0,5.73,17.05,23.7,36,era5_archive
2007-10-25,26.7,16.6,20.5,0.0,0.0,3.33,15.44,18.4,74,era5_archive
2007-10-26,25.8,14.1,18.8,0.0,0.0,3.46,16.13,16.0,68,era5_archive
2007-10-27,23.9,11.7,17.1,0.0,0.0,3.32,16.22,17.4,67,era5_archive
2007-10-28,22.8,10.8,16.4,0.0,0.0,3.39,16.24,20.9,68,era5_archive
2007-10-29,23.2,12.0,17.1,0.0,0.0,3.07,15.69,15.9,73,era5_archive
2007-10-30,23.0,13.0,17.5,0.0,0.0,2.92,14.17,20.7,75,era5_archive
2007-10-31,22.9,12.5,17.2,0.0,0.0,2.87,14.68,13.2,76,era5_archive
2007-11-01,25.6,10.1,18.2,0.0,0.0,3.42,16.04,14.0,64,era5_archive
2007-11-02,26.4,11.6,19.2,0.0,0.0,4.08,16.09,21.1,52,era5_archive
2007-11-03,24.8,12.0,18.1,0.0,0.0,3.52,14.75,25.5,63,era5_archive
2007-11-04,25.8,13.3,18.7,0.0,0.0,3.32,15.22,14.2,59,era5_archive
2007-11-05,26.5,11.8,19.5,0.0,0.0,4.93,16.0,23.1,34,era5_archive
2007-11-06,28.1,13.9,20.4,0.0,0.0,5.04,15.75,15.2,27,era5_archive
2007-11-07,21.6,12.6,16.7,0.0,0.0,3.4,12.62,28.5,53,era5_archive
2007-11-08,19.5,11.9,15.0,0.0,0.0,2.57,12.37,17.6,67,era5_archive
2007-11-09,20.2,8.1,14.0,0.0,0.0,2.67,13.94,21.3,72,era5_archive
2007-11-10,19.1,11.8,14.6,0.0,0.0,2.39,13.29,13.8,72,era5_archive
2007-11-11,20.6,9.1,14.5,0.1,0.1,2.62,12.89,21.6,72,era5_archive
2007-11-12,19.5,8.7,14.1,0.0,0.0,2.48,15.51,15.5,59,era5_archive
2007-11-13,18.9,8.7,13.2,0.0,0.0,2.74,15.02,13.2,49,era5_archive
2007-11-14,20.2,7.6,13.3,0.0,0.0,2.55,14.94,7.6,61,era5_archive
2007-11-15,21.9,9.3,15.0,0.0,0.0,3.57,13.74,18.6,37,era5_archive
2007-11-16,22.3,9.0,15.3,0.0,0.0,2.61,13.34,8.9,37,era5_archive
2007-11-17,22.7,9.9,15.5,0.0,0.0,3.15,14.59,10.9,39,era5_archive
2007-11-18,22.2,9.6,15.3,0.0,0.0,2.85,14.85,10.1,40,era5_archive
2007-11-19,22.0,11.0,15.6,0.0,0.0,2.54,10.3,15.9,53,era5_archive
2007-11-20,15.4,9.9,11.9,5.3,5.3,1.5,9.54,28.7,86,era5_archive
2007-11-21,13.5,9.0,10.8,1.8,1.8,1.56,9.24,27.3,78,era5_archive
2007-11-22,13.9,8.1,10.6,0.2,0.2,1.47,8.85,20.4,81,era5_archive
2007-11-23,15.2,7.5,10.5,0.0,0.0,1.85,12.38,15.8,80,era5_archive
2007-11-24,15.8,5.7,10.5,0.0,0.0,2.07,13.89,7.3,70,era5_archive
2007-11-25,15.8,6.8,10.4,0.0,0.0,2.0,12.85,9.6,64,era5_archive
2007-11-26,16.5,3.5,9.4,0.0,0.0,2.08,13.9,7.9,66,era5_archive
2007-11-27,16.4,3.9,9.4,0.0,0.0,2.58,14.01,16.5,57,era5_archive
2007-11-28,17.5,5.7,11.0,0.0,0.0,2.52,13.53,15.0,53,era5_archive
2007-11-29,17.3,7.3,11.7,0.0,0.0,1.61,9.53,9.7,75,era5_archive
2007-11-30,18.0,9.5,13.3,0.0,0.0,2.88,9.59,22.3,48,era5_archive
2007-12-01,20.3,9.6,14.1,0.0,0.0,3.01,12.14,16.7,51,era5_archive
2007-12-02,14.2,9.7,11.4,3.0,3.0,1.2,8.41,29.4,90,era5_archive
2007-12-03,15.2,9.3,11.6,0.0,0.0,1.16,6.81,10.8,88,era5_archive
2007-12-04,16.1,8.1,11.6,0.2,0.2,1.63,10.54,7.6,81,era5_archive
2007-12-05,18.4,8.0,12.5,0.1,0.1,2.16,12.34,12.2,71,era5_archive
2007-12-06,15.4,5.8,10.6,0.1,0.1,2.1,11.01,28.5,72,era5_archive
2007-12-07,12.3,8.1,9.5,0.1,0.1,1.31,6.91,26.6,77,era5_archive
2007-12-08,13.9,8.8,10.6,0.0,0.0,1.22,7.37,8.8,79,era5_archive
2007-12-09,15.1,5.5,10.2,0.0,0.0,1.59,10.92,5.2,80,era5_archive
2007-12-10,15.3,3.6,9.6,0.0,0.0,1.61,9.9,15.3,77,era5_archive
2007-12-11,16.2,6.3,10.5,0.0,0.0,1.63,10.53,10.0,78,era5_archive
2007-12-12,17.6,4.0,10.5,0.0,0.0,2.32,12.85,12.9,65,era5_archive
2007-12-13,17.3,4.8,10.3,0.0,0.0,2.25,12.84,13.8,63,era5_archive
2007-12-14,13.4,6.1,9.6,0.0,0.0,1.77,8.6,25.9,71,era5_archive
2007-12-15,15.6,7.4,10.8,0.0,0.0,1.81,11.35,8.5,68,era5_archive
2007-12-16,13.7,5.2,9.0,0.0,0.0,1.66,10.57,17.1,68,era5_archive
2007-12-17,14.4,6.1,9.2,0.0,0.0,1.7,11.56,11.3,79,era5_archive
2007-12-18,13.6,1.0,7.5,0.0,0.0,1.84,12.1,20.9,76,era5_archive
2007-12-19,12.7,3.8,7.5,0.0,0.0,1.47,9.75,24.7,82,era5_archive
2007-12-20,8.1,-0.2,5.3,3.0,3.0,1.16,7.89,18.3,77,era5_archive
2007-12-21,10.9,3.2,6.5,0.2,0.2,1.42,9.93,10.1,72,era5_archive
2007-12-22,11.7,3.2,6.8,0.0,0.0,1.65,12.46,12.5,73,era5_archive
2007-12-23,12.3,1.0,5.8,0.0,0.0,1.63,12.65,7.4,74,era5_archive
2007-12-24,11.9,0.0,6.0,0.0,0.0,1.71,12.81,7.7,67,era5_archive
2007-12-25,12.6,2.9,7.0,0.0,0.0,1.7,12.21,12.9,69,era5_archive
2007-12-26,13.6,0.9,7.4,0.0,0.0,1.71,12.18,8.4,77,era5_archive
2007-12-27,14.0,1.4,7.2,0.0,0.0,2.27,12.69,16.2,59,era5_archive
2007-12-28,13.6,2.5,7.3,0.0,0.0,2.56,12.85,18.5,42,era5_archive
2007-12-29,15.1,0.9,7.6,0.0,0.0,2.28,12.9,12.9,48,era5_archive
2007-12-30,11.9,-1.3,4.7,0.0,0.0,1.71,13.2,9.1,60,era5_archive
2007-12-31,13.0,-0.4,5.5,0.0,0.0,2.29,13.28,11.5,45,era5_archive
2008-01-01,14.1,3.2,8.4,0.0,0.0,2.09,10.98,15.7,45,era5_archive
2008-01-02,13.3,1.3,7.7,0.0,0.0,1.62,10.56,20.2,71,era5_archive
2008-01-03,13.2,5.4,8.5,0.0,0.0,1.5,10.19,14.1,81,era5_archive
2008-01-04,13.0,4.7,8.1,1.6,1.6,1.42,9.55,18.1,84,era5_archive
2008-01-05,10.8,4.1,7.7,0.0,0.0,1.45,9.44,27.9,81,era5_archive
2008-01-06,9.8,-0.7,4.2,0.0,0.0,1.51,12.12,17.2,77,era5_archive
2008-01-07,10.8,-0.4,5.0,0.0,0.0,1.61,11.69,18.8,76,era5_archive
2008-01-08,11.4,4.6,7.4,0.5,0.5,1.13,8.02,17.4,85,era5_archive
2008-01-09,10.7,5.4,7.6,0.0,0.0,1.23,8.8,6.9,80,era5_archive
2008-01-10,6.7,3.5,5.4,6.6,6.6,0.69,4.53,14.6,80,era5_archive
2008-01-11,6.1,0.2,2.6,0.0,0.0,1.39,11.43,14.8,67,era5_archive
2008-01-12,6.3,-3.6,1.2,0.0,0.0,1.42,13.13,11.6,67,era5_archive
2008-01-13,6.8,-2.8,1.4,0.0,0.0,1.71,14.32,9.7,62,era5_archive
2008-01-14,6.0,-4.6,-0.1,0.0,0.0,1.64,14.75,9.0,55,era5_archive
2008-01-15,7.1,-5.3,-0.1,0.0,0.0,1.72,14.82,9.8,61,era5_archive
2008-01-16,7.3,-3.5,0.9,0.0,0.0,1.96,14.85,19.2,57,era5_archive
2008-01-17,8.7,-2.6,1.8,0.0,0.0,2.43,14.97,17.4,41,era5_archive
2008-01-18,10.8,-3.6,2.8,0.0,0.0,2.52,15.0,14.5,37,era5_archive
2008-01-19,11.9,-1.3,4.2,0.0,0.0,2.26,14.9,14.8,46,era5_archive
2008-01-20,13.5,2.4,6.6,0.0,0.0,2.03,14.32,9.7,52,era5_archive
2008-01-21,14.4,1.8,7.4,0.0,0.0,2.37,14.04,11.5,47,era5_archive
2008-01-22,7.0,1.0,4.3,13.3,11.9,0.91,4.85,14.8,76,era5_archive
2008-01-23,5.9,0.7,3.1,3.2,0.7,0.51,3.45,7.9,90,era5_archive
2008-01-24,11.5,-1.2,4.8,0.0,0.0,1.84,14.46,11.0,80,era5_archive
2008-01-25,10.3,-0.7,4.4,0.0,0.0,1.8,15.01,21.5,75,era5_archive
2008-01-26,9.8,1.2,5.4,6.8,6.8,1.3,10.12,9.8,84,era5_archive
2008-01-27,8.9,3.8,6.3,4.3,4.3,0.82,6.25,19.2,89,era5_archive
2008-01-28,10.9,3.5,6.7,0.3,0.3,1.49,9.6,27.2,81,era5_archive
2008-01-29,8.6,3.1,5.8,7.6,7.6,1.54,8.68,40.5,75,era5_archive
2008-01-30,4.5,0.4,2.5,14.6,10.9,0.67,7.1,29.0,91,era5_archive
2008-01-31,5.1,-1.4,1.3,0.9,0.6,1.14,11.3,30.9,80,era5_archive
2008-02-01,8.9,-2.1,3.2,0.0,0.0,1.42,11.33,18.8,78,era5_archive
2008-02-02,10.5,0.6,5.3,0.0,0.0,1.51,11.03,14.7,80,era5_archive
2008-02-03,11.9,-1.0,5.5,0.0,0.0,2.15,16.32,10.2,74,era5_archive
2008-02-04,11.8,-0.9,5.2,0.0,0.0,2.42,16.66,14.2,63,era5_archive
2008-02-05,12.0,0.5,5.6,0.0,0.0,2.8,16.62,20.5,51,era5_archive
2008-02-06,14.1,2.1,7.1,0.0,0.0,2.83,16.26,16.1,48,era5_archive
2008-02-07,14.8,2.8,7.9,0.0,0.0,2.54,17.07,8.7,51,era5_archive
2008-02-08,12.8,2.3,7.2,0.0,0.0,1.83,13.3,13.2,76,era5_archive
2008-02-09,15.4,2.0,8.3,0.0,0.0,2.89,17.24,17.6,59,era5_archive
2008-02-10,16.3,2.4,9.3,0.0,0.0,3.01,17.03,21.5,55,era5_archive
2008-02-11,14.5,4.0,8.9,0.0,0.0,2.67,17.25,19.1,64,era5_archive
2008-02-12,11.8,1.5,6.6,3.1,3.1,1.58,12.64,22.0,83,era5_archive
2008-02-13,10.6,5.1,7.2,7.0,7.0,1.23,10.2,22.5,90,era5_archive
2008-02-14,9.5,3.7,5.8,11.0,11.0,1.08,8.9,19.4,91,era5_archive
2008-02-15,9.8,3.3,5.8,0.0,0.0,1.53,11.54,25.1,82,era5_archive
2008-02-16,11.7,1.9,6.4,0.0,0.0,1.69,12.79,12.5,78,era5_archive
2008-02-17,14.3,2.7,8.2,0.0,0.0,2.74,18.04,16.7,64,era5_archive
2008-02-18,14.2,1.9,7.3,3.5,3.0,2.38,16.66,35.4,75,era5_archive
2008-02-19,6.6,1.5,3.6,7.4,5.7,1.08,12.06,30.6,88,era5_archive
2008-02-20,9.9,2.9,5.7,0.0,0.0,1.86,14.0,26.9,74,era5_archive
2008-02-21,11.9,-2.2,4.9,0.0,0.0,2.71,19.39,17.2,61,era5_archive
2008-02-22,13.2,0.6,6.5,0.0,0.0,3.44,19.19,20.0,40,era5_archive
2008-02-23,15.5,2.5,8.5,0.0,0.0,3.58,18.09,17.7,36,era5_archive
2008-02-24,15.3,5.9,9.7,0.0,0.0,2.48,11.56,12.5,46,era5_archive
2008-02-25,12.9,3.7,7.7,2.1,2.1,1.99,14.92,14.4,81,era5_archive
2008-02-26,11.5,4.1,7.3,0.6,0.6,1.68,12.23,26.9,83,era5_archive
2008-02-27,14.4,2.1,7.9,0.0,0.0,2.6,19.09,9.3,77,era5_archive
2008-02-28,17.6,3.3,10.1,0.0,0.0,3.4,19.3,21.5,59,era5_archive
2008-02-29,18.3,7.4,12.2,0.0,0.0,3.41,17.58,16.5,57,era5_archive
2008-03-01,16.3,6.6,10.7,0.0,0.0,2.57,17.01,15.1,80,era5_archive
2008-03-02,13.5,5.2,9.2,0.0,0.0,1.88,12.9,20.2,85,era5_archive
2008-03-03,13.6,6.4,9.3,3.2,3.2,1.64,11.39,34.6,84,era5_archive
2008-03-04,16.2,7.1,10.9,0.0,0.0,2.61,17.64,11.5,80,era5_archive
2008-03-05,20.2,5.4,12.5,0.0,0.0,4.65,21.06,27.3,50,era5_archive
2008-03-06,21.9,8.8,14.6,0.0,0.0,4.91,21.51,20.2,36,era5_archive
2008-03-07,24.7,8.0,15.6,0.0,0.0,4.94,21.33,13.6,35,era5_archive
2008-03-08,26.4,12.2,18.5,0.0,0.0,6.63,19.04,26.4,24,era5_archive
2008-03-09,27.1,14.6,19.8,0.0,0.0,6.51,16.74,26.4,22,era5_archive
2008-03-10,22.6,10.7,17.3,0.0,0.0,3.63,16.57,22.8,47,era5_archive
2008-03-11,18.4,7.3,11.8,0.0,0.0,3.58,21.05,19.0,68,era5_archive
2008-03-12,17.8,3.8,10.1,0.0,0.0,3.41,21.45,11.4,68,era5_archive
2008-03-13,15.7,3.5,9.7,0.0,0.0,3.07,19.88,25.0,73,era5_archive
2008-03-14,14.4,8.1,10.8,0.4,0.4,2.17,13.26,34.1,79,era5_archive
2008-03-15,15.6,6.6,10.8,0.0,0.0,3.37,21.58,30.0,63,era5_archive
2008-03-16,19.0,3.1,10.9,0.0,0.0,3.43,20.51,8.4,43,era5_archive
2008-03-17,22.6,5.8,13.9,0.0,0.0,5.43,23.19,25.6,33,era5_archive
2008-03-18,22.9,9.9,15.7,0.0,0.0,5.4,23.01,20.1,38,era5_archive
2008-03-19,21.7,6.7,14.4,0.0,0.0,4.3,22.58,19.4,58,era5_archive
2008-03-20,23.4,7.1,15.4,0.0,0.0,4.55,23.47,13.4,46,era5_archive
2008-03-21,27.6,8.8,18.0,0.0,0.0,5.25,23.58,14.5,38,era5_archive
2008-03-22,29.5,10.2,19.7,0.0,0.0,5.89,23.95,16.5,32,era5_archive
2008-03-23,31.6,12.8,23.1,0.0,0.0,7.47,24.22,26.7,20,era5_archive
2008-03-24,31.5,13.5,23.3,0.0,0.0,6.51,24.71,15.5,18,era5_archive
2008-03-25,29.1,12.6,20.8,0.0,0.0,5.96,24.37,17.6,29,era5_archive
2008-03-26,17.5,8.9,13.0,0.0,0.0,3.75,22.35,24.4,65,era5_archive
2008-03-27,16.6,7.3,11.5,0.0,0.0,3.67,22.35,17.8,64,era5_archive
2008-03-28,21.2,4.8,12.8,0.0,0.0,4.14,24.25,9.0,58,era5_archive
2008-03-29,26.9,10.3,17.6,0.0,0.0,6.41,24.71,25.1,34,era5_archive
2008-03-30,19.6,9.2,12.9,5.1,5.1,3.21,18.98,23.5,69,era5_archive
2008-03-31,16.3,8.3,11.4,1.1,1.1,2.55,15.11,19.8,79,era5_archive
2008-04-01,15.8,5.9,10.6,0.0,0.0,3.05,18.58,21.7,73,era5_archive
2008-04-02,18.8,4.5,11.3,0.0,0.0,4.07,25.55,12.6,63,era5_archive
2008-04-03,24.3,5.2,14.3,0.0,0.0,5.4,25.66,24.5,48,era5_archive
2008-04-04,17.7,8.6,12.3,0.0,0.0,3.81,23.35,27.8,68,era5_archive
2008-04-05,22.6,6.3,14.4,0.0,0.0,4.41,25.06,8.9,57,era5_archive
2008-04-06,28.0,14.9,20.8,0.0,0.0,6.07,18.66,28.1,26,era5_archive
2008-04-07,17.5,9.4,13.7,0.0,0.0,4.1,24.09,28.6,66,era5_archive
2008-04-08,17.6,6.6,11.4,0.0,0.0,3.87,23.85,23.8,67,era5_archive
2008-04-09,19.8,6.2,12.4,0.0,0.0,4.18,25.14,14.9,65,era5_archive
2008-04-10,23.3,8.3,15.4,0.0,0.0,3.99,16.59,19.2,52,era5_archive
2008-04-11,24.1,10.7,17.4,0.0,0.0,5.26,26.43,17.4,43,era5_archive
2008-04-12,26.1,9.6,18.0,0.0,0.0,5.17,26.15,14.0,53,era5_archive
2008-04-13,28.9,13.1,21.2,0.0,0.0,5.26,26.31,9.7,44,era5_archive
2008-04-14,31.2,12.8,22.6,0.0,0.0,7.28,26.33,19.0,30,era5_archive
2008-04-15,33.0,17.4,24.6,0.0,0.0,7.73,24.08,20.8,24,era5_archive
2008-04-16,25.2,12.3,18.8,0.0,0.0,6.03,26.74,27.9,49,era5_archive
2008-04-17,20.3,9.3,13.9,0.0,0.0,4.5,25.44,20.1,61,era5_archive
2008-04-18,27.0,7.3,17.6,0.0,0.0,5.63,27.45,15.8,47,era5_archive
2008-04-19,25.2,10.5,18.3,0.0,0.0,6.46,27.61,27.5,39,era5_archive
2008-04-20,25.9,8.2,17.3,0.0,0.0,5.75,27.68,14.6,40,era5_archive
2008-04-21,31.2,11.1,21.3,0.0,0.0,6.75,27.63,22.2,39,era5_archive
2008-04-22,32.5,13.5,23.2,0.0,0.0,7.48,27.81,20.2,27,era5_archive
2008-04-23,34.2,16.0,25.7,0.0,0.0,8.44,27.67,20.7,18,era5_archive
2008-04-24,35.6,19.8,27.0,0.0,0.0,9.59,27.64,29.0,13,era5_archive
2008-04-25,31.8,17.5,25.5,0.0,0.0,6.17,21.83,18.3,26,era5_archive
2008-04-26,31.0,15.8,23.3,0.0,0.0,6.38,26.03,21.0,45,era5_archive
2008-04-27,24.0,12.5,17.5,0.1,0.1,5.42,26.3,22.9,57,era5_archive
2008-04-28,23.0,7.5,15.1,0.0,0.0,5.6,28.59,20.4,55,era5_archive
2008-04-29,20.4,9.2,14.3,0.0,0.0,5.2,27.81,25.5,55,era5_archive
2008-04-30,20.3,7.1,13.5,0.0,0.0,4.9,27.93,22.2,62,era5_archive
2008-05-01,20.4,6.2,13.3,0.0,0.0,4.93,28.08,21.0,61,era5_archive
2008-05-02,22.0,7.2,14.3,0.0,0.0,4.96,27.48,21.7,65,era5_archive
2008-05-03,24.7,8.0,16.1,0.0,0.0,5.75,28.9,20.5,56,era5_archive
2008-05-04,25.3,9.0,17.0,0.0,0.0,6.19,29.21,22.1,47,era5_archive
2008-05-05,26.3,8.7,18.3,0.0,0.0,6.16,28.63,23.5,42,era5_archive
2008-05-06,22.9,11.3,17.0,0.0,0.0,5.96,28.6,28.2,47,era5_archive
2008-05-07,22.4,8.8,15.1,0.0,0.0,5.09,27.18,25.8,66,era5_archive
2008-05-08,22.0,9.2,15.4,0.0,0.0,5.08,26.51,23.9,62,era5_archive
2008-05-09,18.3,9.3,13.8,0.6,0.6,3.71,19.87,27.4,69,era5_archive
2008-05-10,22.0,9.3,15.2,0.0,0.0,5.29,28.9,18.6,60,era5_archive
2008-05-11,23.8,8.7,16.2,0.0,0.0,4.94,24.99,13.5,46,era5_archive
2008-05-12,29.2,10.7,20.4,0.2,0.2,5.97,27.42,20.0,46,era5_archive
2008-05-13,26.9,13.1,20.9,0.0,0.0,6.75,29.01,25.8,42,era5_archive
2008-05-14,29.3,11.9,20.8,0.0,0.0,6.27,26.81,16.6,38,era5_archive
2008-05-15,31.9,15.1,21.8,0.0,0.0,7.55,26.48,31.6,40,era5_archive
2008-05-16,24.2,12.4,17.7,0.0,0.0,5.52,28.45,21.7,63,era5_archive
2008-05-17,23.7,9.9,16.5,0.0,0.0,5.43,28.63,19.4,63,era5_archive
2008-05-18,25.9,9.8,17.6,0.0,0.0,5.65,27.87,21.5,62,era5_archive
2008-05-19,29.0,10.7,20.4,0.0,0.0,6.22,29.26,15.9,55,era5_archive
2008-05-20,31.7,13.6,23.4,0.0,0.0,6.53,29.53,13.3,44,era5_archive
2008-05-21,33.9,15.1,25.2,0.0,0.0,6.83,28.79,18.4,34,era5_archive
2008-05-22,30.8,14.9,23.2,0.0,0.0,7.4,29.03,25.6,45,era5_archive
2008-05-23,28.2,14.4,20.9,0.0,0.0,6.81,28.98,25.5,49,era5_archive
2008-05-24,26.9,10.8,18.9,0.0,0.0,6.47,29.43,27.0,52,era5_archive
2008-05-25,26.2,11.9,19.0,0.0,0.0,6.44,29.64,26.0,52,era5_archive
2008-05-26,24.4,10.8,17.8,0.0,0.0,5.31,26.12,24.3,64,era5_archive
2008-05-27,27.4,12.0,19.4,0.0,0.0,6.06,28.72,18.8,61,era5_archive
2008-05-28,28.9,12.6,20.9,0.0,0.0,6.49,29.71,19.0,53,era5_archive
2008-05-29,32.2,13.9,23.7,0.0,0.0,6.71,29.88,15.6,41,era5_archive
2008-05-30,32.4,14.3,23.6,0.0,0.0,7.31,30.19,21.4,42,era5_archive
2008-05-31,33.4,14.4,24.3,0.0,0.0,7.28,29.44,21.8,44,era5_archive
2008-06-01,32.0,14.5,23.4,0.0,0.0,7.37,30.21,21.6,41,era5_archive
2008-06-02,30.7,13.7,22.6,0.0,0.0,7.51,29.96,26.7,42,era5_archive
2008-06-03,29.1,12.7,21.4,0.0,0.0,6.88,30.07,23.2,50,era5_archive
2008-06-04,31.3,13.6,22.8,0.0,0.0,6.95,29.82,19.5,50,era5_archive
2008-06-05,35.1,18.4,26.6,0.0,0.0,7.43,28.74,20.7,33,era5_archive
2008-06-06,30.4,17.2,23.5,0.0,0.0,7.41,29.73,26.6,43,era5_archive
2008-06-07,26.4,15.3,20.1,0.0,0.0,6.2,27.22,29.9,59,era5_archive
2008-06-08,30.6,13.9,22.3,0.0,0.0,7.28,29.59,25.9,50,era5_archive
2008-06-09,35.0,19.8,26.9,0.0,0.0,7.7,29.53,19.9,28,era5_archive
2008-06-10,26.3,16.4,21.1,0.0,0.0,6.42,27.78,34.3,58,era5_archive
2008-06-11,25.7,15.4,20.1,0.0,0.0,5.4,24.66,27.6,64,era5_archive
2008-06-12,27.4,13.9,20.7,0.0,0.0,6.17,28.59,21.3,61,era5_archive
2008-06-13,31.0,14.4,22.5,0.0,0.0,6.67,30.3,16.9,44,era5_archive
2008-06-14,31.5,14.7,23.0,0.0,0.0,7.48,30.05,24.2,44,era5_archive
2008-06-15,32.9,15.7,24.5,0.0,0.0,7.84,29.84,23.4,35,era5_archive
2008-06-16,29.5,13.9,21.9,0.0,0.0,7.29,30.12,25.4,45,era5_archive
2008-06-17,30.8,13.2,21.8,0.0,0.0,6.77,29.49,21.4,54,era5_archive
2008-06-18,32.7,14.8,23.7,0.0,0.0,7.14,29.5,23.6,54,era5_archive
2008-06-19,33.9,16.2,25.3,0.0,0.0,7.17,29.75,19.3,46,era5_archive
2008-06-20,34.1,16.4,25.5,0.0,0.0,7.75,30.01,23.0,42,era5_archive
2008-06-21,35.4,17.6,26.5,0.0,0.0,8.18,30.03,26.0,36,era5_archive
2008-06-22,33.4,16.8,25.3,0.0,0.0,7.79,30.1,23.0,45,era5_archive
2008-06-23,32.3,15.1,24.0,0.0,0.0,7.02,30.07,20.7,49,era5_archive
2008-06-24,34.1,16.6,25.3,0.0,0.0,6.88,28.96,19.7,56,era5_archive
2008-06-25,35.5,17.6,27.2,0.0,0.0,6.79,26.28,17.5,46,era5_archive
2008-06-26,37.9,19.6,28.6,0.0,0.0,7.2,27.89,16.2,43,era5_archive
2008-06-27,37.7,20.3,28.1,0.0,0.0,7.62,28.83,20.8,48,era5_archive
2008-06-28,33.7,18.3,25.9,0.0,0.0,7.85,29.37,25.9,45,era5_archive
2008-06-29,30.3,18.3,23.8,0.0,0.0,6.87,28.41,30.4,62,era5_archive
2008-06-30,32.8,18.7,25.2,0.0,0.0,7.11,28.4,29.2,62,era5_archive
2008-07-01,32.8,17.3,25.0,0.0,0.0,7.21,28.81,26.1,57,era5_archive
2008-07-02,32.6,16.0,24.4,0.0,0.0,7.21,29.46,23.3,53,era5_archive
2008-07-03,31.6,16.0,23.7,0.0,0.0,6.89,28.91,23.8,58,era5_archive
2008-07-04,31.5,16.3,23.9,0.0,0.0,6.54,27.58,24.0,60,era5_archive
2008-07-05,32.4,16.5,24.6,0.0,0.0,7.41,29.36,25.7,54,era5_archive
2008-07-06,31.0,16.9,23.6,0.0,0.0,6.56,28.04,23.3,61,era5_archive
2008-07-07,32.6,16.2,24.3,0.0,0.0,6.93,28.19,25.4,60,era5_archive
2008-07-08,32.9,17.8,25.0,0.0,0.0,7.11,28.54,22.7,56,era5_archive
2008-07-09,33.5,17.5,25.1,0.0,0.0,7.32,29.41,21.7,48,era5_archive
2008-07-10,35.5,16.5,26.2,0.0,0.0,7.28,30.24,16.9,38,era5_archive
2008-07-11,35.6,17.9,27.1,0.0,0.0,7.68,29.56,18.4,35,era5_archive
2008-07-12,32.6,17.1,25.2,0.0,0.0,7.53,29.56,21.3,43,era5_archive
2008-07-13,32.4,15.5,24.1,0.0,0.0,7.06,29.62,19.0,52,era5_archive
2008-07-14,33.3,16.4,24.8,0.0,0.0,7.27,29.44,20.5,52,era5_archive
2008-07-15,33.6,16.8,25.2,0.0,0.0,7.51,29.22,27.8,55,era5_archive
2008-07-16,34.0,18.3,25.8,0.0,0.0,7.14,28.36,21.9,55,era5_archive
2008-07-17,34.6,18.0,26.4,0.0,0.0,7.68,29.25,24.4,49,era5_archive
2008-07-18,33.4,18.1,25.3,0.0,0.0,7.03,28.54,20.2,57,era5_archive
2008-07-19,34.1,15.9,25.0,0.0,0.0,7.23,29.2,21.4,53,era5_archive
2008-07-20,33.6,17.4,25.3,0.0,0.0,7.02,28.4,21.6,55,era5_archive
2008-07-21,34.5,17.5,25.8,0.0,0.0,7.22,28.67,20.7,52,era5_archive
2008-07-22,35.1,17.1,26.2,0.0,0.0,7.91,29.48,22.8,42,era5_archive
2008-07-23,34.3,17.2,25.9,0.0,0.0,7.73,28.95,25.8,47,era5_archive
2008-07-24,32.9,18.0,25.3,0.0,0.0,6.89,27.83,22.8,58,era5_archive
2008-07-25,32.2,17.5,24.3,0.0,0.0,6.69,27.78,24.1,62,era5_archive
2008-07-26,30.0,17.2,22.7,0.0,0.0,6.55,28.43,25.3,63,era5_archive
2008-07-27,28.8,16.3,22.0,0.0,0.0,6.3,27.49,25.2,60,era5_archive
2008-07-28,28.9,16.5,22.2,0.0,0.0,5.99,26.62,24.1,64,era5_archive
2008-07-29,30.3,17.3,23.1,0.0,0.0,6.08,26.46,24.2,65,era5_archive
2008-07-30,31.2,17.2,23.5,0.0,0.0,6.21,27.11,25.2,68,era5_archive
2008-07-31,32.8,18.7,25.0,0.0,0.0,6.34,26.49,23.5,65,era5_archive
2008-08-01,33.1,18.9,25.4,0.0,0.0,6.81,27.45,21.7,62,era5_archive
2008-08-02,33.5,16.8,25.2,0.0,0.0,7.51,28.79,24.1,53,era5_archive
2008-08-03,32.9,16.7,24.8,0.0,0.0,7.51,28.41,26.0,50,era5_archive
2008-08-04,32.1,16.5,24.0,0.0,0.0,6.98,28.22,23.8,57,era5_archive
2008-08-05,31.4,17.5,23.8,0.0,0.0,6.55,27.24,25.6,62,era5_archive
2008-08-06,31.8,15.9,23.8,0.0,0.0,6.74,27.97,21.5,57,era5_archive
2008-08-07,32.5,15.5,24.1,0.0,0.0,7.19,28.31,25.5,53,era5_archive
2008-08-08,32.6,16.4,24.4,0.0,0.0,6.98,27.89,26.8,58,era5_archive
2008-08-09,32.2,17.1,24.3,0.0,0.0,6.36,25.59,27.1,62,era5_archive
2008-08-10,32.0,18.1,24.5,0.0,0.0,6.48,26.4,25.6,60,era5_archive
2008-08-11,32.8,16.7,24.5,0.0,0.0,6.74,27.15,26.4,58,era5_archive
2008-08-12,32.4,17.1,24.6,0.0,0.0,6.77,27.5,23.8,59,era5_archive
2008-08-13,30.4,16.8,23.0,0.0,0.0,6.22,26.66,23.0,64,era5_archive
2008-08-14,30.9,14.9,22.8,0.0,0.0,6.04,26.56,22.6,65,era5_archive
2008-08-15,31.7,17.1,23.9,0.0,0.0,5.77,24.4,24.6,67,era5_archive
2008-08-16,32.8,17.7,25.1,0.0,0.0,6.44,27.14,17.3,58,era5_archive
2008-08-17,34.7,18.0,26.5,0.0,0.0,6.47,26.86,15.8,44,era5_archive
2008-08-18,37.3,19.6,28.2,0.0,0.0,7.03,25.8,21.8,45,era5_archive
2008-08-19,37.5,19.6,28.0,0.0,0.0,7.22,24.85,26.4,51,era5_archive
2008-08-20,36.0,20.7,27.5,0.0,0.0,6.37,23.6,20.6,60,era5_archive
2008-08-21,32.5,21.3,25.7,0.0,0.0,5.64,23.17,24.9,70,era5_archive
2008-08-22,31.3,20.2,24.8,0.0,0.0,5.27,22.01,26.6,71,era5_archive
2008-08-23,31.6,18.8,24.8,0.0,0.0,5.77,24.17,23.3,67,era5_archive
2008-08-24,31.3,19.2,24.6,0.0,0.0,5.08,21.95,18.5,72,era5_archive
2008-08-25,33.2,19.8,26.0,0.0,0.0,5.51,23.09,14.7,65,era5_archive
2008-08-26,35.0,18.9,27.0,0.0,0.0,6.15,24.62,18.7,57,era5_archive
2008-08-27,37.2,20.8,28.4,0.0,0.0,6.58,25.01,20.9,52,era5_archive
2008-08-28,36.1,21.5,28.3,0.0,0.0,6.14,23.42,14.3,56,era5_archive
2008-08-29,35.6,21.7,28.2,0.0,0.0,6.54,23.91,21.8,53,era5_archive
2008-08-30,34.7,19.6,26.6,0.0,0.0,6.32,24.97,19.9,57,era5_archive
2008-08-31,34.6,19.8,26.4,0.0,0.0,6.0,24.09,17.6,62,era5_archive
2008-09-01,34.6,20.6,26.6,0.0,0.0,5.96,23.96,18.3,63,era5_archive
2008-09-02,32.9,21.0,25.7,0.0,0.0,5.32,22.17,17.6,68,era5_archive
2008-09-03,32.5,18.9,25.1,0.0,0.0,5.52,22.99,17.1,63,era5_archive
2008-09-04,35.8,18.9,27.0,0.0,0.0,5.71,23.23,11.1,58,era5_archive
2008-09-05,35.9,20.8,28.0,0.0,0.0,5.8,22.49,16.2,60,era5_archive
2008-09-06,35.9,21.1,27.6,0.0,0.0,5.89,22.45,20.0,58,era5_archive
2008-09-07,34.9,19.4,26.6,0.0,0.0,5.64,21.99,20.4,55,era5_archive
2008-09-08,32.9,18.5,25.1,0.0,0.0,5.75,23.46,17.9,57,era5_archive
2008-09-09,29.9,16.5,22.6,0.0,0.0,5.61,23.97,21.4,62,era5_archive
2008-09-10,31.3,17.4,23.4,0.0,0.0,5.49,22.43,23.7,64,era5_archive
2008-09-11,31.7,16.0,23.8,0.0,0.0,5.74,23.98,15.6,52,era5_archive
2008-09-12,32.6,17.7,24.8,0.0,0.0,5.72,23.95,14.3,45,era5_archive
2008-09-13,28.2,17.3,22.5,0.0,0.0,5.33,22.44,24.4,61,era5_archive
2008-09-14,28.6,16.4,22.3,0.0,0.0,4.78,19.75,21.0,65,era5_archive
2008-09-15,32.6,16.4,24.0,0.0,0.0,5.42,22.92,17.4,59,era5_archive
2008-09-16,33.7,18.6,26.0,0.0,0.0,5.41,22.21,16.5,54,era5_archive
2008-09-17,33.6,18.4,25.6,0.0,0.0,5.69,22.98,17.6,53,era5_archive
2008-09-18,31.1,16.8,23.4,0.0,0.0,5.49,22.38,21.6,58,era5_archive
2008-09-19,28.3,16.4,21.9,0.0,0.0,4.95,22.45,16.6,67,era5_archive
2008-09-20,28.3,15.9,21.5,0.0,0.0,4.88,22.57,13.7,65,era5_archive
2008-09-21,29.4,15.6,22.1,0.0,0.0,5.12,22.49,16.7,55,era5_archive
2008-09-22,31.5,17.4,24.1,0.0,0.0,5.15,21.66,13.9,45,era5_archive
2008-09-23,29.7,18.8,23.6,0.0,0.0,5.79,21.18,24.6,46,era5_archive
2008-09-24,26.0,15.1,20.0,0.0,0.0,4.52,20.78,21.5,67,era5_archive
2008-09-25,28.8,14.7,21.3,0.0,0.0,4.79,21.78,16.3,57,era5_archive
2008-09-26,27.9,16.9,22.1,0.0,0.0,5.13,19.94,27.2,56,era5_archive
2008-09-27,24.5,18.1,20.5,1.1,1.1,3.66,15.6,29.4,74,era5_archive
2008-09-28,25.1,16.0,19.9,0.0,0.0,4.07,17.88,23.3,67,era5_archive
2008-09-29,26.9,15.0,20.7,0.0,0.0,4.24,20.32,16.1,64,era5_archive
2008-09-30,23.7,16.3,19.5,0.3,0.3,3.93,16.89,30.9,66,era5_archive
2008-10-01,24.0,13.9,18.4,0.0,0.0,4.24,20.35,16.6,62,era5_archive
2008-10-02,24.6,12.6,18.3,0.0,0.0,4.1,19.99,15.8,65,era5_archive
2008-10-03,27.7,12.9,20.2,0.0,0.0,4.26,20.3,15.3,61,era5_archive
2008-10-04,31.5,14.9,23.0,0.0,0.0,4.81,20.03,17.1,49,era5_archive
2008-10-05,32.7,20.5,25.6,0.0,0.0,5.0,19.52,19.2,39,era5_archive
2008-10-06,29.7,15.7,22.5,0.0,0.0,4.66,19.32,18.4,56,era5_archive
2008-10-07,26.2,16.6,20.4,0.0,0.0,3.88,18.38,17.5,69,era5_archive
2008-10-08,26.4,13.6,19.2,0.0,0.0,4.04,18.84,15.0,64,era5_archive
2008-10-09,26.1,12.5,18.6,0.0,0.0,3.93,18.26,16.1,67,era5_archive
2008-10-10,24.6,13.0,18.1,0.0,0.0,3.91,18.58,20.0,70,era5_archive
2008-10-11,23.8,11.6,17.4,0.0,0.0,3.65,17.43,21.3,70,era5_archive
2008-10-12,25.5,12.8,18.7,0.0,0.0,3.61,19.06,6.4,57,era5_archive
2008-10-13,30.1,15.5,22.3,0.0,0.0,4.7,19.18,15.5,34,era5_archive
2008-10-14,34.6,20.0,26.5,0.0,0.0,6.65,16.47,28.2,23,era5_archive
2008-10-15,23.4,15.6,20.0,2.9,2.9,2.56,11.92,22.2,78,era5_archive
2008-10-16,22.2,13.7,17.4,0.0,0.0,2.92,14.04,20.2,75,era5_archive
2008-10-17,23.6,12.5,17.4,0.0,0.0,3.28,17.89,7.2,69,era5_archive
2008-10-18,27.5,11.7,19.9,0.0,0.0,3.77,18.01,9.3,53,era5_archive
2008-10-19,29.0,13.2,21.0,0.0,0.0,3.7,16.88,8.3,46,era5_archive
2008-10-20,29.3,16.1,21.9,0.0,0.0,4.02,17.87,15.5,50,era5_archive
2008-10-21,24.9,16.4,20.0,0.0,0.0,3.3,14.69,18.0,73,era5_archive
2008-10-22,23.2,13.4,17.8,0.0,0.0,2.92,14.77,14.5,75,era5_archive
2008-10-23,23.0,12.6,17.4,0.0,0.0,2.9,14.36,14.2,74,era5_archive
2008-10-24,23.8,11.8,17.6,0.0,0.0,3.0,14.88,12.7,68,era5_archive
2008-10-25,23.5,13.2,17.6,0.6,0.6,2.69,12.87,12.6,72,era5_archive
2008-10-26,21.3,12.7,16.1,3.6,3.6,2.17,11.83,12.4,82,era5_archive
2008-10-27,19.9,12.0,15.3,0.1,0.1,2.39,13.08,18.0,81,era5_archive
2008-10-28,18.1,11.8,13.8,5.1,5.1,1.81,10.66,17.7,85,era5_archive
2008-10-29,17.4,11.5,13.7,0.0,0.0,2.09,12.5,18.7,81,era5_archive
2008-10-30,18.8,11.0,14.1,0.0,0.0,2.19,11.62,17.2,80,era5_archive
2008-10-31,20.5,10.1,14.8,0.0,0.0,2.61,14.52,16.9,78,era5_archive
2008-11-01,20.8,10.7,15.6,0.0,0.0,2.51,14.09,8.7,76,era5_archive
2008-11-02,21.8,10.5,15.8,0.0,0.0,3.13,14.65,12.8,57,era5_archive
2008-11-03,20.6,10.2,14.8,0.0,0.0,2.77,14.74,8.0,54,era5_archive
2008-11-04,20.6,10.6,15.1,0.0,0.0,3.1,14.32,11.6,54,era5_archive
2008-11-05,21.7,9.3,14.6,0.0,0.0,3.21,15.88,11.4,51,era5_archive
2008-11-06,20.8,7.3,13.8,0.0,0.0,2.76,15.99,7.6,46,era5_archive
2008-11-07,21.7,7.4,14.4,0.0,0.0,3.67,15.91,12.3,38,era5_archive
2008-11-08,20.6,9.5,15.0,0.0,0.0,4.08,12.56,22.7,35,era5_archive
2008-11-09,22.3,9.8,16.0,0.0,0.0,3.29,14.73,13.9,44,era5_archive
2008-11-10,22.0,11.0,16.1,0.0,0.0,2.37,12.62,6.9,54,era5_archive
2008-11-11,21.3,11.6,16.2,0.0,0.0,3.07,12.27,17.9,58,era5_archive
2008-11-12,20.2,12.6,15.7,2.0,2.0,3.09,11.03,19.6,54,era5_archive
2008-11-13,17.8,10.1,13.5,0.9,0.9,1.96,11.41,16.8,81,era5_archive
2008-11-14,18.0,8.1,12.8,0.0,0.0,2.08,12.18,14.3,79,era5_archive
2008-11-15,19.2,7.9,13.5,0.0,0.0,2.08,13.24,5.3,69,era5_archive
2008-11-16,19.2,6.9,12.7,0.0,0.0,2.51,13.84,12.1,59,era5_archive
2008-11-17,19.6,7.4,13.4,0.0,0.0,2.45,14.59,6.6,55,era5_archive
2008-11-18,20.8,7.0,14.0,0.0,0.0,3.09,12.23,20.4,54,era5_archive
2008-11-19,21.7,13.9,17.2,0.0,0.0,2.81,9.13,18.9,55,era5_archive
2008-11-20,20.6,11.4,15.8,0.0,0.0,2.29,11.6,23.1,72,era5_archive
2008-11-21,17.7,10.2,13.6,0.0,0.0,1.68,9.18,15.0,80,era5_archive
2008-11-22,17.2,7.1,11.9,0.5,0.5,1.83,10.98,16.2,80,era5_archive
2008-11-23,18.6,8.2,12.8,0.0,0.0,2.27,13.45,11.9,71,era5_archive
2008-11-24,20.0,6.1,12.6,0.0,0.0,2.83,13.87,13.7,55,era5_archive
2008-11-25,20.9,6.7,13.4,0.0,0.0,2.89,13.59,12.8,47,era5_archive
2008-11-26,21.9,8.0,14.6,0.0,0.0,2.64,13.32,9.9,55,era5_archive
2008-11-27,21.2,9.5,14.3,0.0,0.0,2.76,13.68,16.8,58,era5_archive
2008-11-28,16.2,7.7,11.7,0.8,0.8,1.73,9.82,23.8,81,era5_archive
2008-11-29,15.7,8.2,11.5,0.0,0.0,2.19,12.21,23.4,71,era5_archive
2008-11-30,16.7,2.9,9.7,0.0,0.0,2.07,13.25,11.0,63,era5_archive
2008-12-01,19.5,4.5,11.9,0.0,0.0,2.26,13.45,8.4,54,era5_archive
2008-12-02,19.1,5.7,11.8,0.0,0.0,2.41,13.43,10.0,51,era5_archive
2008-12-03,18.1,3.4,10.4,0.0,0.0,3.15,13.66,16.3,42,era5_archive
2008-12-04,18.3,3.9,10.7,0.0,0.0,3.55,13.53,20.1,35,era5_archive
2008-12-05,18.1,5.0,10.9,0.0,0.0,3.5,12.57,20.5,34,era5_archive
2008-12-06,17.5,7.6,11.4,0.0,0.0,3.72,11.84,21.8,30,era5_archive
2008-12-07,19.1,6.1,11.8,0.0,0.0,3.05,11.21,16.4,27,era5_archive
2008-12-08,17.1,5.9,11.7,0.0,0.0,1.93,10.14,13.4,55,era5_archive
2008-12-09,16.5,8.1,11.9,1.9,1.9,1.68,9.32,21.3,78,era5_archive
2008-12-10,14.3,4.5,10.1,0.0,0.0,1.95,12.28,14.1,70,era5_archive
2008-12-11,14.8,3.1,7.7,0.0,0.0,2.68,13.33,16.6,46,era5_archive
2008-12-12,14.3,3.1,7.9,0.0,0.0,2.87,12.82,22.1,38,era5_archive
2008-12-13,16.3,2.5,9.2,0.0,0.0,2.22,12.39,13.2,57,era5_archive
2008-12-14,15.5,6.6,10.4,0.0,0.0,1.53,9.22,14.3,80,era5_archive
2008-12-15,15.7,7.1,10.8,0.0,0.0,1.73,10.7,16.0,81,era5_archive
2008-12-16,15.0,4.9,9.3,0.0,0.0,1.65,11.65,5.8,75,era5_archive
2008-12-17,14.8,1.4,7.5,0.0,0.0,2.12,12.93,9.9,54,era5_archive
2008-12-18,15.6,1.9,8.4,0.0,0.0,2.99,12.42,15.0,32,era5_archive
2008-12-19,16.5,5.7,10.0,0.0,0.0,3.9,12.6,21.9,20,era5_archive
2008-12-20,17.2,6.0,11.1,0.0,0.0,3.02,7.23,16.3,19,era5_archive
2008-12-21,16.8,8.9,12.5,0.0,0.0,1.74,7.14,10.4,41,era5_archive
2008-12-22,16.0,8.3,11.4,0.0,0.0,1.53,7.32,12.5,56,era5_archive
2008-12-23,13.3,2.8,8.2,0.0,0.0,2.24,11.85,27.5,68,era5_archive
2008-12-24,10.5,7.7,8.7,6.7,6.7,1.24,6.83,34.8,81,era5_archive
2008-12-25,9.4,6.0,7.8,7.2,7.2,0.7,4.47,21.1,90,era5_archive
2008-12-26,11.1,3.6,6.8,0.0,0.0,1.34,9.84,8.5,83,era5_archive
2008-12-27,13.0,3.2,7.5,0.0,0.0,1.52,9.82,9.4,69,era5_archive
2008-12-28,12.9,1.7,7.2,0.0,0.0,1.79,12.43,20.3,72,era5_archive
2008-12-29,13.1,2.2,7.7,0.0,0.0,1.51,10.51,16.5,79,era5_archive
2008-12-30,12.7,6.9,9.2,0.0,0.0,1.18,8.14,12.3,87,era5_archive
2008-12-31,10.9,3.5,6.7,6.2,6.2,0.86,7.29,22.6,92,era5_archive
2009-01-01,5.4,-0.2,2.5,0.0,0.0,1.32,10.55,27.5,72,era5_archive
2009-01-02,8.1,-1.8,2.8,0.0,0.0,1.44,12.99,15.9,72,era5_archive
2009-01-03,9.4,-1.2,4.1,0.0,0.0,1.68,12.37,15.1,70,era5_archive
2009-01-04,8.9,-1.1,3.4,0.0,0.0,1.9,13.6,14.7,53,era5_archive
2009-01-05,12.6,0.3,5.9,0.0,0.0,1.81,12.27,10.5,61,era5_archive
2009-01-06,12.4,2.0,6.3,0.0,0.0,2.44,13.55,16.6,47,era5_archive
2009-01-07,14.9,0.5,7.3,0.0,0.0,2.21,13.4,15.5,59,era5_archive
2009-01-08,13.7,6.1,9.1,0.0,0.0,1.65,11.5,12.3,80,era5_archive
2009-01-09,12.0,2.9,7.2,0.0,0.0,1.32,8.8,19.6,84,era5_archive
2009-01-10,13.0,1.2,7.2,0.0,0.0,1.77,12.96,10.6,77,era5_archive
2009-01-11,11.7,3.6,7.3,2.4,2.4,1.13,9.19,22.0,88,era5_archive
2009-01-12,9.8,1.8,6.2,0.0,0.0,1.4,10.5,9.0,78,era5_archive
2009-01-13,10.0,-3.9,2.9,0.0,0.0,2.1,14.58,12.0,50,era5_archive
2009-01-14,11.9,-2.7,4.0,0.0,0.0,2.59,12.7,19.9,39,era5_archive
2009-01-15,12.3,1.5,6.2,0.0,0.0,3.31,14.47,22.6,29,era5_archive
2009-01-16,13.8,2.8,8.0,0.0,0.0,3.41,10.4,20.5,27,era5_archive
2009-01-17,15.8,3.9,9.6,0.0,0.0,2.92,13.38,23.3,52,era5_archive
2009-01-18,13.6,5.4,9.0,0.0,0.0,1.39,8.4,16.9,84,era5_archive
2009-01-19,12.9,3.2,7.7,0.0,0.0,1.4,9.13,12.1,85,era5_archive
2009-01-20,13.3,5.2,8.4,0.0,0.0,1.52,10.4,13.3,83,era5_archive
2009-01-21,15.6,2.1,8.8,0.0,0.0,2.53,14.62,15.9,61,era5_archive
2009-01-22,18.4,2.6,9.9,0.0,0.0,3.03,14.87,14.1,49,era5_archive
2009-01-23,13.1,3.2,8.4,0.0,0.0,3.06,9.95,27.7,42,era5_archive
2009-01-24,14.5,5.9,10.6,0.0,0.0,3.03,10.88,24.2,45,era5_archive
2009-01-25,15.6,2.6,8.7,0.0,0.0,2.4,14.4,12.0,67,era5_archive
2009-01-26,17.3,4.1,10.3,0.0,0.0,2.78,13.1,18.0,51,era5_archive
2009-01-27,15.7,6.4,10.9,0.0,0.0,1.99,13.03,12.7,75,era5_archive
2009-01-28,18.1,5.4,11.3,0.0,0.0,3.22,12.9,28.7,57,era5_archive
2009-01-29,16.2,6.4,11.1,0.0,0.0,2.83,14.12,26.2,60,era5_archive
2009-01-30,13.8,2.1,8.0,0.0,0.0,2.37,14.55,19.4,63,era5_archive
2009-01-31,14.0,0.9,7.4,0.1,0.1,2.55,14.86,24.1,61,era5_archive
2009-02-01,11.5,4.7,7.9,1.6,1.6,1.53,11.89,21.6,84,era5_archive
2009-02-02,13.8,6.7,9.5,0.0,0.0,1.62,10.08,14.3,83,era5_archive
2009-02-03,16.0,3.7,9.5,0.0,0.0,2.33,15.37,7.7,75,era5_archive
2009-02-04,18.1,3.7,10.5,0.0,0.0,3.33,15.94,19.5,56,era5_archive
2009-02-05,19.7,7.0,12.3,0.0,0.0,3.7,16.93,20.8,42,era5_archive
2009-02-06,16.7,4.1,10.7,0.0,0.0,2.83,16.5,22.0,58,era5_archive
2009-02-07,15.5,6.1,10.0,0.0,0.0,2.14,13.98,16.6,78,era5_archive
2009-02-08,18.9,3.2,11.7,0.0,0.0,3.24,14.46,20.0,59,era5_archive
2009-02-09,22.6,11.1,15.6,0.0,0.0,3.91,11.28,19.9,34,era5_archive
2009-02-10,11.5,5.5,8.9,12.3,12.3,1.46,10.76,32.8,83,era5_archive
2009-02-11,11.9,5.1,8.1,2.5,2.5,1.43,9.62,31.6,83,era5_archive
2009-02-12,16.3,3.6,10.0,0.0,0.0,2.62,16.83,12.6,71,era5_archive
2009-02-13,17.1,6.4,11.1,0.0,0.0,3.29,17.74,19.9,49,era5_archive
2009-02-14,17.1,6.6,11.2,0.0,0.0,2.89,18.13,12.4,57,era5_archive
2009-02-15,16.0,4.5,9.5,0.0,0.0,2.8,17.15,24.3,64,era5_archive
2009-02-16,13.1,0.9,7.3,0.0,0.0,2.56,17.22,28.2,71,era5_archive
2009-02-17,10.3,3.7,6.7,1.3,1.3,1.69,13.67,25.0,83,era5_archive
2009-02-18,11.6,2.0,6.7,0.0,0.0,1.69,11.62,9.5,74,era5_archive
2009-02-19,17.4,5.4,10.0,0.1,0.1,2.28,10.34,23.7,60,era5_archive
2009-02-20,13.0,5.9,8.9,5.8,5.8,1.62,11.67,29.1,81,era5_archive
2009-02-21,9.0,5.0,6.5,27.1,27.1,1.11,9.9,30.6,88,era5_archive
2009-02-22,10.2,4.7,6.6,7.9,7.9,1.4,12.63,21.9,89,era5_archive
2009-02-23,11.3,2.9,6.7,2.1,2.1,1.9,14.19,22.7,77,era5_archive
2009-02-24,13.5,1.5,7.2,0.0,0.0,2.45,16.63,19.6,67,era5_archive
2009-02-25,14.0,2.8,8.1,0.0,0.0,2.75,19.68,9.6,68,era5_archive
2009-02-26,16.3,2.8,9.6,0.0,0.0,3.05,19.61,18.0,62,era5_archive
2009-02-27,10.3,2.8,6.3,11.8,11.8,1.44,12.55,25.5,83,era5_archive
2009-02-28,9.1,4.2,5.9,9.3,9.3,1.44,13.72,33.2,85,era5_archive
2009-03-01,9.1,4.6,6.2,13.3,13.3,1.24,10.68,18.9,89,era5_archive
2009-03-02,10.4,3.8,7.0,0.2,0.2,1.5,10.84,22.0,84,era5_archive
2009-03-03,11.8,6.4,8.4,8.8,8.8,1.52,12.4,19.5,89,era5_archive
2009-03-04,14.5,6.9,10.2,0.0,0.0,2.2,15.09,16.2,78,era5_archive
2009-03-05,18.6,3.7,11.6,0.0,0.0,3.51,19.85,14.9,63,era5_archive
2009-03-06,22.0,10.6,14.7,0.0,0.0,4.73,21.17,29.4,46,era5_archive
2009-03-07,25.0,7.5,16.0,0.0,0.0,4.97,20.81,22.9,46,era5_archive
2009-03-08,22.8,10.1,16.0,0.0,0.0,3.89,19.8,16.4,66,era5_archive
2009-03-09,14.3,6.1,10.6,0.0,0.0,3.11,19.13,27.4,64,era5_archive
2009-03-10,14.3,4.1,8.9,0.0,0.0,2.46,16.6,19.2,73,era5_archive
2009-03-11,17.8,5.1,10.9,0.0,0.0,3.09,19.87,9.0,74,era5_archive
2009-03-12,20.9,5.6,13.1,0.0,0.0,3.83,22.2,11.4,61,era5_archive
2009-03-13,16.0,8.0,11.0,0.0,0.0,2.81,19.07,18.4,79,era5_archive
2009-03-14,12.4,6.3,8.9,0.5,0.5,2.28,15.45,36.5,77,era5_archive
2009-03-15,12.2,6.4,8.9,1.3,1.3,2.05,14.22,28.0,78,era5_archive
2009-03-16,12.8,3.2,7.8,0.0,0.0,3.11,22.02,17.0,65,era5_archive
2009-03-17,13.8,2.0,7.4,0.0,0.0,3.25,23.27,10.9,65,era5_archive
2009-03-18,14.8,3.0,8.6,0.0,0.0,3.26,22.49,21.2,68,era5_archive
2009-03-19,15.8,2.1,9.0,0.0,0.0,3.48,23.22,16.2,65,era5_archive
2009-03-20,17.2,6.1,11.4,0.5,0.5,2.66,14.98,12.5,68,era5_archive
2009-03-21,16.4,5.3,10.3,0.0,0.0,3.33,22.08,17.9,77,era5_archive
2009-03-22,16.6,3.5,9.7,0.0,0.0,3.5,23.33,18.4,69,era5_archive
2009-03-23,19.7,4.4,12.0,0.9,0.9,3.99,18.92,22.0,55,era5_archive
2009-03-24,11.8,5.6,8.2,13.9,13.9,1.75,15.47,29.1,86,era5_archive
2009-03-25,13.5,5.1,9.3,0.0,0.0,2.53,17.31,12.7,75,era5_archive
2009-03-26,16.4,2.4,9.6,0.0,0.0,3.58,23.09,19.2,68,era5_archive
2009-03-27,16.7,2.0,9.5,3.2,3.2,3.78,23.18,35.6,65,era5_archive
2009-03-28,13.0,7.1,9.3,1.2,1.2,2.8,19.2,36.0,73,era5_archive
2009-03-29,15.0,5.4,9.5,0.6,0.6,3.09,20.29,20.0,68,era5_archive
2009-03-30,15.5,2.5,8.8,0.0,0.0,3.43,24.67,26.1,74,era5_archive
2009-03-31,17.0,2.4,9.8,0.0,0.0,3.46,23.73,16.6,75,era5_archive
2009-04-01,22.3,6.8,14.4,0.0,0.0,4.84,23.4,17.6,53,era5_archive
2009-04-02,23.8,10.6,17.0,0.0,0.0,4.97,21.78,21.9,39,era5_archive
2009-04-03,22.3,9.1,15.6,0.1,0.1,4.32,23.55,16.3,65,era5_archive
2009-04-04,20.4,9.0,14.1,0.0,0.0,4.0,23.89,21.7,74,era5_archive
2009-04-05,22.9,9.6,15.5,0.0,0.0,4.35,23.89,12.8,69,era5_archive
2009-04-06,26.6,11.2,17.4,0.0,0.0,5.46,21.51,29.5,54,era5_archive
2009-04-07,19.7,9.2,13.7,0.0,0.0,4.55,25.24,21.0,63,era5_archive
2009-04-08,17.3,5.1,11.4,0.0,0.0,3.74,21.82,28.3,68,era5_archive
2009-04-09,15.6,8.1,11.6,0.0,0.0,2.53,13.99,17.9,73,era5_archive
2009-04-10,19.2,5.8,12.5,0.0,0.0,3.99,23.49,14.1,68,era5_archive
2009-04-11,21.6,5.7,14.0,0.0,0.0,4.61,25.24,14.7,61,era5_archive
2009-04-12,25.8,10.4,17.7,0.0,0.0,5.2,25.37,20.6,50,era5_archive
2009-04-13,24.7,8.7,17.7,0.0,0.0,5.07,26.67,10.7,51,era5_archive
2009-04-14,26.5,10.9,19.0,0.0,0.0,5.36,18.61,17.4,39,era5_archive
2009-04-15,19.8,11.1,14.7,0.1,0.1,3.97,19.67,38.3,64,era5_archive
2009-04-16,15.5,9.7,11.8,10.2,10.2,2.55,17.47,31.2,80,era5_archive
2009-04-17,16.3,8.6,11.8,2.7,2.7,3.09,18.85,27.6,73,era5_archive
2009-04-18,17.9,4.6,11.5,0.0,0.0,4.24,26.73,20.9,65,era5_archive
2009-04-19,21.9,4.9,13.8,0.0,0.0,4.97,28.13,11.5,49,era5_archive
2009-04-20,25.5,7.3,16.3,0.0,0.0,6.09,27.72,22.8,37,era5_archive
2009-04-21,27.0,10.0,18.3,0.0,0.0,6.26,27.85,16.5,36,era5_archive
2009-04-22,28.3,10.4,19.4,0.0,0.0,5.68,28.02,10.0,41,era5_archive
2009-04-23,23.1,11.1,17.2,0.0,0.0,5.26,24.24,24.7,48,era5_archive
2009-04-24,20.6,9.6,14.4,0.0,0.0,4.43,22.66,23.5,64,era5_archive
2009-04-25,21.3,8.8,14.8,0.0,0.0,4.58,23.68,20.8,61,era5_archive
2009-04-26,21.0,6.7,14.0,0.0,0.0,4.88,27.96,18.3,65,era5_archive
2009-04-27,24.0,7.6,15.5,0.0,0.0,5.24,27.4,14.3,59,era5_archive
2009-04-28,23.0,10.2,16.0,0.0,0.0,5.3,26.58,20.4,56,era5_archive
2009-04-29,27.4,9.7,18.3,0.0,0.0,5.32,23.38,16.9,41,era5_archive
2009-04-30,21.4,9.5,15.7,0.0,0.0,5.09,27.57,25.2,61,era5_archive
2009-05-01,20.4,9.7,14.3,0.0,0.0,4.44,24.38,24.6,66,era5_archive
2009-05-02,24.2,7.1,15.9,0.0,0.0,5.29,27.48,14.0,54,era5_archive
2009-05-03,27.3,9.8,19.8,0.1,0.1,4.57,17.75,14.3,39,era5_archive
2009-05-04,34.2,16.1,23.0,0.0,0.0,8.08,21.55,46.0,36,era5_archive
2009-05-05,21.2,11.9,16.0,0.0,0.0,4.68,24.19,29.9,65,era5_archive
2009-05-06,21.8,8.2,14.8,0.0,0.0,5.11,27.38,19.8,60,era5_archive
2009-05-07,20.7,8.4,14.3,0.0,0.0,4.88,27.25,21.1,66,era5_archive
2009-05-08,21.7,8.0,14.9,0.0,0.0,5.02,27.52,17.4,62,era5_archive
2009-05-09,21.3,10.7,15.4,0.0,0.0,4.35,23.05,19.0,68,era5_archive
2009-05-10,22.5,11.9,16.3,0.1,0.1,4.47,23.32,19.4,68,era5_archive
2009-05-11,22.9,10.9,16.2,0.0,0.0,5.28,27.51,19.3,62,era5_archive
2009-05-12,25.4,9.0,17.3,0.0,0.0,5.83,29.58,16.5,52,era5_archive
2009-05-13,28.8,9.8,20.3,0.0,0.0,6.12,28.3,14.8,46,era5_archive
2009-05-14,29.2,13.1,21.1,1.8,1.8,5.51,24.02,14.7,44,era5_archive
2009-05-15,26.6,14.3,20.6,0.9,0.9,4.7,22.5,12.6,46,era5_archive
2009-05-16,30.6,16.4,23.8,0.0,0.0,6.35,28.03,14.9,32,era5_archive
2009-05-17,32.8,17.6,26.0,0.0,0.0,7.0,29.49,11.5,23,era5_archive
2009-05-18,35.5,17.0,26.8,0.0,0.0,8.09,29.65,22.3,24,era5_archive
2009-05-19,31.8,18.1,24.4,0.0,0.0,7.53,29.01,21.3,30,era5_archive
2009-05-20,27.0,14.3,20.9,0.0,0.0,6.41,28.43,23.4,49,era5_archive
2009-05-21,27.3,14.3,21.1,0.0,0.0,6.25,27.88,20.6,46,era5_archive
2009-05-22,28.7,14.6,21.6,0.0,0.0,6.23,28.75,17.3,50,era5_archive
2009-05-23,27.6,13.8,20.7,0.0,0.0,6.42,29.58,22.4,53,era5_archive
2009-05-24,24.9,12.8,18.5,0.0,0.0,5.57,28.32,23.4,66,era5_archive
2009-05-25,26.3,14.1,19.4,0.0,0.0,5.6,27.78,23.8,67,era5_archive
2009-05-26,27.4,12.8,20.1,0.0,0.0,6.21,28.8,22.6,59,era5_archive
2009-05-27,27.0,12.9,20.4,0.0,0.0,6.18,29.06,18.1,54,era5_archive
2009-05-28,27.3,13.4,20.0,0.0,0.0,6.72,30.06,21.7,47,era5_archive
2009-05-29,28.1,10.8,19.6,0.0,0.0,6.4,30.52,14.7,45,era5_archive
2009-05-30,32.4,13.3,23.4,0.0,0.0,6.67,30.21,16.4,39,era5_archive
2009-05-31,31.8,14.9,23.5,0.0,0.0,7.21,29.15,21.6,46,era5_archive
2009-06-01,31.9,13.4,23.0,0.0,0.0,7.22,30.19,20.8,43,era5_archive
2009-06-02,32.9,15.1,24.4,0.0,0.0,7.17,30.05,19.2,41,era5_archive
2009-06-03,34.7,16.2,25.5,0.0,0.0,7.42,30.12,18.3,36,era5_archive
2009-06-04,32.6,17.6,24.9,0.0,0.0,8.17,28.14,27.2,34,era5_archive
2009-06-05,29.6,17.0,23.3,0.0,0.0,8.27,30.07,32.7,33,era5_archive
2009-06-06,29.1,14.4,22.0,0.0,0.0,7.08,28.18,28.5,37,era5_archive
2009-06-07,29.3,12.8,21.3,0.0,0.0,6.73,29.87,18.7,47,era5_archive
2009-06-08,33.4,14.6,24.9,0.0,0.0,6.62,28.59,14.1,42,era5_archive
2009-06-09,35.8,18.9,28.0,0.0,0.0,7.85,28.98,16.6,25,era5_archive
2009-06-10,35.6,19.8,27.6,0.0,0.0,7.87,28.66,22.5,28,era5_archive
2009-06-11,31.7,16.7,24.3,0.0,0.0,7.61,30.08,21.7,39,era5_archive
2009-06-12,30.9,14.8,23.2,0.2,0.2,7.24,29.51,21.3,41,era5_archive
2009-06-13,31.5,14.9,23.5,0.0,0.0,7.36,29.78,24.3,49,era5_archive
2009-06-14,32.7,16.6,24.8,0.0,0.0,7.38,30.04,20.6,42,era5_archive
2009-06-15,32.7,16.7,24.8,0.0,0.0,7.31,30.32,18.7,41,era5_archive
2009-06-16,30.3,15.3,22.6,0.0,0.0,6.72,28.69,24.9,59,era5_archive
2009-06-17,28.9,14.6,21.9,0.0,0.0,6.65,28.36,26.8,59,era5_archive
2009-06-18,31.6,15.8,23.5,0.0,0.0,6.86,29.25,23.1,53,era5_archive
2009-06-19,33.0,16.8,24.8,0.0,0.0,7.24,29.73,21.7,45,era5_archive
2009-06-20,32.8,16.5,24.8,0.0,0.0,7.64,29.94,24.3,43,era5_archive
2009-06-21,31.8,15.9,24.1,0.0,0.0,7.44,29.8,23.7,45,era5_archive
2009-06-22,32.4,15.2,24.0,0.0,0.0,7.51,30.0,25.8,48,era5_archive
2009-06-23,32.9,15.9,24.4,0.0,0.0,7.29,29.87,21.1,46,era5_archive
2009-06-24,35.8,16.4,26.7,0.0,0.0,7.22,29.32,17.8,46,era5_archive
2009-06-25,36.5,19.0,28.4,0.5,0.5,7.05,28.09,12.5,40,era5_archive
2009-06-26,34.2,20.6,27.1,0.0,0.0,7.84,28.65,24.1,41,era5_archive
2009-06-27,29.7,17.0,23.0,0.0,0.0,6.72,28.6,25.7,57,era5_archive
2009-06-28,29.6,15.3,21.9,0.0,0.0,6.49,29.38,20.9,60,era5_archive
2009-06-29,32.6,14.9,23.6,0.0,0.0,6.94,29.87,17.4,52,era5_archive
2009-06-30,37.0,17.1,27.4,0.0,0.0,7.51,30.06,16.3,37,era5_archive
2009-07-01,38.0,20.7,29.2,0.0,0.0,8.29,29.71,20.9,24,era5_archive
2009-07-02,34.0,18.7,26.2,0.0,0.0,8.85,30.02,28.5,33,era5_archive
2009-07-03,30.1,16.9,22.9,0.0,0.0,7.0,28.61,28.5,57,era5_archive
2009-07-04,28.6,17.5,22.2,0.0,0.0,6.29,27.37,30.7,65,era5_archive
2009-07-05,28.0,17.4,22.3,0.0,0.0,6.07,26.13,28.4,65,era5_archive
2009-07-06,29.2,18.4,23.0,0.0,0.0,5.51,23.58,24.9,68,era5_archive
2009-07-07,30.4,16.5,23.0,0.0,0.0,6.44,28.16,24.8,65,era5_archive
2009-07-08,30.9,16.7,23.3,0.0,0.0,6.37,27.88,23.6,64,era5_archive
2009-07-09,33.3,17.4,24.9,0.0,0.0,6.78,28.27,21.7,59,era5_archive
2009-07-10,34.4,17.9,26.1,0.0,0.0,7.14,28.45,23.8,58,era5_archive
2009-07-11,35.3,17.9,26.3,0.0,0.0,7.61,29.38,23.7,53,era5_archive
2009-07-12,33.5,17.5,25.9,0.0,0.0,7.96,29.3,27.6,48,era5_archive
2009-07-13,33.4,17.2,25.8,0.0,0.0,7.83,29.29,28.1,43,era5_archive
2009-07-14,28.3,17.8,22.8,0.0,0.0,6.31,26.91,28.9,62,era5_archive
2009-07-15,28.0,18.1,22.7,0.0,0.0,5.86,24.06,26.8,61,era5_archive
2009-07-16,29.9,16.7,23.1,0.0,0.0,6.18,26.41,21.4,63,era5_archive
2009-07-17,31.5,16.0,23.8,0.0,0.0,6.78,28.7,22.7,58,era5_archive
2009-07-18,31.8,16.7,24.7,0.0,0.0,7.05,28.5,23.7,54,era5_archive
2009-07-19,32.7,16.9,25.0,0.0,0.0,7.18,28.64,24.8,55,era5_archive
2009-07-20,33.3,17.6,25.8,0.0,0.0,7.73,28.53,28.1,51,era5_archive
2009-07-21,33.4,18.7,25.8,0.0,0.0,7.04,27.62,27.1,59,era5_archive
2009-07-22,33.9,19.1,26.1,0.0,0.0,7.09,27.55,25.5,60,era5_archive
2009-07-23,33.7,18.5,26.1,0.0,0.0,7.55,28.23,26.8,55,era5_archive
2009-07-24,32.9,18.0,25.5,0.0,0.0,7.66,28.54,27.7,51,era5_archive
2009-07-25,32.4,17.1,24.9,0.0,0.0,7.17,28.16,26.4,55,era5_archive
2009-07-26,33.2,18.4,25.6,0.0,0.0,7.02,27.4,25.1,56,era5_archive
2009-07-27,34.5,18.5,26.4,0.0,0.0,7.6,28.64,25.4,48,era5_archive
2009-07-28,35.6,18.2,27.0,0.0,0.0,7.85,28.44,27.4,48,era5_archive
2009-07-29,34.5,19.1,26.5,0.0,0.0,7.51,28.16,24.4,51,era5_archive
2009-07-30,33.1,16.5,24.5,0.0,0.0,7.03,28.78,23.2,57,era5_archive
2009-07-31,32.1,17.5,24.4,0.0,0.0,6.71,27.96,25.2,63,era5_archive
2009-08-01,33.7,17.7,25.3,0.0,0.0,6.76,27.86,21.3,56,era5_archive
2009-08-02,34.7,17.8,26.1,0.0,0.0,6.99,28.39,20.6,46,era5_archive
2009-08-03,35.7,18.6,26.7,0.0,0.0,7.53,28.21,24.1,47,era5_archive
2009-08-04,34.9,19.7,26.7,0.0,0.0,7.14,27.53,22.3,55,era5_archive
2009-08-05,35.0,18.7,26.3,0.0,0.0,7.19,28.04,21.8,54,era5_archive
2009-08-06,33.2,18.0,25.2,0.0,0.0,7.23,27.94,23.1,53,era5_archive
2009-08-07,32.7,15.7,24.2,0.0,0.0,7.15,28.76,20.5,49,era5_archive
2009-08-08,31.4,17.0,23.7,0.0,0.0,6.48,27.51,20.0,61,era5_archive
2009-08-09,29.4,16.3,23.1,0.0,0.0,5.58,23.35,23.8,64,era5_archive
2009-08-10,31.3,17.7,23.9,0.0,0.0,5.81,24.66,24.0,70,era5_archive
2009-08-11,32.3,18.8,24.9,0.0,0.0,6.2,26.12,21.7,66,era5_archive
2009-08-12,32.9,17.4,24.8,0.0,0.0,6.5,27.06,17.7,56,era5_archive
2009-08-13,33.4,16.7,24.9,0.0,0.0,6.79,27.39,19.9,52,era5_archive
2009-08-14,32.8,17.0,24.3,0.0,0.0,6.41,26.69,20.7,60,era5_archive
2009-08-15,34.4,17.7,25.4,0.0,0.0,6.53,26.7,18.3,57,era5_archive
2009-08-16,34.4,17.9,25.6,0.0,0.0,6.8,27.24,20.0,57,era5_archive
2009-08-17,35.3,18.1,26.1,0.0,0.0,6.84,26.59,21.1,53,era5_archive
2009-08-18,32.9,18.7,25.2,0.0,0.0,6.64,26.68,24.7,57,era5_archive
2009-08-19,33.5,16.9,24.7,0.0,0.0,6.37,26.9,18.3,59,era5_archive
2009-08-20,35.4,17.4,25.9,0.0,0.0,6.53,26.73,18.1,58,era5_archive
2009-08-21,35.0,18.0,26.1,0.0,0.0,6.45,26.19,18.1,56,era5_archive
2009-08-22,34.2,18.1,25.8,0.0,0.0,6.83,26.62,21.2,54,era5_archive
2009-08-23,32.0,17.6,24.3,0.0,0.0,6.21,25.88,20.3,60,era5_archive
2009-08-24,33.2,17.0,24.8,0.0,0.0,6.3,26.49,17.8,56,era5_archive
2009-08-25,31.6,16.9,23.9,0.0,0.0,6.43,25.97,22.3,58,era5_archive
2009-08-26,31.5,16.3,23.3,0.0,0.0,6.15,26.34,17.5,58,era5_archive
2009-08-27,31.3,15.3,23.0,0.0,0.0,6.12,26.04,20.7,59,era5_archive
2009-08-28,30.1,16.2,22.5,0.0,0.0,5.65,25.18,21.0,67,era5_archive
2009-08-29,29.6,17.2,22.7,0.0,0.0,5.46,24.05,21.9,69,era5_archive
2009-08-30,30.3,15.8,22.6,0.0,0.0,5.9,24.85,23.7,64,era5_archive
2009-08-31,30.2,16.2,22.6,0.0,0.0,5.92,24.96,22.8,62,era5_archive
2009-09-01,30.7,14.8,22.3,0.0,0.0,5.71,24.92,19.0,60,era5_archive
2009-09-02,31.7,15.2,23.0,0.0,0.0,5.75,24.52,19.7,62,era5_archive
2009-09-03,33.7,17.5,24.7,0.0,0.0,5.69,23.92,20.1,66,era5_archive
2009-09-04,33.1,19.2,25.0,0.0,0.0,5.68,22.93,24.5,69,era5_archive
2009-09-05,30.3,19.3,23.8,0.0,0.0,5.04,21.51,23.3,70,era5_archive
2009-09-06,28.2,18.6,22.6,0.0,0.0,4.82,19.91,26.7,68,era5_archive
2009-09-07,29.5,17.1,22.7,0.0,0.0,5.12,21.57,20.9,66,era5_archive
2009-09-08,31.2,17.0,23.3,0.0,0.0,5.53,23.57,19.2,62,era5_archive
2009-09-09,29.2,17.5,22.6,0.0,0.0,5.34,23.31,20.6,67,era5_archive
2009-09-10,28.7,14.6,21.3,0.0,0.0,5.18,23.91,18.1,65,era5_archive
2009-09-11,29.7,13.8,21.6,0.0,0.0,5.19,24.0,13.8,58,era5_archive
2009-09-12,34.6,16.2,25.2,0.0,0.0,6.34,23.43,22.9,50,era5_archive
2009-09-13,27.4,17.6,22.4,0.0,0.0,4.57,19.21,25.0,66,era5_archive
2009-09-14,28.8,15.5,21.4,0.0,0.0,4.98,22.63,20.1,69,era5_archive
2009-09-15,29.5,15.2,21.7,0.0,0.0,5.17,22.33,23.7,67,era5_archive
2009-09-16,28.7,16.2,22.1,0.0,0.0,4.87,21.41,23.5,70,era5_archive
2009-09-17,27.3,17.1,21.6,0.0,0.0,4.05,18.08,20.9,75,era5_archive
2009-09-18,28.0,16.8,21.9,0.3,0.3,4.32,19.74,17.0,69,era5_archive
2009-09-19,27.9,15.9,21.9,0.0,0.0,4.6,18.33,25.0,58,era5_archive
2009-09-20,25.1,16.9,20.4,0.0,0.0,3.81,17.04,22.0,70,era5_archive
2009-09-21,24.3,15.5,19.7,1.3,1.3,3.57,17.34,21.3,72,era5_archive
2009-09-22,27.4,15.3,20.8,0.0,0.0,4.47,21.8,14.5,67,era5_archive
2009-09-23,26.6,14.1,19.8,0.0,0.0,4.64,20.99,20.3,64,era5_archive
2009-09-24,28.0,13.9,20.7,0.0,0.0,4.53,22.26,9.0,48,era5_archive
2009-09-25,30.5,14.5,22.8,0.0,0.0,4.95,22.05,9.6,36,era5_archive
2009-09-26,31.1,14.1,22.9,0.0,0.0,5.26,21.91,16.4,47,era5_archive
2009-09-27,29.0,14.6,21.6,0.0,0.0,5.05,21.0,23.3,59,era5_archive
2009-09-28,26.7,16.0,20.7,0.6,0.6,4.22,18.48,22.9,70,era5_archive
2009-09-29,26.7,14.9,20.1,0.0,0.0,4.54,20.22,18.2,61,era5_archive
2009-09-30,27.2,13.6,19.9,0.0,0.0,4.71,21.41,13.9,43,era5_archive
2009-10-01,29.5,12.9,21.0,0.0,0.0,5.01,20.12,17.2,49,era5_archive
2009-10-02,30.5,15.4,22.8,0.0,0.0,5.71,21.06,19.4,40,era5_archive
2009-10-03,31.4,15.4,23.8,0.0,0.0,5.98,20.92,20.5,23,era5_archive
2009-10-04,30.5,18.8,24.2,0.0,0.0,5.1,20.72,18.9,28,era5_archive
2009-10-05,28.5,13.2,20.5,0.0,0.0,4.88,20.12,26.3,58,era5_archive
2009-10-06,23.3,15.7,18.7,0.0,0.0,3.06,14.63,22.4,77,era5_archive
2009-10-07,26.2,14.6,19.6,0.0,0.0,3.79,18.09,16.1,71,era5_archive
2009-10-08,28.5,14.9,21.5,0.0,0.0,4.05,17.71,9.5,55,era5_archive
2009-10-09,29.1,16.8,22.8,0.0,0.0,4.15,15.99,14.6,40,era5_archive
2009-10-10,29.2,14.9,22.9,0.0,0.0,4.31,18.5,11.8,46,era5_archive
2009-10-11,31.5,16.4,23.7,0.0,0.0,5.1,19.31,17.4,35,era5_archive
2009-10-12,28.7,15.1,21.4,0.0,0.0,4.53,18.55,20.4,54,era5_archive
2009-10-13,28.3,14.8,21.4,0.0,0.0,4.33,19.34,12.6,41,era5_archive
2009-10-14,29.7,16.3,22.8,0.0,0.0,3.88,17.84,8.4,47,era5_archive
2009-10-15,32.2,17.1,24.3,0.0,0.0,3.95,16.13,8.7,38,era5_archive
2009-10-16,33.3,19.2,25.5,0.0,0.0,4.2,16.54,9.0,25,era5_archive
2009-10-17,33.2,18.2,25.3,0.0,0.0,4.43,17.62,8.4,23,era5_archive
2009-10-18,33.4,16.6,24.7,0.0,0.0,6.3,18.17,15.8,18,era5_archive
2009-10-19,32.5,17.9,25.1,0.0,0.0,6.41,17.28,19.8,16,era5_archive
2009-10-20,32.3,19.5,25.4,0.0,0.0,5.03,16.54,12.9,18,era5_archive
2009-10-21,26.0,16.1,21.2,0.0,0.0,3.36,11.85,20.3,54,era5_archive
2009-10-22,24.2,15.5,19.2,0.0,0.0,3.4,16.41,14.3,71,era5_archive
2009-10-23,27.7,13.2,20.1,0.4,0.4,3.62,15.35,12.8,57,era5_archive
2009-10-24,24.9,16.7,20.3,0.6,0.6,4.78,15.03,21.9,42,era5_archive
2009-10-25,25.1,13.5,19.4,0.0,0.0,3.54,14.35,16.3,54,era5_archive
2009-10-26,27.4,14.1,19.9,2.6,2.6,3.63,15.1,16.1,54,era5_archive
2009-10-27,25.9,15.4,20.2,0.8,0.8,3.39,15.23,17.6,58,era5_archive
2009-10-28,24.6,13.8,19.2,0.0,0.0,3.13,16.06,7.0,56,era5_archive
2009-10-29,22.6,14.1,17.6,1.8,1.8,2.62,12.95,15.5,61,era5_archive
2009-10-30,20.8,12.5,15.7,1.1,1.1,2.28,11.15,25.0,78,era5_archive
2009-10-31,19.4,13.7,15.9,0.2,0.2,2.06,11.02,17.0,76,era5_archive
2009-11-01,20.3,9.6,14.9,0.0,0.0,2.63,12.69,24.2,69,era5_archive
2009-11-02,16.2,10.4,12.7,0.5,0.5,2.4,11.29,35.9,70,era5_archive
2009-11-03,14.3,10.4,11.8,7.2,7.2,1.37,8.91,22.9,86,era5_archive
2009-11-04,20.5,8.5,13.7,0.0,0.0,2.81,15.52,24.2,66,era5_archive
2009-11-05,20.2,9.1,13.8,0.0,0.0,2.77,16.13,11.2,63,era5_archive
2009-11-06,24.0,8.4,15.4,0.0,0.0,3.38,16.02,13.4,55,era5_archive
2009-11-07,24.1,11.1,17.3,0.0,0.0,4.13,15.43,20.9,48,era5_archive
2009-11-08,25.5,14.3,19.3,0.0,0.0,4.13,14.77,20.7,42,era5_archive
2009-11-09,24.0,14.3,18.6,0.0,0.0,3.03,15.03,12.4,56,era5_archive
2009-11-10,21.4,11.4,15.5,0.0,0.0,2.47,14.25,10.6,79,era5_archive
2009-11-11,23.6,9.0,15.6,0.0,0.0,2.71,14.67,10.4,70,era5_archive
2009-11-12,20.8,8.7,14.6,0.0,0.0,2.47,13.9,14.7,74,era5_archive
2009-11-13,18.1,10.3,13.2,0.6,0.6,1.76,10.62,20.4,86,era5_archive
2009-11-14,17.9,9.0,12.7,0.0,0.0,2.34,13.27,14.9,76,era5_archive
2009-11-15,18.4,8.5,12.8,0.0,0.0,2.27,14.5,5.7,71,era5_archive
2009-11-16,18.5,7.3,12.1,0.0,0.0,2.07,10.9,16.4,71,era5_archive
2009-11-17,15.3,9.1,11.5,1.9,1.9,1.93,10.68,26.8,80,era5_archive
2009-11-18,15.8,8.3,11.1,0.0,0.0,2.45,13.98,26.8,72,era5_archive
2009-11-19,15.9,5.8,10.3,0.0,0.0,2.11,14.46,6.1,71,era5_archive
2009-11-20,17.5,4.3,10.4,0.0,0.0,2.32,14.26,8.9,62,era5_archive
2009-11-21,17.6,6.5,11.2,0.0,0.0,2.36,14.19,13.3,60,era5_archive
2009-11-22,18.5,4.6,11.6,0.0,0.0,2.6,13.98,12.2,60,era5_archive
2009-11-23,19.5,5.0,11.9,0.0,0.0,3.35,14.33,16.0,43,era5_archive
2009-11-24,18.7,7.9,11.8,6.0,6.0,3.03,12.45,23.0,54,era5_archive
2009-11-25,15.7,7.2,11.0,0.0,0.0,1.41,8.95,8.9,84,era5_archive
2009-11-26,15.9,8.0,11.1,0.0,0.0,1.58,10.41,7.2,84,era5_archive
2009-11-27,15.7,6.0,9.8,0.0,0.0,1.92,12.76,8.7,76,era5_archive
2009-11-28,15.9,5.5,9.7,0.0,0.0,2.1,13.73,11.8,71,era5_archive
2009-11-29,15.6,5.5,10.0,0.0,0.0,1.84,12.06,15.2,76,era5_archive
2009-11-30,16.0,6.1,10.3,0.0,0.0,1.51,9.63,10.2,85,era5_archive
2009-12-01,17.1,4.9,10.4,0.0,0.0,2.3,12.73,14.8,70,era5_archive
2009-12-02,17.4,5.5,10.8,0.0,0.0,3.19,13.37,26.3,53,era5_archive
2009-12-03,17.1,7.6,11.8,0.0,0.0,2.5,12.4,21.4,60,era5_archive
2009-12-04,16.3,7.6,11.5,0.0,0.0,1.6,9.82,9.6,76,era5_archive
2009-12-05,16.5,7.1,11.1,0.0,0.0,1.77,10.68,9.7,77,era5_archive
2009-12-06,15.2,6.1,10.8,0.0,0.0,1.68,10.74,8.3,72,era5_archive
2009-12-07,13.2,7.0,9.9,7.6,7.6,1.19,7.27,9.7,73,era5_archive
2009-12-08,13.1,7.4,9.7,1.6,1.6,1.31,8.38,19.8,83,era5_archive
2009-12-09,13.9,8.1,10.4,0.7,0.7,1.09,6.98,10.9,87,era5_archive
2009-12-10,14.8,5.8,9.6,0.0,0.0,1.31,8.13,13.4,81,era5_archive
2009-12-11,14.6,5.8,9.9,0.0,0.0,1.62,11.28,9.8,76,era5_archive
2009-12-12,13.4,4.4,8.9,0.0,0.0,1.61,9.53,27.0,77,era5_archive
2009-12-13,14.1,7.2,10.3,0.2,0.2,1.95,12.07,19.5,70,era5_archive
2009-12-14,13.0,7.0,9.9,0.0,0.0,1.01,5.59,11.6,80,era5_archive
2009-12-15,14.8,4.4,9.2,0.0,0.0,1.8,9.9,19.1,75,era5_archive
2009-12-16,16.7,5.5,10.1,0.1,0.1,2.17,10.37,20.1,59,era5_archive
2009-12-17,12.5,6.9,9.5,1.0,1.0,1.89,8.47,33.7,67,era5_archive
2009-12-18,12.2,8.7,10.1,4.1,4.1,0.8,5.92,21.3,90,era5_archive
2009-12-19,15.7,5.6,10.3,0.0,0.0,1.98,12.34,19.6,72,era5_archive
2009-12-20,17.4,4.1,10.8,0.0,0.0,2.05,10.49,12.7,63,era5_archive
2009-12-21,19.8,7.9,12.7,0.0,0.0,2.42,12.0,11.1,52,era5_archive
2009-12-22,14.6,7.0,10.5,0.3,0.3,1.73,10.9,16.4,72,era5_archive
2009-12-23,16.9,3.0,9.3,0.0,0.0,1.89,12.33,12.2,79,era5_archive
2009-12-24,17.0,3.1,10.6,0.0,0.0,1.79,12.08,6.3,77,era5_archive
2009-12-25,17.8,4.5,11.3,0.0,0.0,1.96,12.72,9.0,68,era5_archive
2009-12-26,14.9,5.8,10.1,0.2,0.2,1.57,10.63,16.0,78,era5_archive
2009-12-27,16.6,6.7,10.8,0.0,0.0,1.77,11.64,8.8,77,era5_archive
2009-12-28,19.4,5.2,12.2,0.0,0.0,2.28,12.02,11.1,62,era5_archive
2009-12-29,18.7,9.5,13.5,0.2,0.2,2.49,12.25,20.5,61,era5_archive
2009-12-30,12.9,8.7,10.4,4.1,4.1,0.86,5.57,16.2,90,era5_archive
2009-12-31,13.3,8.7,10.4,0.0,0.0,1.5,8.74,25.2,81,era5_archive
2010-01-01,15.1,6.7,10.4,0.0,0.0,1.34,9.08,16.7,84,era5_archive
2010-01-02,19.6,5.7,11.4,0.0,0.0,2.21,12.41,13.9,69,era5_archive
2010-01-03,15.5,5.9,10.1,0.0,0.0,1.96,10.61,28.5,72,era5_archive
2010-01-04,14.6,8.2,10.8,0.0,0.0,1.33,8.1,22.3,86,era5_archive
2010-01-05,14.8,8.0,10.6,0.0,0.0,1.5,9.68,17.7,84,era5_archive
2010-01-06,17.4,3.1,10.0,0.0,0.0,2.05,13.22,10.2,76,era5_archive
2010-01-07,18.5,5.5,10.9,0.0,0.0,2.51,13.39,17.2,63,era5_archive
2010-01-08,19.7,7.1,12.2,0.0,0.0,2.81,13.17,14.2,51,era5_archive
2010-01-09,20.3,4.3,11.5,0.0,0.0,2.49,13.83,8.1,49,era5_archive
2010-01-10,20.2,4.3,11.7,0.0,0.0,3.12,13.83,14.9,47,era5_archive
2010-01-11,21.3,7.5,13.3,0.0,0.0,3.35,13.8,16.6,44,era5_archive
2010-01-12,15.9,6.9,11.4,0.0,0.0,1.46,9.15,5.4,78,era5_archive
2010-01-13,15.6,7.0,10.6,3.1,3.1,1.71,11.66,21.4,83,era5_archive
2010-01-14,16.7,4.2,10.2,0.0,0.0,2.01,12.07,19.1,75,era5_archive
2010-01-15,16.5,4.3,9.8,0.0,0.0,2.1,13.38,11.0,67,era5_archive
2010-01-16,19.5,3.8,11.2,0.0,0.0,2.67,14.1,15.2,57,era5_archive
2010-01-17,20.2,8.9,13.8,0.0,0.0,2.23,12.69,7.5,58,era5_archive
2010-01-18,12.9,9.2,10.7,20.1,20.1,0.69,3.15,28.8,83,era5_archive
2010-01-19,13.1,8.2,10.3,2.0,2.0,1.69,10.33,29.0,78,era5_archive
2010-01-20,12.6,5.6,8.5,3.6,3.6,1.24,9.08,23.6,86,era5_archive
2010-01-21,10.9,5.3,7.8,1.9,1.9,1.1,8.75,12.6,89,era5_archive
2010-01-22,13.8,3.4,8.5,0.0,0.0,2.0,13.51,22.9,79,era5_archive
2010-01-23,15.6,3.2,9.6,0.0,0.0,2.12,14.24,14.6,74,era5_archive
2010-01-24,13.4,3.8,8.6,0.2,0.2,1.91,11.63,27.6,74,era5_archive
2010-01-25,9.3,5.7,6.9,8.1,8.1,1.01,8.36,37.1,87,era5_archive
2010-01-26,9.4,2.4,6.2,0.0,0.0,1.63,11.3,26.3,73,era5_archive
2010-01-27,11.1,-1.8,4.6,0.0,0.0,1.97,15.63,12.3,75,era5_archive
2010-01-28,15.3,3.5,7.9,0.0,0.0,2.33,15.23,24.2,67,era5_archive
2010-01-29,15.5,3.4,8.7,0.0,0.0,2.26,14.41,18.2,71,era5_archive
2010-01-30,20.0,6.6,12.2,4.4,4.4,3.3,12.46,28.0,53,era5_archive
2010-01-31,16.9,6.7,11.5,0.0,0.0,2.47,15.55,18.9,74,era5_archive
2010-02-01,14.1,5.1,9.3,0.0,0.0,1.96,13.83,11.0,81,era5_archive
2010-02-02,16.6,4.6,10.1,0.0,0.0,2.47,15.68,11.6,70,era5_archive
2010-02-03,12.1,2.1,6.5,3.0,3.0,1.49,11.37,27.4,85,era5_archive
2010-02-04,6.5,2.2,4.1,5.3,5.2,0.97,8.59,31.1,85,era5_archive
2010-02-05,6.1,1.7,3.6,1.7,1.7,1.38,10.81,25.9,75,era5_archive
2010-02-06,8.1,-2.8,3.0,0.0,0.0,1.98,16.83,8.4,67,era5_archive
2010-02-07,9.9,-1.9,3.6,0.0,0.0,2.48,16.9,25.5,59,era5_archive
2010-02-08,12.2,1.7,6.4,0.0,0.0,2.57,12.68,23.6,50,era5_archive
2010-02-09,15.0,4.6,9.1,0.0,0.0,2.31,14.68,25.8,70,era5_archive
2010-02-10,14.5,3.9,9.2,0.0,0.0,2.04,14.43,8.9,74,era5_archive
2010-02-11,19.0,6.4,11.8,0.0,0.0,3.31,16.38,26.9,57,era5_archive
2010-02-12,19.0,8.0,13.2,0.0,0.0,3.31,17.24,16.2,58,era5_archive
2010-02-13,20.1,7.8,13.5,0.0,0.0,2.74,16.49,7.9,61,era5_archive
2010-02-14,23.1,7.1,14.5,0.0,0.0,3.89,16.07,16.8,48,era5_archive
2010-02-15,25.2,13.5,18.4,0.0,0.0,4.87,16.62,29.4,42,era5_archive
2010-02-16,25.3,13.2,18.5,0.0,0.0,3.71,17.26,20.2,60,era5_archive
2010-02-17,24.6,11.2,17.6,0.0,0.0,2.87,15.24,8.4,60,era5_archive
2010-02-18,26.2,12.9,18.1,0.0,0.0,4.22,17.52,22.1,52,era5_archive
2010-02-19,19.5,10.0,14.1,0.0,0.0,3.35,17.31,31.4,70,era5_archive
2010-02-20,20.7,5.8,13.2,0.0,0.0,3.41,18.67,14.6,59,era5_archive
2010-02-21,23.9,6.3,15.3,0.0,0.0,4.0,14.82,19.2,45,era5_archive
2010-02-22,14.6,8.0,11.4,0.0,0.0,2.59,16.44,34.7,73,era5_archive
2010-02-23,15.5,7.2,10.4,0.0,0.0,2.76,17.33,21.1,71,era5_archive
2010-02-24,15.4,4.9,9.8,0.0,0.0,2.54,16.19,12.9,74,era5_archive
2010-02-25,17.0,5.4,10.5,10.9,10.9,2.13,12.18,14.1,76,era5_archive
2010-02-26,11.2,7.8,9.2,12.8,12.8,1.17,9.15,31.9,89,era5_archive
2010-02-27,12.5,7.4,9.3,7.2,7.2,1.29,11.02,25.3,91,era5_archive
2010-02-28,11.4,7.4,9.1,16.0,16.0,1.42,9.57,33.1,83,era5_archive
2010-03-01,13.7,7.8,10.2,1.4,1.4,1.88,12.63,29.6,83,era5_archive
2010-03-02,16.0,6.6,10.7,0.0,0.0,2.27,15.33,14.6,82,era5_archive
2010-03-03,17.1,5.3,10.9,0.0,0.0,2.84,18.56,39.4,78,era5_archive
2010-03-04,15.9,8.4,11.4,0.0,0.0,2.68,19.04,25.9,79,era5_archive
2010-03-05,22.8,6.2,13.6,0.0,0.0,3.46,17.39,17.8,67,era5_archive
2010-03-06,16.8,7.3,11.9,0.0,0.0,2.76,17.99,18.0,75,era5_archive
2010-03-07,18.8,6.9,12.3,0.0,0.0,3.16,20.31,13.2,77,era5_archive
2010-03-08,25.6,8.8,17.1,0.0,0.0,5.54,20.96,25.9,50,era5_archive
2010-03-09,29.0,15.3,20.6,0.0,0.0,6.21,18.23,27.1,36,era5_archive
2010-03-10,26.1,12.4,19.0,0.0,0.0,3.87,20.4,8.5,63,era5_archive
2010-03-11,30.4,13.4,22.1,0.0,0.0,4.66,20.23,14.4,52,era5_archive
2010-03-12,29.2,17.5,22.6,0.0,0.0,4.64,21.2,10.6,41,era5_archive
2010-03-13,26.2,13.5,19.1,0.0,0.0,4.2,21.73,10.5,67,era5_archive
2010-03-14,29.0,12.3,20.0,0.0,0.0,4.64,18.78,18.8,54,era5_archive
2010-03-15,30.6,14.3,20.9,0.0,0.0,6.08,21.91,28.7,51,era5_archive
2010-03-16,14.8,8.9,12.0,0.0,0.0,3.06,18.82,31.5,70,era5_archive
2010-03-17,17.6,6.5,11.5,0.0,0.0,3.32,19.34,12.6,62,era5_archive
2010-03-18,12.9,6.9,9.4,2.4,2.4,2.83,19.59,30.2,70,era5_archive
2010-03-19,15.0,2.8,8.7,0.0,0.0,3.32,21.6,12.2,68,era5_archive
2010-03-20,15.5,3.8,9.7,0.0,0.0,3.53,21.45,12.9,50,era5_archive
2010-03-21,18.6,4.6,11.1,0.0,0.0,4.37,24.49,10.3,34,era5_archive
2010-03-22,20.8,3.6,12.1,0.0,0.0,5.04,24.63,16.0,30,era5_archive
2010-03-23,22.2,6.6,14.1,0.0,0.0,5.12,22.28,18.6,31,era5_archive
2010-03-24,22.1,8.7,15.5,0.0,0.0,3.78,20.54,10.4,58,era5_archive
2010-03-25,17.8,9.4,13.9,2.4,2.4,2.66,15.07,16.3,76,era5_archive
2010-03-26,15.4,5.5,10.6,0.5,0.5,2.72,18.72,22.3,81,era5_archive
2010-03-27,14.3,8.9,11.3,1.8,1.8,1.56,9.3,21.1,87,era5_archive
2010-03-28,19.1,9.7,13.8,0.0,0.0,3.46,20.93,18.7,73,era5_archive
2010-03-29,20.6,6.4,13.4,0.0,0.0,4.21,23.43,23.6,66,era5_archive
2010-03-30,17.0,6.3,11.2,0.0,0.0,3.94,24.36,22.6,67,era5_archive
2010-03-31,18.4,4.8,11.4,0.0,0.0,3.93,24.62,14.5,65,era5_archive
2010-04-01,25.2,7.2,15.7,0.0,0.0,5.15,25.06,18.4,49,era5_archive
2010-04-02,26.6,8.8,18.1,0.0,0.0,5.48,25.18,19.4,36,era5_archive
2010-04-03,30.8,11.8,21.9,0.0,0.0,6.39,25.6,18.7,27,era5_archive
2010-04-04,26.3,11.2,18.2,0.0,0.0,5.83,25.78,22.1,39,era5_archive
2010-04-05,25.8,7.1,17.0,0.0,0.0,4.99,25.91,11.9,54,era5_archive
2010-04-06,25.4,11.1,17.5,0.0,0.0,5.06,24.74,19.1,63,era5_archive
2010-04-07,19.4,8.2,13.4,0.0,0.0,4.11,22.9,26.3,65,era5_archive
2010-04-08,18.4,9.0,12.9,0.0,0.0,3.82,21.0,23.5,63,era5_archive
2010-04-09,18.4,6.7,12.2,0.0,0.0,3.88,22.4,21.7,66,era5_archive
2010-04-10,22.5,6.1,14.3,0.0,0.0,4.92,25.96,18.3,53,era5_archive
2010-04-11,31.0,13.0,22.0,0.0,0.0,7.98,20.24,30.9,27,era5_archive
2010-04-12,18.6,10.2,14.4,0.0,0.0,4.14,21.54,30.6,63,era5_archive
2010-04-13,19.7,9.0,13.4,0.0,0.0,4.32,25.12,16.8,63,era5_archive
2010-04-14,23.7,5.7,15.3,0.0,0.0,4.89,26.51,10.1,57,era5_archive
2010-04-15,27.2,9.3,18.6,0.0,0.0,5.39,26.82,9.7,48,era5_archive
2010-04-16,28.9,13.6,20.9,0.9,0.9,5.86,22.97,21.4,39,era5_archive
2010-04-17,25.7,12.2,18.7,0.0,0.0,5.36,25.17,20.1,57,era5_archive
2010-04-18,25.9,9.9,17.9,0.0,0.0,5.74,27.23,20.8,52,era5_archive
2010-04-19,28.7,12.7,20.6,0.0,0.0,5.98,27.04,18.7,38,era5_archive
2010-04-20,30.0,16.8,22.8,0.0,0.0,6.06,26.03,23.3,31,era5_archive
2010-04-21,23.2,14.2,18.7,0.8,0.8,4.84,21.23,25.9,51,era5_archive
2010-04-22,18.5,11.0,14.1,0.9,0.9,3.89,22.0,27.6,70,era5_archive
2010-04-23,21.0,9.9,14.8,0.0,0.0,4.76,25.11,25.4,62,era5_archive
2010-04-24,23.7,7.8,15.9,0.0,0.0,5.17,27.6,13.4,53,era5_archive
2010-04-25,27.9,10.6,19.7,0.0,0.0,5.85,27.81,14.2,38,era5_archive
2010-04-26,29.2,13.7,20.9,0.1,0.1,5.6,23.92,22.5,41,era5_archive
2010-04-27,28.7,11.0,20.6,0.0,0.0,6.28,27.78,18.1,42,era5_archive
2010-04-28,22.6,13.4,18.0,0.0,0.0,5.83,27.69,29.0,49,era5_archive
2010-04-29,22.5,9.6,16.1,0.0,0.0,4.69,24.7,20.5,67,era5_archive
2010-04-30,17.9,11.3,14.8,4.0,4.0,2.81,14.63,15.8,72,era5_archive
2010-05-01,21.7,8.6,15.0,0.2,0.2,5.0,26.61,20.9,63,era5_archive
2010-05-02,19.1,8.4,13.9,0.2,0.2,3.74,20.99,27.5,73,era5_archive
2010-05-03,22.7,10.5,15.8,0.0,0.0,5.1,27.48,22.3,66,era5_archive
2010-05-04,25.5,9.8,17.6,0.0,0.0,5.89,28.58,19.5,50,era5_archive
2010-05-05,27.6,10.2,19.2,0.0,0.0,6.1,28.69,18.3,45,era5_archive
2010-05-06,28.3,11.4,19.9,0.0,0.0,6.52,29.04,21.1,43,era5_archive
2010-05-07,31.0,12.6,21.5,0.0,0.0,6.61,28.63,19.5,36,era5_archive
2010-05-08,31.8,14.2,23.1,0.0,0.0,7.3,28.57,21.9,36,era5_archive
2010-05-09,32.0,13.9,23.5,0.0,0.0,7.28,28.36,21.5,24,era5_archive
2010-05-10,36.4,19.7,27.0,0.0,0.0,9.15,25.88,30.5,25,era5_archive
2010-05-11,28.3,15.7,21.4,0.0,0.0,6.18,27.58,22.7,57,era5_archive
2010-05-12,29.3,12.4,20.7,0.0,0.0,6.42,28.57,21.8,51,era5_archive
2010-05-13,29.8,11.4,20.6,0.0,0.0,6.64,29.45,22.6,52,era5_archive
2010-05-14,30.3,12.2,21.7,0.0,0.0,7.12,29.2,25.1,46,era5_archive
2010-05-15,31.8,14.8,23.5,0.0,0.0,7.95,29.54,25.0,28,era5_archive
2010-05-16,35.6,16.9,26.7,0.0,0.0,8.01,27.98,25.1,28,era5_archive
2010-05-17,32.8,19.2,25.6,0.0,0.0,7.33,26.76,25.5,35,era5_archive
2010-05-18,25.3,15.1,20.7,0.0,0.0,5.6,22.77,21.9,49,era5_archive
2010-05-19,23.7,12.7,17.3,0.0,0.0,5.69,28.4,22.7,59,era5_archive
2010-05-20,23.8,10.1,16.7,0.0,0.0,5.58,28.97,23.7,62,era5_archive
2010-05-21,26.2,9.2,17.8,0.0,0.0,5.96,29.38,19.8,55,era5_archive
2010-05-22,32.1,13.1,22.6,0.0,0.0,7.1,28.11,21.6,32,era5_archive
2010-05-23,22.3,14.2,17.6,0.0,0.0,5.17,24.62,28.3,61,era5_archive
2010-05-24,24.2,13.2,17.7,0.0,0.0,5.57,27.88,21.9,61,era5_archive
2010-05-25,28.6,10.6,19.7,0.0,0.0,6.18,29.62,15.4,51,era5_archive
2010-05-26,32.6,12.3,23.4,0.0,0.0,6.87,29.94,16.9,42,era5_archive
2010-05-27,34.6,18.2,26.3,0.0,0.0,6.72,23.36,17.3,25,era5_archive
2010-05-28,27.0,15.7,21.3,0.0,0.0,6.51,28.85,25.6,49,era5_archive
2010-05-29,27.7,14.9,20.6,0.0,0.0,6.16,28.41,25.1,62,era5_archive
2010-05-30,31.1,14.2,22.7,0.0,0.0,6.66,29.39,19.5,52,era5_archive
2010-05-31,34.6,15.1,25.6,0.0,0.0,6.99,29.65,14.8,42,era5_archive
2010-06-01,37.8,17.5,28.4,0.0,0.0,7.5,28.74,15.9,37,era5_archive
2010-06-02,32.2,19.7,26.2,0.0,0.0,7.61,29.73,18.0,36,era5_archive
2010-06-03,32.0,16.9,24.6,0.0,0.0,7.09,29.49,19.5,43,era5_archive
2010-06-04,32.6,16.0,24.1,0.0,0.0,7.41,29.11,23.4,50,era5_archive
2010-06-05,29.2,15.6,21.9,0.0,0.0,6.21,26.44,24.8,59,era5_archive
2010-06-06,31.1,15.4,22.9,0.0,0.0,7.23,28.27,31.7,55,era5_archive
2010-06-07,33.1,16.6,25.1,0.9,0.9,7.46,28.76,25.6,41,era5_archive
2010-06-08,28.2,15.7,21.6,0.0,0.0,6.38,28.76,21.8,58,era5_archive
2010-06-09,26.8,14.7,20.2,0.0,0.0,5.86,28.25,21.8,65,era5_archive
2010-06-10,27.1,14.5,20.3,0.0,0.0,5.93,27.99,21.2,61,era5_archive
2010-06-11,32.8,13.3,24.2,0.0,0.0,6.51,28.02,11.0,41,era5_archive
2010-06-12,36.4,19.3,27.4,0.0,0.0,7.72,29.27,21.5,30,era5_archive
2010-06-13,31.5,17.9,24.3,0.0,0.0,7.01,28.71,26.3,54,era5_archive
2010-06-14,30.9,15.1,23.1,0.0,0.0,6.92,29.52,20.2,53,era5_archive
2010-06-15,30.0,14.6,22.6,0.0,0.0,7.24,30.11,24.2,52,era5_archive
2010-06-16,31.4,14.9,23.5,0.0,0.0,7.28,29.13,29.7,56,era5_archive
2010-06-17,33.7,17.2,25.6,0.0,0.0,7.98,29.4,29.5,52,era5_archive
2010-06-18,33.8,17.3,26.0,0.0,0.0,7.67,29.23,24.0,48,era5_archive
2010-06-19,33.4,19.2,26.2,0.0,0.0,7.33,28.03,23.3,45,era5_archive
2010-06-20,33.6,18.1,26.1,0.0,0.0,7.77,30.0,23.2,43,era5_archive
2010-06-21,36.0,21.3,28.8,0.0,0.0,8.74,30.1,23.5,21,era5_archive
2010-06-22,38.0,19.3,27.7,0.0,0.0,9.7,29.97,33.5,27,era5_archive
2010-06-23,29.1,17.8,22.8,0.0,0.0,6.84,27.72,32.0,57,era5_archive
2010-06-24,26.9,17.0,21.4,0.0,0.0,6.35,27.78,30.7,59,era5_archive
2010-06-25,27.7,16.3,21.2,0.0,0.0,5.95,26.13,23.9,62,era5_archive
2010-06-26,25.5,15.4,20.4,0.0,0.0,5.16,23.09,25.6,66,era5_archive
2010-06-27,27.5,14.2,20.7,0.0,0.0,6.04,28.22,23.0,64,era5_archive
2010-06-28,30.9,12.7,22.1,0.0,0.0,6.9,29.44,22.1,50,era5_archive
2010-06-29,35.8,18.6,27.5,0.0,0.0,7.3,29.64,13.8,30,era5_archive
2010-06-30,31.0,18.1,24.3,0.0,0.0,7.04,29.16,22.4,54,era5_archive
2010-07-01,29.4,15.0,21.9,0.0,0.0,6.61,29.28,22.8,59,era5_archive
2010-07-02,30.5,14.0,21.9,0.0,0.0,6.57,29.21,22.1,60,era5_archive
2010-07-03,32.9,15.8,23.8,0.0,0.0,6.85,29.38,18.4,59,era5_archive
2010-07-04,34.6,16.1,25.2,0.0,0.0,7.42,29.87,20.2,53,era5_archive
2010-07-05,34.4,17.3,25.7,0.0,0.0,7.48,29.03,22.3,50,era5_archive
2010-07-06,33.5,17.6,25.6,0.0,0.0,7.32,28.97,20.2,47,era5_archive
2010-07-07,34.0,15.9,25.1,0.0,0.0,7.61,29.46,19.9,42,era5_archive
2010-07-08,33.3,15.8,24.6,0.0,0.0,7.29,29.35,20.3,49,era5_archive
2010-07-09,33.5,15.1,24.5,0.0,0.0,7.22,29.41,19.2,50,era5_archive
2010-07-10,35.4,17.1,26.0,0.0,0.0,7.06,28.18,19.5,56,era5_archive
2010-07-11,36.7,20.8,27.7,0.0,0.0,6.96,26.86,17.7,58,era5_archive
2010-07-12,37.2,20.4,28.4,0.0,0.0,7.48,27.79,18.4,52,era5_archive
2010-07-13,35.5,19.8,27.2,0.0,0.0,8.16,28.76,25.4,45,era5_archive
2010-07-14,33.2,18.1,25.1,0.0,0.0,7.75,29.42,26.1,50,era5_archive
2010-07-15,32.1,17.7,24.5,0.0,0.0,6.72,28.24,22.3,60,era5_archive
2010-07-16,32.9,17.4,24.8,0.0,0.0,6.93,28.93,20.6,60,era5_archive
2010-07-17,33.0,16.8,25.1,0.0,0.0,7.12,29.09,22.1,59,era5_archive
2010-07-18,32.6,17.5,25.3,0.0,0.0,6.95,28.52,22.7,58,era5_archive
2010-07-19,32.8,17.1,24.9,0.0,0.0,6.98,28.54,24.9,60,era5_archive
2010-07-20,31.6,17.7,24.3,0.0,0.0,7.02,28.27,29.4,60,era5_archive
2010-07-21,30.5,18.0,23.5,0.0,0.0,6.5,27.77,25.8,64,era5_archive
2010-07-22,32.8,17.5,24.3,0.0,0.0,6.49,27.49,23.5,65,era5_archive
2010-07-23,33.1,17.3,24.9,0.0,0.0,6.91,28.59,23.6,62,era5_archive
2010-07-24,32.0,17.2,24.3,0.3,0.3,6.59,27.54,25.5,65,era5_archive
2010-07-25,32.7,18.0,25.5,0.0,0.0,6.8,27.32,22.4,60,era5_archive
2010-07-26,33.0,17.7,25.3,0.0,0.0,7.03,27.86,26.2,60,era5_archive
2010-07-27,32.9,17.8,25.2,0.0,0.0,7.66,28.64,32.3,54,era5_archive
2010-07-28,30.1,18.3,23.2,0.0,0.0,6.25,26.75,28.1,66,era5_archive
2010-07-29,33.0,18.4,24.9,0.0,0.0,6.46,27.26,18.9,62,era5_archive
2010-07-30,37.1,18.8,27.6,0.0,0.0,6.87,25.68,20.1,58,era5_archive
2010-07-31,40.3,21.8,30.9,0.0,0.0,7.57,24.1,26.4,50,era5_archive
2010-08-01,39.4,21.0,30.4,0.0,0.0,8.0,27.23,25.0,45,era5_archive
2010-08-02,39.5,22.4,30.5,0.0,0.0,7.77,25.51,24.0,44,era5_archive
2010-08-03,37.1,22.1,29.9,0.0,0.0,6.05,20.41,14.8,49,era5_archive
2010-08-04,36.5,21.6,28.4,0.0,0.0,6.75,24.89,20.1,61,era5_archive
2010-08-05,35.3,19.8,27.5,0.0,0.0,7.48,26.99,24.0,52,era5_archive
2010-08-06,37.5,21.2,29.6,0.0,0.0,7.57,27.9,12.2,30,era5_archive
2010-08-07,39.0,23.6,31.3,0.0,0.0,7.47,26.61,21.2,24,era5_archive
2010-08-08,35.3,21.7,28.2,0.0,0.0,7.14,26.38,20.8,50,era5_archive
2010-08-09,34.8,19.1,26.6,0.0,0.0,7.11,27.15,20.7,50,era5_archive
2010-08-10,34.6,20.4,26.5,0.0,0.0,6.57,25.97,21.4,60,era5_archive
2010-08-11,34.9,19.3,26.4,0.0,0.0,6.6,26.55,19.6,60,era5_archive
2010-08-12,34.5,18.1,26.0,0.0,0.0,6.59,26.64,19.8,62,era5_archive
2010-08-13,33.1,19.2,25.6,0.0,0.0,6.55,27.09,19.8,62,era5_archive
2010-08-14,33.9,17.9,25.3,0.0,0.0,6.39,26.61,21.5,65,era5_archive
2010-08-15,36.4,21.0,27.9,0.0,0.0,6.66,25.41,23.1,62,era5_archive
2010-08-16,36.4,21.7,28.6,0.0,0.0,6.77,25.96,21.5,60,era5_archive
2010-08-17,36.4,19.8,28.0,0.0,0.0,7.41,27.3,23.0,54,era5_archive
2010-08-18,37.3,19.4,28.4,0.0,0.0,7.11,27.22,18.3,48,era5_archive
2010-08-19,40.0,21.7,31.1,0.0,0.0,6.36,27.19,9.4,36,era5_archive
2010-08-20,41.9,23.9,33.5,0.0,0.0,6.79,26.18,15.1,29,era5_archive
2010-08-21,38.4,23.6,30.1,0.0,0.0,6.84,24.43,22.1,54,era5_archive
2010-08-22,35.1,21.9,27.7,0.0,0.0,6.42,24.93,20.7,59,era5_archive
2010-08-23,34.2,19.4,26.4,0.0,0.0,6.32,26.07,20.0,63,era5_archive
2010-08-24,34.1,20.0,26.3,0.0,0.0,6.56,25.9,23.3,64,era5_archive
2010-08-25,33.0,20.5,25.9,0.0,0.0,6.51,25.23,27.0,66,era5_archive
2010-08-26,31.6,19.4,24.7,0.0,0.0,6.03,25.06,24.1,66,era5_archive
2010-08-27,34.1,18.3,25.9,0.0,0.0,6.06,25.51,17.9,59,era5_archive
2010-08-28,35.5,20.0,27.3,0.0,0.0,6.37,25.16,20.8,62,era5_archive
2010-08-29,34.3,19.1,26.1,0.0,0.0,6.52,25.39,22.8,60,era5_archive
2010-08-30,32.6,17.5,24.7,0.0,0.0,6.22,25.41,23.3,62,era5_archive
2010-08-31,31.7,18.6,24.1,0.0,0.0,5.55,22.64,23.0,67,era5_archive
2010-09-01,30.6,18.1,23.5,0.0,0.0,5.47,23.5,22.8,67,era5_archive
2010-09-02,30.2,19.2,24.0,0.0,0.0,5.57,23.7,19.9,66,era5_archive
2010-09-03,32.2,17.6,24.5,0.0,0.0,5.84,25.13,14.0,57,era5_archive
2010-09-04,34.3,17.4,25.6,0.0,0.0,6.02,24.66,18.2,53,era5_archive
2010-09-05,34.3,18.4,25.4,0.0,0.0,6.3,24.13,22.1,55,era5_archive
2010-09-06,32.7,17.4,24.5,0.0,0.0,6.17,24.05,25.8,63,era5_archive
2010-09-07,32.0,19.5,24.8,0.0,0.0,5.99,23.12,26.8,64,era5_archive
2010-09-08,31.8,18.6,24.5,0.0,0.0,5.89,23.89,18.6,59,era5_archive
2010-09-09,32.5,15.8,23.9,0.0,0.0,5.62,24.39,14.4,53,era5_archive
2010-09-10,33.3,16.2,24.6,0.0,0.0,5.79,23.74,16.5,53,era5_archive
2010-09-11,32.3,16.6,24.0,0.0,0.0,5.64,23.2,20.5,63,era5_archive
2010-09-12,31.0,18.7,23.6,0.0,0.0,5.56,23.27,22.3,66,era5_archive
2010-09-13,28.7,17.1,22.1,0.0,0.0,5.3,22.81,21.7,65,era5_archive
2010-09-14,28.0,16.8,21.9,0.0,0.0,4.98,21.97,18.6,64,era5_archive
2010-09-15,29.4,16.0,22.2,0.0,0.0,5.21,23.65,13.5,56,era5_archive
2010-09-16,32.0,15.7,23.7,0.0,0.0,5.34,23.06,15.6,59,era5_archive
2010-09-17,29.1,17.3,22.5,0.0,0.0,4.81,20.78,24.0,70,era5_archive
2010-09-18,27.9,16.9,21.8,0.0,0.0,5.27,22.46,22.9,61,era5_archive
2010-09-19,31.2,15.8,23.2,0.0,0.0,4.96,22.66,11.2,60,era5_archive
2010-09-20,34.6,19.0,26.8,0.0,0.0,5.01,22.63,8.3,41,era5_archive
2010-09-21,34.9,19.2,27.1,1.2,1.2,5.36,21.89,14.5,40,era5_archive
2010-09-22,30.8,19.5,25.9,0.2,0.2,4.42,10.62,25.6,54,era5_archive
2010-09-23,33.7,18.8,26.8,0.0,0.0,5.05,20.93,9.7,44,era5_archive
2010-09-24,35.9,20.1,27.9,0.8,0.8,4.58,19.94,8.1,50,era5_archive
2010-09-25,33.9,22.3,27.3,1.1,1.1,4.81,18.84,17.0,59,era5_archive
2010-09-26,33.3,19.0,26.0,0.0,0.0,4.96,21.03,12.6,62,era5_archive
2010-09-27,32.6,18.5,25.4,0.0,0.0,5.6,21.59,17.6,52,era5_archive
2010-09-28,32.9,19.7,25.5,0.0,0.0,5.7,21.2,22.8,46,era5_archive
2010-09-29,29.8,15.6,22.7,0.0,0.0,4.99,20.54,22.2,60,era5_archive
2010-09-30,34.3,17.3,25.3,0.0,0.0,5.4,20.32,17.3,54,era5_archive
2010-10-01,33.9,18.6,26.1,0.0,0.0,5.22,20.07,16.0,45,era5_archive
2010-10-02,33.9,19.2,26.6,0.2,0.2,5.44,18.28,11.2,28,era5_archive
2010-10-03,34.7,20.1,26.9,0.0,0.0,6.33,18.99,17.1,29,era5_archive
2010-10-04,30.3,17.7,23.9,0.0,0.0,5.04,20.0,20.2,50,era5_archive
2010-10-05,27.8,14.3,20.9,0.0,0.0,4.63,20.18,20.0,59,era5_archive
2010-10-06,26.9,13.3,19.8,0.0,0.0,4.3,20.2,14.8,65,era5_archive
2010-10-07,27.2,14.6,20.4,0.0,0.0,4.3,19.73,17.8,64,era5_archive
2010-10-08,25.0,13.7,18.7,0.6,0.6,3.45,16.91,24.6,75,era5_archive
2010-10-09,23.4,13.9,18.3,0.3,0.3,3.36,15.98,23.4,74,era5_archive
2010-10-10,26.0,13.3,19.5,0.2,0.2,3.79,17.49,9.0,59,era5_archive
2010-10-11,25.4,15.4,19.8,1.7,1.7,4.01,17.11,20.7,59,era5_archive
2010-10-12,26.0,12.8,19.0,0.0,0.0,4.0,19.11,17.6,64,era5_archive
2010-10-13,29.2,14.3,21.6,0.0,0.0,4.43,18.72,18.6,55,era5_archive
2010-10-14,32.4,16.3,24.3,0.0,0.0,4.59,18.6,10.8,39,era5_archive
2010-10-15,33.6,18.2,25.4,0.0,0.0,5.94,18.56,22.3,29,era5_archive
2010-10-16,31.4,18.5,24.8,0.0,0.0,4.87,17.94,17.7,34,era5_archive
2010-10-17,30.0,18.5,23.8,0.0,0.0,3.91,15.53,14.3,39,era5_archive
2010-10-18,31.5,15.8,24.0,0.0,0.0,3.94,18.1,7.0,32,era5_archive
2010-10-19,34.1,19.1,25.7,0.0,0.0,4.52,17.78,10.0,28,era5_archive
2010-10-20,36.3,18.4,26.3,0.0,0.0,6.0,17.78,17.0,27,era5_archive
2010-10-21,30.8,17.1,23.6,0.0,0.0,4.15,16.26,15.1,56,era5_archive
2010-10-22,30.6,17.5,23.7,0.0,0.0,3.6,15.28,11.5,52,era5_archive
2010-10-23,25.6,16.8,20.3,0.0,0.0,3.3,15.59,18.9,74,era5_archive
2010-10-24,25.7,13.1,19.0,0.0,0.0,3.54,17.02,13.1,67,era5_archive
2010-10-25,24.0,12.6,17.8,0.0,0.0,3.34,16.42,18.2,71,era5_archive
2010-10-26,25.5,10.5,17.5,0.0,0.0,3.38,17.06,11.4,65,era5_archive
2010-10-27,28.1,13.0,20.3,0.0,0.0,3.65,16.67,15.4,61,era5_archive
2010-10-28,30.6,14.7,22.4,0.0,0.0,5.06,16.48,23.0,39,era5_archive
2010-10-29,22.0,15.1,18.0,0.1,0.1,3.1,12.82,24.5,63,era5_archive
2010-10-30,19.1,14.0,16.2,1.2,1.2,2.03,10.54,19.6,78,era5_archive
2010-10-31,21.8,13.2,16.9,0.0,0.0,2.44,12.14,8.3,63,era5_archive
2010-11-01,22.6,10.9,16.6,0.6,0.6,3.21,14.01,14.3,54,era5_archive
2010-11-02,23.0,10.5,16.6,0.0,0.0,3.09,16.51,8.7,53,era5_archive
2010-11-03,23.6,8.6,15.8,0.0,0.0,4.11,16.8,13.3,35,era5_archive
2010-11-04,23.8,7.3,15.7,0.0,0.0,4.47,16.76,14.8,26,era5_archive
2010-11-05,25.8,11.1,17.9,0.0,0.0,4.58,16.09,16.0,27,era5_archive
2010-11-06,26.5,12.0,19.0,0.0,0.0,3.69,16.14,11.5,31,era5_archive
2010-11-07,24.1,10.9,17.5,0.0,0.0,3.41,15.81,15.3,49,era5_archive
2010-11-08,21.7,10.2,15.0,0.0,0.0,2.81,14.98,11.3,63,era5_archive
2010-11-09,25.3,10.1,17.0,0.0,0.0,3.25,15.84,9.7,46,era5_archive
2010-11-10,28.3,13.4,20.1,0.0,0.0,3.29,15.31,6.6,29,era5_archive
2010-11-11,28.3,13.9,20.7,0.0,0.0,3.15,15.27,8.4,28,era5_archive
2010-11-12,27.6,12.8,20.0,0.0,0.0,3.39,15.3,9.4,31,era5_archive
2010-11-13,27.2,13.0,19.3,0.0,0.0,3.87,12.5,13.1,29,era5_archive
2010-11-14,27.2,13.9,20.0,0.0,0.0,5.45,15.09,19.0,23,era5_archive
2010-11-15,27.0,14.0,20.3,0.0,0.0,5.39,14.42,20.1,24,era5_archive
2010-11-16,25.4,13.8,19.1,0.0,0.0,4.7,14.03,18.5,28,era5_archive
2010-11-17,25.3,12.7,18.5,0.0,0.0,4.59,14.05,18.4,27,era5_archive
2010-11-18,26.5,12.6,18.9,0.0,0.0,4.42,13.51,12.7,21,era5_archive
2010-11-19,26.0,12.3,18.5,0.0,0.0,4.19,14.29,11.6,28,era5_archive
2010-11-20,26.0,12.5,19.3,0.0,0.0,3.05,14.12,7.4,29,era5_archive
2010-11-21,24.3,13.0,18.2,0.0,0.0,3.19,14.25,14.0,42,era5_archive
2010-11-22,20.0,11.3,14.7,0.0,0.0,2.33,13.04,14.9,76,era5_archive
2010-11-23,19.7,7.6,13.9,0.0,0.0,2.01,11.83,5.4,66,era5_archive
2010-11-24,21.5,9.9,14.9,0.0,0.0,2.32,12.92,7.8,54,era5_archive
2010-11-25,22.1,9.0,15.1,0.0,0.0,2.4,13.1,5.8,46,era5_archive
2010-11-26,23.1,10.5,16.0,0.0,0.0,2.53,13.89,6.8,37,era5_archive
2010-11-27,24.2,9.4,16.1,0.0,0.0,3.21,13.87,10.2,30,era5_archive
2010-11-28,23.8,9.1,15.6,0.0,0.0,4.15,13.43,15.1,19,era5_archive
2010-11-29,22.6,10.9,15.9,0.0,0.0,4.68,13.32,18.7,18,era5_archive
2010-11-30,22.6,9.3,15.1,0.0,0.0,4.48,13.93,16.7,21,era5_archive
2010-12-01,22.3,8.5,14.6,0.0,0.0,4.26,13.93,15.5,22,era5_archive
2010-12-02,21.8,6.6,13.5,0.0,0.0,3.94,13.83,14.0,26,era5_archive
2010-12-03,21.1,6.5,13.1,0.0,0.0,4.0,13.72,18.6,26,era5_archive
2010-12-04,20.8,6.8,13.0,0.0,0.0,4.19,13.78,18.2,22,era5_archive
2010-12-05,20.7,7.9,13.1,0.0,0.0,3.82,13.07,18.1,20,era5_archive
2010-12-06,14.4,6.2,10.7,2.3,2.3,1.36,7.22,20.1,67,era5_archive
2010-12-07,15.9,8.0,11.3,0.0,0.0,1.41,8.73,7.5,80,era5_archive
2010-12-08,18.2,8.1,12.5,0.0,0.0,1.79,10.82,7.1,67,era5_archive
2010-12-09,17.8,8.0,12.3,0.0,0.0,1.96,11.8,7.6,57,era5_archive
2010-12-10,17.3,8.7,12.8,0.0,0.0,2.0,12.13,15.9,61,era5_archive
2010-12-11,15.9,8.8,11.4,8.0,8.0,1.78,6.86,34.7,74,era5_archive
2010-12-12,9.4,4.9,6.8,4.6,4.6,2.05,10.92,37.4,67,era5_archive
2010-12-13,8.9,4.2,6.5,1.9,1.9,1.0,7.27,28.3,84,era5_archive
2010-12-14,14.6,3.7,9.1,0.0,0.0,1.91,12.55,20.0,68,era5_archive
2010-12-15,15.1,1.9,8.0,0.0,0.0,1.91,12.68,8.3,63,era5_archive
2010-12-16,16.9,5.2,9.8,0.0,0.0,2.77,12.76,18.6,48,era5_archive
2010-12-17,17.6,4.7,10.5,0.0,0.0,2.5,12.57,16.0,51,era5_archive
2010-12-18,13.9,5.8,9.5,0.0,0.0,1.66,10.21,17.4,72,era5_archive
2010-12-19,14.8,3.8,8.8,0.0,0.0,1.62,10.86,8.3,73,era5_archive
2010-12-20,16.6,5.2,10.1,0.0,0.0,2.19,12.31,12.5,58,era5_archive
2010-12-21,17.0,5.6,10.6,0.0,0.0,2.55,12.42,17.8,53,era5_archive
2010-12-22,17.5,6.1,10.8,0.0,0.0,2.06,11.12,11.4,55,era5_archive
2010-12-23,17.7,6.9,11.1,0.0,0.0,2.15,12.61,14.4,59,era5_archive
2010-12-24,15.2,6.3,10.0,0.0,0.0,1.67,11.6,14.3,80,era5_archive
2010-12-25,16.8,4.8,10.0,0.0,0.0,1.84,12.08,8.2,70,era5_archive
2010-12-26,17.6,3.3,9.9,0.0,0.0,2.43,12.78,11.4,53,era5_archive
2010-12-27,18.2,3.9,10.4,0.0,0.0,2.96,12.89,16.9,47,era5_archive
2010-12-28,17.5,5.8,11.0,0.0,0.0,3.65,13.06,24.0,37,era5_archive
2010-12-29,16.9,5.5,10.8,0.0,0.0,3.61,12.19,21.4,29,era5_archive
2010-12-30,11.6,4.2,8.7,2.1,2.1,1.54,4.91,19.4,61,era5_archive
2010-12-31,12.6,3.2,7.7,1.6,1.6,1.21,8.65,13.8,82,era5_archive
2011-01-01,12.5,8.6,10.0,2.3,2.3,1.07,7.6,14.4,88,era5_archive
2011-01-02,14.0,5.3,9.4,0.0,0.0,1.32,7.71,10.2,79,era5_archive
2011-01-03,14.0,7.3,9.8,0.0,0.0,1.41,9.57,20.2,78,era5_archive
2011-01-04,12.4,6.3,8.9,4.4,4.4,1.15,8.36,12.3,88,era5_archive
2011-01-05,12.8,4.0,8.0,1.1,1.1,1.32,9.33,13.4,87,era5_archive
2011-01-06,13.5,4.2,8.4,0.0,0.0,1.61,11.51,11.0,83,era5_archive
2011-01-07,13.7,5.4,8.8,3.2,3.2,1.54,10.8,10.4,82,era5_archive
2011-01-08,10.0,4.3,6.5,3.9,3.9,1.06,8.83,16.2,89,era5_archive
2011-01-09,11.0,4.2,7.0,0.0,0.0,1.23,8.6,16.3,84,era5_archive
2011-01-10,11.8,2.6,7.2,0.0,0.0,1.12,7.44,11.8,85,era5_archive
2011-01-11,12.8,5.0,8.4,0.0,0.0,1.49,10.5,8.2,81,era5_archive
2011-01-12,13.5,3.2,7.8,0.0,0.0,2.1,12.9,18.8,70,era5_archive
2011-01-13,13.4,4.1,8.2,0.0,0.0,2.63,13.92,30.3,56,era5_archive
2011-01-14,13.3,3.3,7.5,0.0,0.0,2.09,14.08,12.2,59,era5_archive
2011-01-15,10.5,1.8,6.0,0.0,0.0,1.29,9.04,16.8,78,era5_archive
2011-01-16,12.4,4.1,7.9,0.6,0.6,1.38,9.81,14.4,83,era5_archive
2011-01-17,14.2,4.7,9.2,0.0,0.0,2.38,13.2,25.2,65,era5_archive
2011-01-18,13.4,4.0,9.0,0.0,0.0,2.02,9.95,17.7,61,era5_archive
2011-01-19,12.7,1.3,7.1,0.0,0.0,1.75,13.65,10.6,74,era5_archive
2011-01-20,13.3,2.6,7.8,0.0,0.0,1.96,11.95,10.7,62,era5_archive
2011-01-21,13.3,2.1,7.6,0.0,0.0,2.61,14.64,18.3,55,era5_archive
2011-01-22,14.2,3.2,8.0,0.0,0.0,2.48,14.03,21.8,57,era5_archive
2011-01-23,15.0,4.2,8.9,0.0,0.0,2.41,13.55,13.8,55,era5_archive
2011-01-24,14.9,4.8,9.2,0.0,0.0,2.33,13.88,19.5,57,era5_archive
2011-01-25,15.4,5.6,10.0,0.0,0.0,1.79,10.94,9.7,59,era5_archive
2011-01-26,12.6,3.3,8.1,0.3,0.3,1.45,10.11,19.7,82,era5_archive
2011-01-27,17.8,4.8,10.1,0.0,0.0,2.57,11.82,21.1,62,era5_archive
2011-01-28,14.9,4.3,9.1,0.2,0.2,2.14,13.73,14.0,71,era5_archive
2011-01-29,17.1,7.4,11.5,7.7,7.7,2.27,12.55,22.9,71,era5_archive
2011-01-30,11.7,7.8,9.5,20.9,20.9,1.13,8.01,19.4,88,era5_archive
2011-01-31,10.9,6.5,8.2,2.3,2.3,1.36,10.7,34.4,86,era5_archive
2011-02-01,10.6,4.8,7.1,0.1,0.1,1.6,12.24,21.9,81,era5_archive
2011-02-02,9.5,2.0,5.3,0.0,0.0,1.91,15.36,26.6,76,era5_archive
2011-02-03,10.8,-1.2,4.8,2.4,2.4,1.9,13.09,15.5,70,era5_archive
2011-02-04,10.7,6.2,8.4,20.8,20.8,0.48,2.3,17.0,91,era5_archive
2011-02-05,13.2,6.0,9.8,0.5,0.5,1.67,11.83,14.3,83,era5_archive
2011-02-06,13.1,2.6,7.5,0.2,0.2,1.97,14.93,14.7,82,era5_archive
2011-02-07,14.0,5.6,9.6,13.3,13.3,1.56,10.66,12.8,84,era5_archive
2011-02-08,13.2,5.7,9.6,6.6,6.6,1.79,11.64,13.5,79,era5_archive
2011-02-09,12.9,3.2,7.9,0.0,0.0,1.81,12.73,13.5,80,era5_archive
2011-02-10,12.1,3.9,7.4,4.7,4.7,1.73,13.91,15.9,87,era5_archive
2011-02-11,12.2,3.9,8.2,0.5,0.5,1.9,13.85,23.6,82,era5_archive
2011-02-12,12.0,1.4,6.4,0.0,0.0,2.18,16.78,17.0,75,era5_archive
2011-02-13,11.8,2.7,7.4,0.0,0.0,1.64,11.49,13.6,81,era5_archive
2011-02-14,13.0,2.5,8.1,0.0,0.0,1.87,13.42,12.2,81,era5_archive
2011-02-15,16.1,5.4,10.2,0.4,0.4,2.57,16.25,19.6,73,era5_archive
2011-02-16,13.0,5.7,8.9,3.3,3.3,1.88,12.86,29.8,76,era5_archive
2011-02-17,13.8,7.0,10.2,0.0,0.0,1.92,12.96,22.1,82,era5_archive
2011-02-18,16.3,3.3,9.9,0.0,0.0,2.78,17.86,13.2,75,era5_archive
2011-02-19,20.1,7.9,12.3,0.0,0.0,3.83,18.67,20.8,55,era5_archive
2011-02-20,12.0,3.9,8.4,7.2,7.2,1.83,11.47,34.7,76,era5_archive
2011-02-21,12.5,8.3,9.9,3.4,3.4,1.28,9.82,26.3,90,era5_archive
2011-02-22,16.0,7.0,10.8,0.0,0.0,2.65,17.23,10.8,75,era5_archive
2011-02-23,16.9,6.6,11.3,0.0,0.0,2.98,19.38,15.8,61,era5_archive
2011-02-24,18.5,4.7,11.4,0.0,0.0,3.11,19.54,12.4,60,era5_archive
2011-02-25,19.3,8.0,12.7,0.0,0.0,3.35,19.05,21.4,57,era5_archive
2011-02-26,12.0,5.6,8.8,0.1,0.1,1.76,11.3,31.2,77,era5_archive
2011-02-27,14.3,3.2,8.9,0.0,0.0,2.46,16.33,16.8,72,era5_archive
2011-02-28,12.9,4.0,8.1,0.9,0.9,2.37,17.31,24.2,73,era5_archive
2011-03-01,14.4,4.5,9.0,0.0,0.0,2.29,15.65,12.7,78,era5_archive
2011-03-02,16.6,3.2,9.8,0.0,0.0,2.9,19.22,12.2,77,era5_archive
2011-03-03,18.4,3.5,10.9,0.0,0.0,3.24,20.17,12.5,73,era5_archive
2011-03-04,18.7,6.5,11.9,0.0,0.0,3.33,20.44,11.7,68,era5_archive
2011-03-05,18.1,6.0,11.4,0.0,0.0,3.4,20.95,18.4,68,era5_archive
2011-03-06,21.3,6.7,13.9,0.3,0.3,3.6,19.21,17.9,61,era5_archive
2011-03-07,16.2,7.9,12.6,0.0,0.0,2.98,15.52,22.9,65,era5_archive
2011-03-08,13.5,5.7,9.4,1.3,1.3,2.37,16.48,25.0,79,era5_archive
2011-03-09,10.3,4.4,6.9,8.7,8.7,1.99,15.53,37.1,77,era5_archive
2011-03-10,8.1,3.7,5.4,10.8,10.8,1.29,11.94,28.0,86,era5_archive
2011-03-11,10.2,3.0,6.2,7.0,7.0,1.58,13.76,16.6,89,era5_archive
2011-03-12,12.5,1.8,7.1,0.1,0.1,2.55,18.21,13.3,79,era5_archive
2011-03-13,13.9,1.8,7.7,0.0,0.0,3.15,21.91,17.1,67,era5_archive
2011-03-14,14.9,1.6,8.2,0.0,0.0,3.23,22.82,13.2,69,era5_archive
2011-03-15,17.1,1.5,9.7,0.0,0.0,3.72,23.08,14.3,55,era5_archive
2011-03-16,18.4,2.5,10.4,0.0,0.0,4.38,23.45,15.7,39,era5_archive
2011-03-17,20.5,3.4,11.7,0.0,0.0,4.49,23.66,10.5,35,era5_archive
2011-03-18,22.6,5.6,13.7,0.0,0.0,4.84,22.77,17.6,30,era5_archive
2011-03-19,20.8,8.0,14.7,0.0,0.0,3.63,17.63,11.0,37,era5_archive
2011-03-20,24.3,10.4,16.6,0.0,0.0,3.98,18.43,13.7,47,era5_archive
2011-03-21,22.5,10.0,15.7,0.3,0.3,4.08,22.44,19.0,63,era5_archive
2011-03-22,15.6,8.8,11.4,0.0,0.0,2.89,18.08,25.3,77,era5_archive
2011-03-23,14.5,8.1,10.7,0.0,0.0,2.54,16.89,25.7,77,era5_archive
2011-03-24,11.6,5.1,8.6,11.8,11.8,1.7,12.82,19.5,86,era5_archive
2011-03-25,12.2,4.5,7.9,0.0,0.0,2.1,14.14,17.6,78,era5_archive
2011-03-26,15.9,3.4,9.7,0.0,0.0,3.54,23.78,11.6,70,era5_archive
2011-03-27,18.7,5.3,11.8,0.0,0.0,4.01,24.39,13.1,63,era5_archive
2011-03-28,15.9,4.2,9.8,0.0,0.0,3.32,22.78,19.5,75,era5_archive
2011-03-29,17.2,2.8,10.2,0.0,0.0,3.63,24.2,13.0,74,era5_archive
2011-03-30,21.0,3.7,13.1,0.0,0.0,4.23,24.74,9.0,65,era5_archive
2011-03-31,25.6,8.5,16.8,0.0,0.0,4.75,24.93,11.5,46,era5_archive
2011-04-01,27.6,10.4,18.9,0.0,0.0,5.5,24.69,16.1,38,era5_archive
2011-04-02,24.3,11.6,17.9,0.0,0.0,4.79,22.32,28.5,49,era5_archive
2011-04-03,20.6,10.5,15.0,2.5,2.5,3.99,21.96,16.6,60,era5_archive
2011-04-04,13.8,7.3,10.4,6.0,6.0,1.99,14.22,23.1,85,era5_archive
2011-04-05,14.8,7.1,10.4,1.1,1.1,2.6,17.79,19.5,79,era5_archive
2011-04-06,15.1,8.9,11.6,0.5,0.5,2.52,16.14,15.2,78,era5_archive
2011-04-07,17.6,6.0,11.8,0.3,0.3,3.63,22.8,13.9,76,era5_archive
2011-04-08,20.8,6.8,13.8,2.2,2.2,3.94,21.71,21.1,66,era5_archive
2011-04-09,17.1,6.4,11.8,0.0,0.0,2.89,17.95,22.7,76,era5_archive
2011-04-10,18.1,6.6,12.2,0.0,0.0,3.52,20.81,31.3,71,era5_archive
2011-04-11,20.0,6.2,13.2,0.0,0.0,4.44,24.98,29.6,63,era5_archive
2011-04-12,14.0,7.3,10.4,2.5,2.5,3.02,20.26,40.3,71,era5_archive
2011-04-13,16.6,4.5,10.6,0.0,0.0,4.02,26.31,18.8,62,era5_archive
2011-04-14,22.0,4.9,13.6,0.0,0.0,4.78,26.97,10.9,55,era5_archive
2011-04-15,22.3,7.1,15.0,0.0,0.0,5.14,27.33,19.7,52,era5_archive
2011-04-16,27.5,9.8,18.8,0.6,0.6,5.43,25.53,11.8,40,era5_archive
2011-04-17,30.2,13.7,21.5,0.0,0.0,6.91,26.12,23.2,30,era5_archive
2011-04-18,31.0,16.2,23.4,0.0,0.0,8.17,26.72,32.0,17,era5_archive
2011-04-19,22.2,11.1,17.2,0.0,0.0,5.05,20.44,25.7,48,era5_archive
2011-04-20,19.8,7.2,13.1,0.0,0.0,4.37,25.3,22.6,67,era5_archive
2011-04-21,18.0,7.4,12.5,0.0,0.0,4.07,23.4,16.5,64,era5_archive
2011-04-22,16.1,7.7,11.3,6.3,6.3,3.04,20.75,22.7,77,era5_archive
2011-04-23,16.5,6.7,11.6,0.1,0.1,2.62,15.23,13.7,75,era5_archive
2011-04-24,21.5,6.1,13.9,0.0,0.0,4.83,27.44,16.3,66,era5_archive
2011-04-25,19.4,6.1,12.4,0.0,0.0,4.42,26.87,22.3,70,era5_archive
2011-04-26,21.4,8.2,14.3,0.0,0.0,4.85,27.94,13.2,64,era5_archive
2011-04-27,27.5,8.7,18.6,0.0,0.0,5.88,27.77,14.0,47,era5_archive
2011-04-28,27.4,15.5,20.8,0.3,0.3,4.48,17.49,25.8,42,era5_archive
2011-04-29,23.2,13.3,17.0,7.5,7.5,4.1,21.79,16.9,70,era5_archive
2011-04-30,17.9,10.4,13.6,1.3,1.3,2.95,19.43,26.8,84,era5_archive
2011-05-01,18.9,10.8,14.4,0.0,0.0,3.55,20.56,25.4,75,era5_archive
2011-05-02,26.3,9.2,17.4,0.0,0.0,5.28,24.85,21.3,57,era5_archive
2011-05-03,23.0,8.9,16.2,0.0,0.0,5.03,27.94,22.1,64,era5_archive
2011-05-04,28.4,9.7,19.8,0.0,0.0,4.72,19.7,14.6,55,era5_archive
2011-05-05,29.2,15.3,22.9,0.1,0.1,6.27,27.63,19.5,41,era5_archive
2011-05-06,23.7,12.1,17.9,0.0,0.0,5.68,28.48,23.7,56,era5_archive
2011-05-07,20.8,11.0,15.4,0.0,0.0,4.45,24.03,24.0,68,era5_archive
2011-05-08,21.8,9.6,15.3,0.0,0.0,4.79,26.52,16.6,68,era5_archive
2011-05-09,24.7,9.8,17.0,0.0,0.0,5.15,26.53,15.0,63,era5_archive
2011-05-10,24.4,10.6,16.8,0.0,0.0,5.4,27.51,22.2,63,era5_archive
2011-05-11,24.1,8.3,16.5,0.0,0.0,5.6,28.94,18.8,53,era5_archive
2011-05-12,23.4,11.3,17.1,0.8,0.8,5.46,23.91,31.1,47,era5_archive
2011-05-13,18.8,8.1,13.4,1.6,1.6,4.14,24.92,25.2,67,era5_archive
2011-05-14,17.1,9.2,13.0,1.1,1.1,3.5,20.58,23.0,72,era5_archive
2011-05-15,20.8,8.2,14.4,0.0,0.0,4.65,26.31,13.7,67,era5_archive
2011-05-16,27.4,8.3,19.3,0.0,0.0,6.12,26.04,20.4,46,era5_archive
2011-05-17,30.3,18.5,24.2,0.1,0.1,9.05,26.41,32.7,26,era5_archive
2011-05-18,27.7,14.7,20.9,1.3,1.3,5.58,24.03,17.7,47,era5_archive
2011-05-19,26.6,12.7,19.6,0.0,0.0,6.0,29.02,22.2,61,era5_archive
2011-05-20,30.9,12.4,22.0,0.0,0.0,6.85,27.57,18.5,41,era5_archive
2011-05-21,26.3,12.3,19.4,0.0,0.0,6.47,29.66,23.7,49,era5_archive
2011-05-22,27.6,11.3,19.3,0.0,0.0,6.37,29.58,19.9,43,era5_archive
2011-05-23,27.7,12.0,20.0,0.0,0.0,6.45,29.76,18.8,49,era5_archive
2011-05-24,29.4,12.1,20.8,0.0,0.0,6.59,29.33,19.6,51,era5_archive
2011-05-25,29.1,13.0,21.1,0.0,0.0,6.83,29.34,24.2,52,era5_archive
2011-05-26,29.0,13.8,21.8,0.0,0.0,6.57,26.15,28.0,47,era5_archive
2011-05-27,32.6,16.3,25.0,0.0,0.0,7.39,27.86,18.8,36,era5_archive
2011-05-28,28.4,19.0,22.4,1.6,1.6,4.17,14.64,18.4,50,era5_archive
2011-05-29,26.3,15.3,20.6,0.0,0.0,5.73,26.87,21.0,63,era5_archive
2011-05-30,27.1,12.6,19.8,0.0,0.0,5.96,29.27,15.5,60,era5_archive
2011-05-31,30.3,13.5,21.7,0.0,0.0,6.61,28.68,23.5,53,era5_archive
2011-06-01,26.2,15.0,19.8,0.0,0.0,6.15,28.69,27.7,60,era5_archive
2011-06-02,26.2,13.0,19.0,0.0,0.0,5.8,28.53,23.8,65,era5_archive
2011-06-03,29.2,12.8,20.5,0.0,0.0,6.25,29.01,18.5,62,era5_archive
2011-06-04,31.0,13.4,22.0,0.0,0.0,6.67,29.65,18.7,56,era5_archive
2011-06-05,29.4,14.2,21.6,0.0,0.0,6.55,28.67,23.2,60,era5_archive
2011-06-06,29.3,14.4,21.3,0.0,0.0,6.21,28.53,18.9,62,era5_archive
2011-06-07,32.2,14.4,23.6,0.0,0.0,6.9,29.31,17.3,54,era5_archive
2011-06-08,30.4,15.6,23.0,0.0,0.0,7.0,29.13,26.7,57,era5_archive
2011-06-09,31.8,15.8,23.8,0.0,0.0,7.56,29.1,30.0,53,era5_archive
2011-06-10,32.5,17.0,25.1,0.0,0.0,7.67,29.35,27.9,45,era5_archive
2011-06-11,28.4,16.3,22.6,0.0,0.0,7.14,29.61,30.3,48,era5_archive
2011-06-12,27.3,16.0,21.1,0.0,0.0,6.08,27.3,26.5,62,era5_archive
2011-06-13,25.0,15.0,19.7,0.0,0.0,4.91,22.11,24.9,68,era5_archive
2011-06-14,24.3,15.3,19.6,0.0,0.0,4.53,21.82,20.0,67,era5_archive
2011-06-15,29.8,14.2,21.6,0.0,0.0,6.2,29.64,14.0,59,era5_archive
2011-06-16,31.0,15.8,22.6,0.0,0.0,6.62,28.69,21.0,58,era5_archive
2011-06-17,29.8,15.3,21.7,0.0,0.0,6.67,28.98,23.3,56,era5_archive
2011-06-18,27.8,14.3,20.5,0.0,0.0,6.34,29.59,22.0,60,era5_archive
2011-06-19,29.0,12.8,20.6,0.0,0.0,6.35,29.24,20.8,60,era5_archive
2011-06-20,30.5,13.7,21.7,0.0,0.0,6.45,29.14,20.9,61,era5_archive
2011-06-21,32.8,15.0,23.8,0.0,0.0,7.07,30.06,21.3,55,era5_archive
2011-06-22,32.5,15.4,24.0,0.0,0.0,7.13,29.99,23.6,56,era5_archive
2011-06-23,32.0,15.7,24.1,0.0,0.0,7.39,29.82,26.8,55,era5_archive
2011-06-24,32.2,16.6,23.9,0.0,0.0,6.99,28.38,23.1,55,era5_archive
2011-06-25,32.2,15.7,23.8,0.0,0.0,7.06,28.81,23.5,53,era5_archive
2011-06-26,30.6,15.0,22.9,0.0,0.0,6.96,29.85,22.8,55,era5_archive
2011-06-27,29.7,14.8,22.3,0.0,0.0,6.71,29.85,23.0,60,era5_archive
2011-06-28,28.7,15.1,21.7,0.0,0.0,6.33,28.87,21.8,64,era5_archive
2011-06-29,27.6,16.6,21.1,0.0,0.0,6.05,27.91,22.6,65,era5_archive
2011-06-30,27.5,14.5,20.3,0.0,0.0,6.4,29.73,26.3,59,era5_archive
2011-07-01,29.0,15.4,21.3,0.0,0.0,6.35,28.68,21.7,60,era5_archive
2011-07-02,29.5,12.7,21.3,0.0,0.0,6.69,29.66,21.1,56,era5_archive
2011-07-03,31.3,13.8,22.5,0.0,0.0,7.05,29.7,22.8,56,era5_archive
2011-07-04,31.0,16.0,22.8,0.0,0.0,7.05,29.14,24.7,56,era5_archive
2011-07-05,30.5,13.4,21.9,0.0,0.0,7.05,30.37,21.0,50,era5_archive
2011-07-06,32.8,13.4,23.4,0.0,0.0,7.1,29.58,19.8,51,era5_archive
2011-07-07,33.2,16.1,24.7,0.0,0.0,7.41,29.23,21.2,47,era5_archive
2011-07-08,36.7,17.1,27.0,0.0,0.0,7.6,28.76,19.5,43,era5_archive
2011-07-09,38.9,19.5,29.2,0.0,0.0,7.63,27.4,20.3,45,era5_archive
2011-07-10,35.6,19.6,27.6,0.0,0.0,7.9,28.92,24.0,46,era5_archive
2011-07-11,34.7,17.4,26.4,0.0,0.0,8.32,30.29,22.6,38,era5_archive
2011-07-12,33.6,17.0,25.5,0.0,0.0,7.52,29.54,20.7,47,era5_archive
2011-07-13,34.0,17.2,25.7,0.0,0.0,7.32,29.42,19.0,45,era5_archive
2011-07-14,33.9,17.0,25.8,0.0,0.0,7.63,29.7,21.1,42,era5_archive
2011-07-15,33.4,16.0,25.1,0.0,0.0,7.66,29.51,25.0,47,era5_archive
2011-07-16,31.8,17.1,24.3,0.0,0.0,7.12,28.57,27.8,57,era5_archive
2011-07-17,31.5,18.5,24.6,0.0,0.0,6.9,27.24,30.1,59,era5_archive
2011-07-18,32.3,18.5,25.0,0.0,0.0,6.77,27.11,25.4,60,era5_archive
2011-07-19,33.9,18.0,25.8,0.0,0.0,7.28,28.36,25.6,56,era5_archive
2011-07-20,33.4,17.7,25.6,0.0,0.0,7.38,28.47,24.9,54,era5_archive
2011-07-21,34.3,17.9,26.3,0.0,0.0,7.77,28.7,25.7,48,era5_archive
2011-07-22,34.8,18.1,26.5,0.0,0.0,7.73,28.8,24.4,46,era5_archive
2011-07-23,30.8,17.9,23.8,0.0,0.0,6.68,28.3,24.3,62,era5_archive
2011-07-24,32.6,18.7,24.9,0.0,0.0,6.34,26.35,23.7,63,era5_archive
2011-07-25,36.6,20.1,28.1,0.0,0.0,7.39,28.51,20.9,49,era5_archive
2011-07-26,37.2,18.7,28.5,0.0,0.0,7.69,29.01,19.2,40,era5_archive
2011-07-27,35.4,17.6,26.5,0.0,0.0,7.85,28.87,24.2,46,era5_archive
2011-07-28,34.3,18.0,25.8,0.0,0.0,7.28,28.33,24.4,55,era5_archive
2011-07-29,37.3,17.5,27.6,0.0,0.0,7.17,28.96,13.6,42,era5_archive
2011-07-30,39.5,21.0,30.0,0.0,0.0,7.66,27.9,18.2,39,era5_archive
2011-07-31,38.1,21.0,29.3,0.0,0.0,7.85,27.57,21.9,47,era5_archive
2011-08-01,35.4,20.8,27.7,0.0,0.0,7.33,26.36,23.5,51,era5_archive
2011-08-02,34.6,19.4,26.5,0.0,0.0,7.57,27.85,24.1,50,era5_archive
2011-08-03,33.3,19.3,25.4,0.0,0.0,7.35,27.51,25.6,52,era5_archive
2011-08-04,32.9,16.6,24.6,0.0,0.0,7.0,28.41,20.6,55,era5_archive
2011-08-05,32.3,16.2,24.1,0.0,0.0,6.69,28.06,20.5,60,era5_archive
2011-08-06,32.2,17.4,24.3,0.0,0.0,6.62,27.38,25.6,64,era5_archive
2011-08-07,32.6,18.2,25.0,0.0,0.0,6.79,27.29,23.7,60,era5_archive
2011-08-08,33.1,17.1,24.8,0.0,0.0,6.69,27.24,23.2,61,era5_archive
2011-08-09,32.4,19.3,24.8,0.0,0.0,6.36,26.6,25.3,67,era5_archive
2011-08-10,32.4,19.2,25.0,0.0,0.0,6.47,26.2,25.8,65,era5_archive
2011-08-11,32.7,17.6,24.8,0.0,0.0,6.77,27.62,23.2,60,era5_archive
2011-08-12,31.7,17.4,24.1,0.0,0.0,6.49,26.89,23.8,64,era5_archive
2011-08-13,29.7,17.0,22.9,0.0,0.0,5.89,25.66,20.7,65,era5_archive
2011-08-14,30.5,16.1,23.0,0.0,0.0,5.88,26.51,19.6,66,era5_archive
2011-08-15,32.0,17.6,24.2,0.0,0.0,6.08,26.45,18.5,65,era5_archive
2011-08-16,31.0,18.1,23.7,0.0,0.0,6.15,26.72,21.7,65,era5_archive
2011-08-17,31.4,16.7,23.3,0.0,0.0,6.22,26.72,23.2,65,era5_archive
2011-08-18,31.4,16.7,23.4,0.0,0.0,6.15,26.43,23.8,65,era5_archive
2011-08-19,31.0,16.0,23.3,0.0,0.0,5.98,25.61,23.2,65,era5_archive
2011-08-20,33.3,16.7,24.8,0.0,0.0,6.48,26.8,19.5,59,era5_archive
2011-08-21,33.0,18.0,25.0,0.0,0.0,6.29,25.51,21.2,60,era5_archive
2011-08-22,33.9,17.8,25.7,0.0,0.0,6.26,25.45,18.7,57,era5_archive
2011-08-23,34.2,18.3,25.6,0.0,0.0,6.5,26.55,18.5,55,era5_archive
2011-08-24,33.8,18.0,25.0,0.0,0.0,6.39,25.84,20.6,59,era5_archive
2011-08-25,32.2,16.8,24.1,0.0,0.0,6.4,25.92,22.1,59,era5_archive
2011-08-26,32.7,16.8,24.3,0.0,0.0,6.12,25.74,17.3,58,era5_archive
2011-08-27,33.6,17.6,25.0,0.0,0.0,6.33,26.14,18.9,58,era5_archive
2011-08-28,31.9,16.5,23.7,0.0,0.0,6.06,25.5,18.9,63,era5_archive
2011-08-29,30.0,16.5,22.7,0.0,0.0,5.62,24.79,18.3,65,era5_archive
2011-08-30,29.4,16.0,22.3,0.0,0.0,5.83,25.85,21.4,64,era5_archive
2011-08-31,28.8,17.2,22.2,0.0,0.0,5.37,23.85,22.7,68,era5_archive
2011-09-01,29.8,18.4,22.9,0.0,0.0,5.48,23.43,24.9,68,era5_archive
2011-09-02,29.2,16.1,22.1,0.0,0.0,5.48,24.24,21.5,66,era5_archive
2011-09-03,30.6,16.4,22.9,0.0,0.0,5.51,24.67,15.8,62,era5_archive
2011-09-04,32.4,15.5,24.1,0.0,0.0,5.52,20.64,25.0,56,era5_archive
2011-09-05,30.9,18.7,24.1,0.4,0.4,5.21,21.62,25.1,69,era5_archive
2011-09-06,31.7,19.6,24.9,0.2,0.2,5.15,19.98,21.1,66,era5_archive
2011-09-07,31.7,17.4,24.1,0.0,0.0,5.45,22.5,19.1,60,era5_archive
2011-09-08,31.0,15.9,23.1,0.0,0.0,5.65,24.31,17.4,60,era5_archive
2011-09-09,29.4,15.9,22.2,0.0,0.0,5.35,23.71,19.2,66,era5_archive
2011-09-10,29.4,16.3,22.5,0.0,0.0,5.19,23.27,16.8,66,era5_archive
2011-09-11,32.2,17.0,23.9,0.0,0.0,5.45,23.08,19.1,64,era5_archive
2011-09-12,31.6,17.6,23.8,0.0,0.0,5.65,23.01,24.6,65,era5_archive
2011-09-13,31.6,17.6,23.7,0.0,0.0,5.82,23.04,23.0,60,era5_archive
2011-09-14,31.0,15.9,22.8,0.0,0.0,5.59,23.63,18.3,58,era5_archive
2011-09-15,31.1,14.6,22.3,0.0,0.0,5.56,23.88,16.6,54,era5_archive
2011-09-16,32.6,14.8,23.1,0.0,0.0,5.46,23.76,15.1,54,era5_archive
2011-09-17,32.7,16.8,24.0,0.0,0.0,5.64,22.94,18.9,53,era5_archive
2011-09-18,33.0,16.7,24.8,0.0,0.0,5.7,22.98,16.6,43,era5_archive
2011-09-19,31.0,17.3,23.6,0.0,0.0,5.66,22.11,24.9,55,era5_archive
2011-09-20,29.0,15.0,21.6,0.0,0.0,4.93,22.2,17.9,67,era5_archive
2011-09-21,31.2,15.3,23.3,0.0,0.0,4.99,22.41,13.5,61,era5_archive
2011-09-22,31.0,17.7,23.4,0.0,0.0,4.93,20.77,18.4,63,era5_archive
2011-09-23,27.4,15.7,20.9,0.0,0.0,4.18,18.49,23.4,70,era5_archive
2011-09-24,25.6,15.7,20.3,0.0,0.0,3.75,17.01,19.5,72,era5_archive
2011-09-25,26.3,16.0,20.8,0.1,0.1,3.83,18.1,15.8,70,era5_archive
2011-09-26,28.3,16.6,21.9,0.0,0.0,4.16,18.69,14.1,65,era5_archive
2011-09-27,30.1,15.5,22.7,0.0,0.0,4.66,19.63,16.5,63,era5_archive
2011-09-28,30.3,15.6,22.9,0.0,0.0,4.34,19.7,11.4,62,era5_archive
2011-09-29,29.4,17.9,22.6,0.0,0.0,4.64,19.98,18.6,68,era5_archive
2011-09-30,25.9,14.9,20.0,1.5,1.5,4.23,18.87,23.9,71,era5_archive
2011-10-01,25.0,14.5,19.4,0.0,0.0,3.88,18.06,20.5,69,era5_archive
2011-10-02,26.6,12.5,19.8,0.0,0.0,4.39,21.19,11.9,56,era5_archive
2011-10-03,26.7,14.1,20.3,0.0,0.0,4.39,20.71,15.4,54,era5_archive
2011-10-04,27.5,13.7,20.4,0.0,0.0,4.37,20.56,14.2,60,era5_archive
2011-10-05,27.7,13.3,19.9,0.0,0.0,4.43,19.71,17.9,65,era5_archive
2011-10-06,26.2,14.5,19.5,0.0,0.0,4.23,19.65,20.3,70,era5_archive
2011-10-07,25.7,13.2,18.9,0.0,0.0,4.15,19.57,20.9,70,era5_archive
2011-10-08,26.1,12.8,19.1,0.0,0.0,4.09,19.41,19.8,69,era5_archive
2011-10-09,29.7,15.8,22.3,0.0,0.0,4.29,19.73,9.2,47,era5_archive
2011-10-10,32.2,15.6,23.8,0.0,0.0,6.01,19.61,21.4,30,era5_archive
2011-10-11,33.3,19.2,25.1,0.0,0.0,6.34,19.53,17.9,36,era5_archive
2011-10-12,24.7,16.2,19.7,0.0,0.0,3.34,14.28,18.7,74,era5_archive
2011-10-13,23.4,11.9,17.6,0.0,0.0,3.59,18.38,13.4,66,era5_archive
2011-10-14,26.3,11.9,19.0,0.0,0.0,3.83,18.99,10.6,56,era5_archive
2011-10-15,26.9,13.6,19.5,0.0,0.0,3.92,18.57,15.0,63,era5_archive
2011-10-16,24.6,12.7,18.2,0.0,0.0,3.65,17.96,16.5,70,era5_archive
2011-10-17,24.7,12.5,18.1,0.0,0.0,3.58,17.62,13.6,70,era5_archive
2011-10-18,26.3,13.1,19.1,0.0,0.0,3.87,17.72,16.4,62,era5_archive
2011-10-19,22.3,11.4,16.7,0.0,0.0,3.75,17.83,25.6,64,era5_archive
2011-10-20,22.5,8.3,15.2,0.0,0.0,3.35,19.0,8.8,49,era5_archive
2011-10-21,24.7,9.3,16.9,0.0,0.0,4.65,18.32,19.2,33,era5_archive
2011-10-22,26.1,12.3,19.0,0.0,0.0,4.83,18.1,17.0,27,era5_archive
2011-10-23,25.6,11.6,18.4,0.0,0.0,3.71,17.28,10.6,47,era5_archive
2011-10-24,25.4,11.7,18.4,0.0,0.0,3.47,16.76,15.5,64,era5_archive
2011-10-25,22.4,11.6,16.6,0.0,0.0,3.13,15.39,19.2,72,era5_archive
2011-10-26,22.0,12.6,16.7,0.0,0.0,3.16,15.52,17.1,68,era5_archive
2011-10-27,22.2,11.8,16.6,0.0,0.0,3.0,15.54,14.7,68,era5_archive
2011-10-28,22.6,10.0,16.2,0.0,0.0,3.32,15.52,17.7,64,era5_archive
2011-10-29,20.2,9.2,14.5,0.0,0.0,3.17,16.03,15.6,63,era5_archive
2011-10-30,19.1,8.4,13.5,0.0,0.0,2.62,13.32,16.5,64,era5_archive
2011-10-31,19.5,8.4,13.6,0.0,0.0,3.25,16.43,17.0,59,era5_archive
2011-11-01,19.7,7.1,13.7,0.0,0.0,2.7,16.62,5.5,46,era5_archive
2011-11-02,20.4,6.5,14.0,0.0,0.0,3.31,16.55,12.0,36,era5_archive
2011-11-03,18.9,8.8,13.1,5.7,5.7,2.16,12.02,21.7,74,era5_archive
2011-11-04,17.1,9.1,12.7,4.0,4.0,1.88,11.98,23.3,85,era5_archive
2011-11-05,15.1,5.5,10.1,1.7,1.7,1.89,12.47,20.5,83,era5_archive
2011-11-06,16.6,6.8,11.1,0.0,0.0,2.38,14.32,24.0,77,era5_archive
2011-11-07,17.3,5.6,10.9,0.0,0.0,2.53,15.9,19.6,75,era5_archive
2011-11-08,17.3,7.7,11.8,0.0,0.0,2.25,15.09,4.8,72,era5_archive
2011-11-09,16.5,4.6,10.3,0.0,0.0,2.82,15.99,13.9,54,era5_archive
2011-11-10,18.1,6.9,11.8,0.0,0.0,3.12,14.98,17.7,34,era5_archive
2011-11-11,21.0,9.5,14.3,0.0,0.0,2.89,15.47,10.2,36,era5_archive
2011-11-12,21.3,9.8,14.4,0.0,0.0,2.88,14.75,13.6,51,era5_archive
2011-11-13,17.9,8.2,12.3,0.0,0.0,3.38,15.16,22.2,43,era5_archive
2011-11-14,17.9,5.5,11.8,0.0,0.0,2.68,13.27,13.0,49,era5_archive
2011-11-15,16.1,7.0,11.1,0.2,0.2,2.49,13.58,23.5,64,era5_archive
2011-11-16,14.1,4.7,9.6,0.0,0.0,1.87,9.59,24.9,67,era5_archive
2011-11-17,15.1,9.7,11.7,1.9,1.9,1.45,9.24,11.9,83,era5_archive
2011-11-18,15.3,8.6,11.0,7.6,7.6,1.62,10.56,12.0,86,era5_archive
2011-11-19,12.8,7.1,9.5,8.4,8.4,1.25,8.95,14.3,88,era5_archive
2011-11-20,13.5,7.1,9.4,0.0,0.0,1.72,12.07,17.0,82,era5_archive
2011-11-21,13.8,6.3,9.2,0.0,0.0,1.8,12.18,13.4,80,era5_archive
2011-11-22,15.3,3.7,9.4,0.0,0.0,1.98,14.08,4.4,69,era5_archive
2011-11-23,15.4,5.9,10.4,0.0,0.0,2.14,14.21,7.8,60,era5_archive
2011-11-24,14.5,5.0,9.2,0.0,0.0,1.6,10.32,15.5,81,era5_archive
2011-11-25,13.1,4.1,8.3,0.0,0.0,1.62,10.19,14.8,76,era5_archive
2011-11-26,11.3,1.0,5.9,0.0,0.0,1.83,14.34,6.9,55,era5_archive
2011-11-27,12.1,2.9,6.9,0.0,0.0,1.8,13.41,6.2,60,era5_archive
2011-11-28,13.1,2.4,7.0,0.0,0.0,1.93,14.07,6.2,50,era5_archive
2011-11-29,13.1,0.6,7.0,0.0,0.0,1.87,13.74,5.4,52,era5_archive
2011-11-30,12.8,0.9,6.5,0.0,0.0,1.64,10.38,8.2,59,era5_archive
2011-12-01,14.2,2.2,7.6,0.0,0.0,1.93,13.54,9.5,58,era5_archive
2011-12-02,13.6,1.0,6.7,0.0,0.0,2.37,13.76,14.3,49,era5_archive
2011-12-03,15.0,2.2,7.2,0.0,0.0,2.2,13.68,8.1,42,era5_archive
2011-12-04,14.6,-0.5,6.5,0.0,0.0,2.4,13.91,10.0,41,era5_archive
2011-12-05,14.5,1.2,6.7,0.0,0.0,2.7,13.36,13.5,35,era5_archive
2011-12-06,14.9,-0.2,6.8,0.0,0.0,2.33,13.74,10.3,35,era5_archive
2011-12-07,14.8,1.9,7.3,0.0,0.0,2.01,13.44,7.4,47,era5_archive
2011-12-08,14.3,0.9,7.2,1.2,1.2,2.03,11.31,23.9,58,era5_archive
2011-12-09,13.9,6.4,9.6,0.4,0.4,1.71,9.54,28.8,81,era5_archive
2011-12-10,12.4,3.9,7.7,0.0,0.0,2.02,12.83,22.7,66,era5_archive
2011-12-11,12.9,0.2,6.2,0.0,0.0,2.05,13.03,14.2,63,era5_archive
2011-12-12,13.5,0.4,6.2,0.0,0.0,2.25,13.13,14.8,52,era5_archive
2011-12-13,15.2,1.4,7.9,0.0,0.0,2.31,12.08,13.0,47,era5_archive
2011-12-14,15.4,6.9,10.3,0.0,0.0,1.61,8.55,7.4,46,era5_archive
2011-12-15,15.3,2.4,8.7,0.0,0.0,2.13,12.81,17.6,64,era5_archive
2011-12-16,13.5,3.4,7.7,0.0,0.0,1.67,11.53,13.6,78,era5_archive
2011-12-17,15.1,3.5,9.0,0.0,0.0,1.71,11.19,14.0,76,era5_archive
2011-12-18,16.2,2.6,9.2,0.0,0.0,2.49,12.7,18.3,62,era5_archive
2011-12-19,17.8,4.7,10.7,0.0,0.0,3.48,12.68,23.7,39,era5_archive
2011-12-20,17.9,8.0,12.2,0.0,0.0,3.85,12.51,24.2,36,era5_archive
2011-12-21,16.3,8.5,11.7,0.0,0.0,1.97,9.63,13.6,56,era5_archive
2011-12-22,16.6,6.6,10.7,0.0,0.0,1.77,11.08,10.9,80,era5_archive
2011-12-23,15.0,4.6,9.1,0.0,0.0,1.7,10.44,14.5,75,era5_archive
2011-12-24,13.1,4.0,8.3,0.0,0.0,2.28,12.1,26.8,63,era5_archive
2011-12-25,10.0,6.8,8.1,5.5,5.5,0.89,5.71,25.6,86,era5_archive
2011-12-26,11.2,5.8,8.2,0.8,0.8,1.32,8.48,21.5,79,era5_archive
2011-12-27,11.8,-0.3,5.8,0.0,0.0,1.6,12.72,6.0,76,era5_archive
2011-12-28,12.5,0.0,5.6,0.0,0.0,1.79,13.04,8.9,68,era5_archive
2011-12-29,12.9,0.0,5.9,0.0,0.0,2.06,13.13,16.6,63,era5_archive
2011-12-30,12.0,2.9,7.2,0.0,0.0,1.83,7.35,18.7,58,era5_archive
2011-12-31,13.0,2.1,7.8,0.0,0.0,1.35,9.37,14.8,81,era5_archive
2012-01-01,12.5,2.0,7.3,0.2,0.2,1.87,11.3,24.7,75,era5_archive
2012-01-02,10.4,6.0,8.1,2.3,2.3,1.06,7.75,15.7,85,era5_archive
2012-01-03,12.4,5.0,7.8,0.0,0.0,1.3,8.83,11.0,85,era5_archive
2012-01-04,13.1,0.9,6.8,0.0,0.0,1.89,13.13,10.6,74,era5_archive
2012-01-05,13.5,2.9,7.5,0.2,0.2,1.91,12.55,19.6,67,era5_archive
2012-01-06,10.2,3.3,6.8,1.6,1.6,0.93,6.37,19.4,87,era5_archive
2012-01-07,13.6,-0.0,6.5,0.0,0.0,2.32,13.49,23.6,67,era5_archive
2012-01-08,12.0,1.6,6.8,0.0,0.0,2.07,12.48,25.8,62,era5_archive
2012-01-09,11.3,3.2,7.1,0.0,0.0,1.6,9.02,22.3,69,era5_archive
2012-01-10,13.3,1.4,7.0,0.0,0.0,2.34,13.67,22.6,63,era5_archive
2012-01-11,11.1,0.3,5.8,0.9,0.9,1.66,11.14,24.2,72,era5_archive
2012-01-12,9.7,2.9,6.2,0.0,0.0,1.38,9.68,18.8,76,era5_archive
2012-01-13,7.9,0.7,4.3,0.7,0.7,1.07,7.95,28.8,80,era5_archive
2012-01-14,9.1,4.7,6.6,0.5,0.5,0.95,6.61,18.3,87,era5_archive
2012-01-15,12.6,3.0,7.5,0.0,0.0,1.87,13.5,14.7,70,era5_archive
2012-01-16,11.5,0.7,6.2,0.0,0.0,1.77,12.52,19.7,70,era5_archive
2012-01-17,10.6,1.3,5.8,0.2,0.2,1.32,9.23,20.0,77,era5_archive
2012-01-18,11.1,3.3,6.5,0.2,0.2,1.54,11.44,15.0,83,era5_archive
2012-01-19,8.8,1.6,4.5,0.0,0.0,1.42,11.47,26.3,82,era5_archive
2012-01-20,8.3,0.2,3.4,0.0,0.0,1.69,13.34,29.1,72,era5_archive
2012-01-21,9.8,-2.2,3.5,0.0,0.0,1.5,11.79,12.5,74,era5_archive
2012-01-22,9.0,-0.1,3.5,4.5,4.5,1.13,9.09,26.4,84,era5_archive
2012-01-23,10.3,3.0,6.1,0.0,0.0,1.21,9.2,20.4,86,era5_archive
2012-01-24,12.0,3.4,7.3,0.3,0.3,1.44,10.37,10.9,81,era5_archive
2012-01-25,13.8,6.4,9.0,2.7,2.7,1.34,7.98,16.3,79,era5_archive
2012-01-26,13.4,4.2,8.5,0.0,0.0,1.84,12.33,20.1,73,era5_archive
2012-01-27,9.1,4.9,6.8,9.7,9.7,0.93,7.32,35.2,86,era5_archive
2012-01-28,9.6,3.9,6.5,5.8,5.8,1.01,9.03,24.4,89,era5_archive
2012-01-29,11.0,3.0,6.5,0.0,0.0,1.54,11.17,9.4,80,era5_archive
2012-01-30,8.8,2.5,5.8,8.2,8.2,0.89,5.2,22.8,82,era5_archive
2012-01-31,12.6,5.4,8.6,2.3,2.3,1.84,13.3,25.4,80,era5_archive
2012-02-01,7.2,4.7,6.1,16.2,16.2,0.47,3.28,17.6,94,era5_archive
2012-02-02,9.2,3.4,6.0,0.0,0.0,1.4,10.37,22.7,81,era5_archive
2012-02-03,11.8,-1.9,5.2,0.0,0.0,2.01,15.53,13.0,74,era5_archive
2012-02-04,12.6,2.1,6.7,0.0,0.0,2.43,16.64,18.3,64,era5_archive
2012-02-05,12.5,-0.1,5.8,0.0,0.0,2.54,16.98,16.9,60,era5_archive
2012-02-06,13.7,2.5,7.8,0.0,0.0,2.85,14.5,25.1,50,era5_archive
2012-02-07,13.8,7.0,9.8,0.0,0.0,2.16,8.54,23.4,60,era5_archive
2012-02-08,10.4,3.3,6.5,0.0,0.0,1.88,14.71,23.3,75,era5_archive
2012-02-09,11.4,-0.2,5.6,0.0,0.0,2.11,15.55,22.0,72,era5_archive
2012-02-10,9.7,4.3,6.4,6.1,6.1,1.35,11.32,24.2,83,era5_archive
2012-02-11,12.7,2.9,7.5,0.1,0.1,2.18,16.45,12.2,77,era5_archive
2012-02-12,13.6,3.2,8.3,0.0,0.0,2.95,13.6,29.6,54,era5_archive
2012-02-13,16.7,4.0,9.5,0.0,0.0,3.06,17.25,20.1,55,era5_archive
2012-02-14,16.1,4.1,9.7,0.0,0.0,2.3,14.26,9.1,65,era5_archive
2012-02-15,15.2,7.3,10.9,0.0,0.0,1.91,10.08,12.3,66,era5_archive
2012-02-16,10.0,5.5,7.0,11.8,11.8,1.31,11.73,26.3,87,era5_archive
2012-02-17,11.1,4.5,6.8,10.7,10.7,1.8,13.34,43.0,81,era5_archive
2012-02-18,6.3,2.2,3.8,11.4,10.6,1.35,13.78,35.6,84,era5_archive
2012-02-19,8.2,1.7,4.4,7.1,7.1,1.13,11.44,25.5,88,era5_archive
2012-02-20,10.1,-2.0,3.7,0.0,0.0,2.37,18.59,10.7,73,era5_archive
2012-02-21,10.6,-0.3,5.0,0.0,0.0,2.8,19.21,21.1,51,era5_archive
2012-02-22,12.6,-1.5,5.5,0.0,0.0,2.93,19.36,16.7,53,era5_archive
2012-02-23,13.7,4.9,8.5,0.0,0.0,2.68,14.87,16.7,47,era5_archive
2012-02-24,13.6,4.4,8.2,1.1,1.1,1.91,12.21,12.6,62,era5_archive
2012-02-25,12.0,3.5,7.0,0.0,0.0,2.26,16.88,23.8,78,era5_archive
2012-02-26,12.1,3.4,7.7,0.0,0.0,1.68,11.8,13.7,81,era5_archive
2012-02-27,14.7,2.1,8.7,0.0,0.0,2.42,16.61,16.7,77,era5_archive
2012-02-28,17.1,1.6,8.8,1.6,1.6,3.08,17.63,35.0,67,era5_archive
2012-02-29,9.0,1.7,5.2,17.0,14.2,0.99,8.68,42.1,89,era5_archive
2012-03-01,4.4,1.4,2.8,28.0,21.3,0.42,4.04,29.5,95,era5_archive
2012-03-02,5.6,0.4,2.6,12.2,7.9,1.19,14.38,24.2,90,era5_archive
2012-03-03,8.2,0.1,4.5,0.8,0.8,1.58,14.56,30.7,84,era5_archive
2012-03-04,10.7,5.6,7.4,1.9,1.9,1.27,10.67,37.9,88,era5_archive
2012-03-05,13.1,3.8,7.7,0.0,0.0,2.61,19.2,9.4,76,era5_archive
2012-03-06,15.5,2.3,8.4,0.0,0.0,3.02,20.94,17.2,73,era5_archive
2012-03-07,16.0,1.6,9.2,0.0,0.0,3.16,20.89,6.6,70,era5_archive
2012-03-08,17.1,2.5,9.8,0.0,0.0,3.31,21.47,10.5,69,era5_archive
2012-03-09,18.3,1.9,10.6,0.0,0.0,3.5,22.01,12.3,66,era5_archive
2012-03-10,19.7,5.5,12.4,0.0,0.0,3.56,21.64,6.4,57,era5_archive
2012-03-11,20.8,8.4,14.1,0.0,0.0,3.55,15.45,23.2,50,era5_archive
2012-03-12,17.6,8.7,14.2,0.0,0.0,4.47,19.64,34.3,51,era5_archive
2012-03-13,18.9,8.1,12.6,0.0,0.0,3.68,22.01,15.4,60,era5_archive
2012-03-14,13.8,5.1,9.1,0.4,0.4,2.7,17.47,31.7,75,era5_archive
2012-03-15,11.6,6.2,8.1,7.1,7.1,1.6,13.65,31.0,87,era5_archive
2012-03-16,10.4,2.9,7.0,17.6,17.6,1.32,11.78,32.3,89,era5_archive
2012-03-17,8.9,-0.7,4.0,0.0,0.0,2.72,23.49,26.8,66,era5_archive
2012-03-18,13.0,-3.2,4.9,0.0,0.0,3.32,24.18,12.4,58,era5_archive
2012-03-19,15.0,-0.7,6.7,0.0,0.0,3.95,24.27,18.4,40,era5_archive
2012-03-20,16.8,-0.5,8.9,0.0,0.0,3.87,24.47,9.8,40,era5_archive
2012-03-21,18.8,3.4,10.9,0.0,0.0,4.18,24.52,12.5,45,era5_archive
2012-03-22,17.4,3.2,10.3,0.0,0.0,3.88,24.39,16.3,61,era5_archive
2012-03-23,18.4,2.1,10.7,0.0,0.0,3.91,23.86,9.1,63,era5_archive
2012-03-24,21.0,6.4,13.0,0.0,0.0,4.5,24.57,10.7,43,era5_archive
2012-03-25,22.6,5.9,14.3,0.8,0.8,4.59,21.57,21.3,42,era5_archive
2012-03-26,17.1,7.0,11.7,0.0,0.0,3.44,22.64,23.9,74,era5_archive
2012-03-27,14.3,7.2,10.1,0.3,0.3,2.49,18.76,28.0,82,era5_archive
2012-03-28,14.3,6.8,10.1,2.0,2.0,2.68,19.0,23.2,79,era5_archive
2012-03-29,13.7,4.3,8.3,3.3,3.3,2.77,20.8,19.4,83,era5_archive
2012-03-30,13.4,3.0,8.0,0.0,0.0,2.65,18.11,19.2,76,era5_archive
2012-03-31,15.6,3.3,9.1,0.0,0.0,3.31,22.92,14.8,71,era5_archive
2012-04-01,20.2,3.2,11.8,0.2,0.2,4.11,24.26,12.3,61,era5_archive
2012-04-02,19.7,8.9,13.8,0.7,0.7,4.28,24.5,27.2,59,era5_archive
2012-04-03,19.3,5.9,12.2,0.0,0.0,4.06,25.2,10.3,69,era5_archive
2012-04-04,23.9,8.5,16.0,0.0,0.0,4.64,25.64,10.9,51,era5_archive
2012-04-05,26.4,10.5,17.7,0.0,0.0,5.08,23.61,17.3,43,era5_archive
2012-04-06,25.9,10.0,18.0,0.0,0.0,5.35,25.44,14.9,45,era5_archive
2012-04-07,27.5,12.6,19.4,0.7,0.7,5.08,24.73,13.0,50,era5_archive
2012-04-08,25.8,12.2,19.0,0.0,0.0,5.64,26.02,20.3,44,era5_archive
2012-04-09,24.8,11.5,17.8,0.0,0.0,5.63,26.02,18.4,48,era5_archive
2012-04-10,21.6,10.7,15.4,0.0,0.0,4.88,25.63,15.5,58,era5_archive
2012-04-11,18.5,6.9,12.7,0.0,0.0,3.8,22.86,24.4,64,era5_archive
2012-04-12,16.9,5.0,10.9,0.0,0.0,3.48,21.61,18.3,71,era5_archive
2012-04-13,20.9,5.4,13.2,0.0,0.0,4.52,26.2,19.5,67,era5_archive
2012-04-14,24.7,9.0,16.9,0.0,0.0,5.16,25.98,13.4,51,era5_archive
2012-04-15,28.1,12.8,20.7,0.0,0.0,5.42,21.7,23.5,37,era5_archive
2012-04-16,20.4,10.0,15.4,0.0,0.0,4.77,26.18,24.8,61,era5_archive
2012-04-17,24.4,7.1,15.2,0.0,0.0,5.17,27.67,12.3,54,era5_archive
2012-04-18,30.9,9.5,18.3,0.2,0.2,6.87,23.12,30.5,40,era5_archive
2012-04-19,18.5,10.0,13.5,0.0,0.0,3.85,20.98,29.6,68,era5_archive
2012-04-20,20.0,6.8,13.2,0.0,0.0,4.44,26.32,17.9,68,era5_archive
2012-04-21,21.5,8.0,14.5,0.0,0.0,4.96,27.59,18.8,60,era5_archive
2012-04-22,24.9,8.6,16.6,0.0,0.0,5.89,27.95,22.1,49,era5_archive
2012-04-23,23.7,9.5,16.3,0.0,0.0,5.61,28.23,17.3,44,era5_archive
2012-04-24,24.7,7.7,16.3,0.0,0.0,5.48,28.11,16.0,51,era5_archive
2012-04-25,27.3,8.3,18.0,0.0,0.0,5.96,28.17,17.9,53,era5_archive
2012-04-26,26.8,9.7,18.1,0.0,0.0,6.02,27.64,24.3,51,era5_archive
2012-04-27,28.5,10.2,19.4,0.0,0.0,6.13,27.39,20.8,47,era5_archive
2012-04-28,29.9,11.2,20.8,0.0,0.0,5.76,26.91,11.0,45,era5_archive
2012-04-29,30.3,13.4,21.7,0.0,0.0,5.32,20.57,18.9,51,era5_archive
2012-04-30,28.4,14.8,21.7,0.6,0.6,5.7,22.45,21.3,47,era5_archive
2012-05-01,30.2,15.2,22.7,0.5,0.5,6.6,20.52,27.3,36,era5_archive
2012-05-02,24.0,15.7,19.3,3.7,3.7,5.23,24.72,25.8,59,era5_archive
2012-05-03,24.7,11.6,18.2,0.0,0.0,5.16,25.88,24.0,65,era5_archive
2012-05-04,26.2,12.7,19.5,0.0,0.0,5.9,27.4,18.7,51,era5_archive
2012-05-05,26.4,10.2,18.8,0.0,0.0,6.44,28.89,22.2,46,era5_archive
2012-05-06,27.5,13.5,20.0,0.0,0.0,6.32,27.4,24.5,39,era5_archive
2012-05-07,25.4,10.4,18.0,0.0,0.0,6.35,29.79,21.8,42,era5_archive
2012-05-08,26.7,11.6,19.1,0.0,0.0,5.82,28.52,16.6,54,era5_archive
2012-05-09,31.4,12.2,22.9,0.0,0.0,6.28,28.1,10.0,41,era5_archive
2012-05-10,27.6,15.8,21.0,0.0,0.0,5.77,26.23,21.9,61,era5_archive
2012-05-11,27.4,12.8,19.8,0.0,0.0,6.16,28.89,22.0,59,era5_archive
2012-05-12,27.9,11.6,20.1,0.0,0.0,6.57,29.28,22.0,49,era5_archive
2012-05-13,27.5,14.1,20.4,0.2,0.2,6.32,27.41,28.1,46,era5_archive
2012-05-14,24.5,12.1,17.9,0.2,0.2,5.1,24.81,27.8,66,era5_archive
2012-05-15,25.5,10.5,18.4,0.0,0.0,5.83,28.85,21.4,60,era5_archive
2012-05-16,29.0,12.4,19.8,0.0,0.0,6.38,29.38,28.5,52,era5_archive
2012-05-17,29.1,15.5,22.3,0.0,0.0,6.67,29.28,17.4,35,era5_archive
2012-05-18,31.5,17.8,23.7,0.0,0.0,7.67,27.3,19.6,32,era5_archive
2012-05-19,26.6,14.8,19.9,0.0,0.0,6.28,28.72,26.8,56,era5_archive
2012-05-20,23.2,10.8,17.0,0.0,0.0,5.41,27.96,24.7,64,era5_archive
2012-05-21,23.6,10.4,16.8,0.0,0.0,5.3,27.15,26.0,65,era5_archive
2012-05-22,26.3,12.3,19.1,0.0,0.0,6.15,28.63,27.0,57,era5_archive
2012-05-23,28.6,14.3,21.4,0.0,0.0,7.19,29.17,34.5,46,era5_archive
2012-05-24,25.2,12.6,18.6,0.0,0.0,5.76,28.31,23.7,60,era5_archive
2012-05-25,29.2,11.7,20.9,0.0,0.0,6.9,29.15,20.1,42,era5_archive
2012-05-26,28.1,15.0,21.4,0.0,0.0,7.11,29.89,25.1,34,era5_archive
2012-05-27,28.8,13.3,21.3,0.0,0.0,6.69,28.02,23.2,39,era5_archive
2012-05-28,31.6,14.6,24.1,0.3,0.3,5.59,25.33,11.6,34,era5_archive
2012-05-29,34.4,19.9,26.7,0.0,0.0,7.43,26.04,23.8,33,era5_archive
2012-05-30,26.6,15.2,20.2,0.0,0.0,6.35,29.4,26.3,58,era5_archive
2012-05-31,27.8,12.1,20.4,0.0,0.0,6.69,29.6,24.6,48,era5_archive
2012-06-01,29.9,13.7,22.6,0.0,0.0,7.08,29.61,24.6,39,era5_archive
2012-06-02,30.2,14.5,22.5,0.0,0.0,6.96,30.75,16.3,37,era5_archive
2012-06-03,33.6,13.4,24.4,0.0,0.0,6.99,30.29,19.1,35,era5_archive
2012-06-04,33.2,16.2,25.1,0.0,0.0,7.22,29.32,20.6,40,era5_archive
2012-06-05,29.8,14.8,22.1,0.0,0.0,7.16,29.86,22.8,47,era5_archive
2012-06-06,29.1,13.1,20.8,0.0,0.0,6.8,29.57,24.3,55,era5_archive
2012-06-07,30.0,13.9,22.2,0.0,0.0,7.39,30.17,24.2,44,era5_archive
2012-06-08,29.7,13.3,21.6,0.0,0.0,6.93,30.45,18.9,41,era5_archive
2012-06-09,33.0,14.7,23.9,0.0,0.0,6.9,30.18,15.9,47,era5_archive
2012-06-10,36.1,16.3,26.6,0.0,0.0,7.37,30.02,19.5,40,era5_archive
2012-06-11,33.5,17.0,25.3,0.0,0.0,7.92,29.11,26.3,43,era5_archive
2012-06-12,31.6,15.6,23.5,0.0,0.0,7.48,30.34,21.7,44,era5_archive
2012-06-13,33.7,13.4,24.0,0.0,0.0,7.12,30.45,15.0,43,era5_archive
2012-06-14,38.8,16.7,28.0,0.0,0.0,7.47,29.36,15.9,38,era5_archive
2012-06-15,41.7,19.5,30.0,0.0,0.0,9.24,29.08,32.1,43,era5_archive
2012-06-16,39.1,19.6,29.1,0.4,0.4,7.33,28.04,21.1,50,era5_archive
2012-06-17,37.8,21.0,29.5,0.0,0.0,8.15,28.48,23.2,40,era5_archive
2012-06-18,38.0,19.9,29.4,0.0,0.0,8.61,29.51,22.5,35,era5_archive
2012-06-19,35.0,18.8,27.1,0.0,0.0,7.91,29.49,23.4,44,era5_archive
2012-06-20,31.9,18.0,24.7,0.0,0.0,7.08,28.54,23.6,54,era5_archive
2012-06-21,31.3,16.8,23.8,0.0,0.0,6.66,28.68,21.2,60,era5_archive
2012-06-22,30.9,17.2,24.0,1.5,1.5,6.56,27.49,21.7,50,era5_archive
2012-06-23,31.3,17.2,24.2,0.0,0.0,7.02,28.97,23.8,55,era5_archive
2012-06-24,32.1,15.9,24.6,0.0,0.0,7.72,29.96,26.1,43,era5_archive
2012-06-25,29.9,15.1,22.7,0.0,0.0,6.27,27.08,26.6,62,era5_archive
2012-06-26,31.6,18.1,24.3,0.0,0.0,6.72,27.53,28.0,64,era5_archive
2012-06-27,31.9,18.2,24.5,0.0,0.0,6.95,27.8,27.0,61,era5_archive
2012-06-28,32.5,17.3,24.6,0.0,0.0,6.86,28.43,23.1,61,era5_archive
2012-06-29,33.4,17.3,24.9,0.0,0.0,6.82,28.74,19.7,59,era5_archive
2012-06-30,33.9,17.6,25.4,0.0,0.0,7.15,29.28,20.6,55,era5_archive
2012-07-01,34.3,17.6,25.9,0.0,0.0,7.31,29.84,19.6,43,era5_archive
2012-07-02,32.4,16.6,24.6,0.0,0.0,7.61,29.71,26.7,50,era5_archive
2012-07-03,30.8,16.5,23.7,0.0,0.0,7.5,29.21,27.1,52,era5_archive
2012-07-04,29.7,15.6,23.0,0.0,0.0,6.98,28.84,25.4,53,era5_archive
2012-07-05,31.4,16.2,23.6,0.0,0.0,6.73,28.24,21.5,56,era5_archive
2012-07-06,33.1,17.7,25.1,0.0,0.0,7.15,29.08,22.3,53,era5_archive
2012-07-07,32.4,17.6,24.8,0.0,0.0,7.43,28.89,27.5,56,era5_archive
2012-07-08,31.3,17.3,24.3,0.0,0.0,7.1,28.26,28.1,56,era5_archive
2012-07-09,32.7,16.6,25.0,0.0,0.0,7.27,29.12,22.4,52,era5_archive
2012-07-10,33.9,19.0,26.3,0.0,0.0,7.06,29.07,19.0,48,era5_archive
2012-07-11,34.7,19.5,27.0,0.0,0.0,7.28,28.91,19.7,44,era5_archive
2012-07-12,35.1,17.8,26.7,0.0,0.0,7.22,28.72,19.0,51,era5_archive
2012-07-13,37.9,19.7,28.9,0.0,0.0,7.97,28.94,21.6,42,era5_archive
2012-07-14,36.4,20.3,28.5,0.0,0.0,8.31,28.79,23.1,39,era5_archive
2012-07-15,35.8,18.8,27.4,0.0,0.0,8.02,29.44,25.5,43,era5_archive
2012-07-16,36.4,18.9,27.8,0.0,0.0,7.91,29.06,24.0,46,era5_archive
2012-07-17,37.9,19.6,28.9,0.0,0.0,7.9,28.89,21.9,43,era5_archive
2012-07-18,40.5,20.9,31.2,0.0,0.0,7.59,28.66,19.2,38,era5_archive
2012-07-19,40.7,22.8,32.2,0.0,0.0,8.23,28.4,19.7,33,era5_archive
2012-07-20,35.9,21.7,28.6,0.0,0.0,7.53,27.51,21.7,55,era5_archive
2012-07-21,33.6,20.8,26.2,0.0,0.0,7.06,27.99,22.3,59,era5_archive
2012-07-22,33.3,17.9,25.4,0.0,0.0,6.72,28.51,17.1,59,era5_archive
2012-07-23,35.4,19.0,27.0,0.0,0.0,7.15,28.73,19.7,53,era5_archive
2012-07-24,34.7,19.2,27.1,0.0,0.0,7.26,28.46,20.9,55,era5_archive
2012-07-25,35.3,18.8,27.0,0.0,0.0,6.9,28.19,18.4,59,era5_archive
2012-07-26,36.6,20.2,28.3,0.0,0.0,7.48,28.33,22.7,56,era5_archive
2012-07-27,34.1,20.4,26.9,0.0,0.0,6.76,26.28,26.0,62,era5_archive
2012-07-28,33.4,19.9,25.9,0.0,0.0,7.1,27.29,27.8,59,era5_archive
2012-07-29,32.6,19.0,25.2,0.0,0.0,6.6,27.28,22.1,63,era5_archive
2012-07-30,31.8,19.5,25.0,0.0,0.0,6.06,26.18,19.7,67,era5_archive
2012-07-31,33.1,18.5,25.8,0.0,0.0,6.68,26.96,23.9,61,era5_archive
2012-08-01,35.4,20.8,28.6,0.0,0.0,7.14,27.46,13.7,37,era5_archive
2012-08-02,35.4,22.4,28.8,0.0,0.0,7.17,27.42,17.9,40,era5_archive
2012-08-03,33.4,19.5,26.0,0.0,0.0,7.12,27.75,23.9,57,era5_archive
2012-08-04,31.2,18.5,24.1,0.0,0.0,6.51,27.57,24.5,65,era5_archive
2012-08-05,30.6,19.5,24.2,0.0,0.0,6.23,25.52,25.8,64,era5_archive
2012-08-06,32.3,19.2,25.2,0.0,0.0,6.37,25.62,25.8,64,era5_archive
2012-08-07,34.0,18.4,26.2,0.0,0.0,6.75,27.36,18.9,57,era5_archive
2012-08-08,35.4,19.8,27.5,0.0,0.0,7.19,27.63,19.2,49,era5_archive
2012-08-09,34.4,19.2,26.8,0.0,0.0,7.48,28.03,22.2,45,era5_archive
2012-08-10,33.8,18.1,26.0,0.0,0.0,7.16,27.99,23.0,50,era5_archive
2012-08-11,32.4,18.5,25.6,0.0,0.0,6.53,26.1,24.8,59,era5_archive
2012-08-12,32.9,19.3,26.1,0.0,0.0,6.75,25.84,23.7,57,era5_archive
2012-08-13,33.2,18.3,25.6,0.0,0.0,7.32,27.13,26.5,54,era5_archive
2012-08-14,33.1,17.7,25.9,0.0,0.0,7.81,27.78,27.3,43,era5_archive
2012-08-15,31.9,17.0,24.4,0.0,0.0,6.66,27.1,21.2,54,era5_archive
2012-08-16,32.1,16.7,24.0,0.0,0.0,6.26,27.16,18.7,62,era5_archive
2012-08-17,32.9,17.0,24.7,0.0,0.0,6.29,27.08,21.0,63,era5_archive
2012-08-18,34.5,18.5,26.1,0.0,0.0,6.61,26.74,19.5,57,era5_archive
2012-08-19,34.3,18.5,26.0,0.0,0.0,7.07,27.15,21.4,47,era5_archive
2012-08-20,33.2,16.9,24.9,0.0,0.0,6.65,27.01,19.3,54,era5_archive
2012-08-21,33.1,17.3,24.7,0.0,0.0,6.46,26.3,20.3,58,era5_archive
2012-08-22,32.5,17.0,24.4,0.0,0.0,6.57,26.4,21.9,57,era5_archive
2012-08-23,32.4,16.8,24.1,0.0,0.0,6.24,26.19,21.3,63,era5_archive
2012-08-24,33.8,18.5,25.4,0.0,0.0,6.4,26.02,19.2,60,era5_archive
2012-08-25,34.2,17.7,25.5,0.0,0.0,6.51,26.45,17.9,55,era5_archive
2012-08-26,35.1,18.3,26.2,0.0,0.0,6.83,26.22,21.7,50,era5_archive
2012-08-27,32.1,17.7,24.6,0.0,0.0,6.53,25.7,23.3,58,era5_archive
2012-08-28,30.2,16.5,23.0,0.0,0.0,5.95,24.78,26.1,65,era5_archive
2012-08-29,29.9,16.1,22.9,0.0,0.0,5.32,22.46,24.5,68,era5_archive
2012-08-30,29.3,16.8,23.3,0.0,0.0,5.15,22.26,19.9,66,era5_archive
2012-08-31,31.0,17.4,23.9,0.0,0.0,5.93,24.34,21.7,62,era5_archive
2012-09-01,32.1,17.0,24.2,0.0,0.0,5.88,24.72,18.4,58,era5_archive
2012-09-02,30.9,15.2,22.8,0.0,0.0,5.81,24.81,22.2,62,era5_archive
2012-09-03,32.7,17.5,24.7,0.0,0.0,5.77,23.88,18.0,59,era5_archive
2012-09-04,34.5,18.0,26.7,0.0,0.0,5.74,23.11,16.7,51,era5_archive
2012-09-05,34.6,18.6,26.7,0.0,0.0,6.4,24.84,19.3,46,era5_archive
2012-09-06,34.1,17.6,25.6,0.0,0.0,6.51,24.71,21.9,46,era5_archive
2012-09-07,32.7,16.7,24.2,0.0,0.0,6.28,24.54,23.1,54,era5_archive
2012-09-08,31.7,15.8,23.4,0.0,0.0,5.81,24.04,17.1,59,era5_archive
2012-09-09,29.2,17.2,22.7,0.0,0.0,5.05,22.32,21.0,68,era5_archive
2012-09-10,29.5,15.9,22.3,0.0,0.0,5.15,22.44,24.1,69,era5_archive
2012-09-11,30.7,17.7,23.2,0.0,0.0,5.3,22.46,22.2,68,era5_archive
2012-09-12,30.5,17.3,23.0,0.0,0.0,5.32,23.13,16.9,65,era5_archive
2012-09-13,30.5,17.0,23.0,0.0,0.0,5.17,22.29,17.5,65,era5_archive
2012-09-14,30.8,16.2,23.1,0.0,0.0,5.46,22.78,20.8,61,era5_archive
2012-09-15,33.4,15.5,24.2,0.0,0.0,5.72,23.32,19.1,51,era5_archive
2012-09-16,33.9,17.5,25.4,0.0,0.0,5.84,23.14,16.3,50,era5_archive
2012-09-17,32.9,18.3,24.7,0.0,0.0,5.63,21.95,20.2,57,era5_archive
2012-09-18,33.0,16.1,24.0,0.0,0.0,5.9,22.69,20.4,53,era5_archive
2012-09-19,32.1,17.3,24.2,0.0,0.0,5.93,23.01,19.8,52,era5_archive
2012-09-20,30.5,15.9,22.9,0.0,0.0,5.35,22.05,18.2,57,era5_archive
2012-09-21,30.1,15.2,22.3,0.0,0.0,5.11,22.04,18.5,61,era5_archive
2012-09-22,29.0,15.7,21.8,0.0,0.0,4.94,21.9,18.6,66,era5_archive
2012-09-23,28.7,15.4,21.1,0.0,0.0,4.93,22.02,17.7,62,era5_archive
2012-09-24,29.8,14.2,21.3,0.0,0.0,4.99,22.68,13.6,51,era5_archive
2012-09-25,30.3,14.2,22.0,0.0,0.0,4.99,21.85,14.8,54,era5_archive
2012-09-26,29.5,14.4,21.5,0.0,0.0,4.83,21.83,13.2,56,era5_archive
2012-09-27,33.3,15.2,24.3,0.0,0.0,4.52,21.63,6.2,46,era5_archive
2012-09-28,36.0,18.4,26.8,0.0,0.0,5.04,20.54,11.8,40,era5_archive
2012-09-29,34.9,20.4,27.2,0.0,0.0,4.11,17.25,9.4,50,era5_archive
2012-09-30,35.6,23.0,28.5,0.2,0.2,6.1,16.15,19.3,28,era5_archive
2012-10-01,33.7,21.3,27.7,0.5,0.5,5.89,17.51,17.4,30,era5_archive
2012-10-02,35.8,21.9,27.6,0.0,0.0,5.62,17.76,24.5,37,era5_archive
2012-10-03,28.6,18.3,23.0,0.0,0.0,4.1,17.83,20.3,70,era5_archive
2012-10-04,27.1,15.4,20.7,0.0,0.0,3.76,16.9,18.1,70,era5_archive
2012-10-05,27.3,15.9,20.9,0.0,0.0,4.22,19.23,18.7,68,era5_archive
2012-10-06,27.0,15.3,20.5,0.1,0.1,3.97,18.78,16.9,65,era5_archive
2012-10-07,26.4,13.7,19.8,0.0,0.0,4.06,19.01,15.8,67,era5_archive
2012-10-08,24.2,13.7,18.8,0.0,0.0,3.68,17.59,20.5,72,era5_archive
2012-10-09,26.0,13.9,19.4,0.0,0.0,4.0,18.92,15.6,68,era5_archive
2012-10-10,27.6,14.4,20.8,0.0,0.0,4.01,19.12,9.7,55,era5_archive
2012-10-11,27.7,15.1,21.2,0.0,0.0,4.39,17.74,20.3,56,era5_archive
2012-10-12,26.8,14.9,20.7,0.0,0.0,3.92,18.42,12.7,62,era5_archive
2012-10-13,29.7,15.7,22.4,0.0,0.0,4.11,18.78,10.8,48,era5_archive
2012-10-14,28.6,15.3,21.7,0.0,0.0,4.06,18.42,13.4,60,era5_archive
2012-10-15,31.0,15.9,23.4,0.0,0.0,4.05,18.12,11.3,51,era5_archive
2012-10-16,32.6,18.9,25.4,1.0,1.0,3.99,16.98,11.6,40,era5_archive
2012-10-17,32.1,20.8,26.2,0.0,0.0,4.45,17.42,16.9,30,era5_archive
2012-10-18,31.1,18.5,24.6,0.0,0.0,4.23,17.45,11.8,29,era5_archive
2012-10-19,29.8,17.2,23.2,0.5,0.5,3.52,16.66,7.6,34,era5_archive
2012-10-20,28.8,17.0,22.7,0.1,0.1,3.84,15.55,11.5,36,era5_archive
2012-10-21,28.0,15.6,21.1,0.8,0.8,4.12,14.21,18.9,46,era5_archive
2012-10-22,23.6,15.1,18.8,3.5,3.5,3.11,14.55,17.8,66,era5_archive
2012-10-23,24.3,13.2,18.6,0.0,0.0,3.13,15.69,10.0,68,era5_archive
2012-10-24,24.7,14.1,19.2,0.4,0.4,2.91,13.8,11.4,66,era5_archive
2012-10-25,22.5,12.9,17.4,0.0,0.0,3.14,15.5,22.3,72,era5_archive
2012-10-26,21.7,11.1,16.4,0.1,0.1,2.86,14.41,18.8,69,era5_archive
2012-10-27,22.0,12.5,16.5,0.0,0.0,2.9,15.34,12.9,74,era5_archive
2012-10-28,23.8,11.5,17.6,0.0,0.0,2.85,15.67,6.6,62,era5_archive
2012-10-29,25.9,11.7,18.5,0.0,0.0,4.11,16.66,13.1,46,era5_archive
2012-10-30,27.0,13.9,20.3,0.0,0.0,4.21,16.6,18.7,36,era5_archive
2012-10-31,27.5,14.2,20.7,0.0,0.0,3.5,12.68,13.6,37,era5_archive
2012-11-01,29.2,17.2,22.4,0.7,0.7,4.63,14.81,14.0,36,era5_archive
2012-11-02,28.6,18.2,22.6,0.0,0.0,4.06,13.13,14.6,36,era5_archive
2012-11-03,28.3,16.2,21.7,0.0,0.0,4.03,15.45,17.5,42,era5_archive
2012-11-04,26.5,15.3,21.1,0.0,0.0,2.77,14.28,6.4,41,era5_archive
2012-11-05,26.3,14.4,20.3,0.1,0.1,2.98,12.78,10.4,45,era5_archive
2012-11-06,27.4,16.6,21.9,0.0,0.0,3.02,13.4,7.2,42,era5_archive
2012-11-07,27.9,13.4,20.4,0.0,0.0,3.53,15.16,12.2,51,era5_archive
2012-11-08,26.5,13.3,19.1,0.0,0.0,3.17,14.77,11.5,62,era5_archive
2012-11-09,21.2,12.0,16.0,4.1,4.1,2.02,11.1,21.5,79,era5_archive
2012-11-10,17.8,12.6,14.6,1.2,1.2,1.69,8.42,25.6,78,era5_archive
2012-11-11,15.3,11.2,12.9,7.3,7.3,1.61,8.6,23.5,78,era5_archive
2012-11-12,16.0,10.3,12.7,0.8,0.8,1.77,10.9,21.8,83,era5_archive
2012-11-13,16.4,8.4,12.1,0.0,0.0,1.73,9.61,13.8,81,era5_archive
2012-11-14,18.3,8.2,12.8,0.0,0.0,2.16,13.2,12.8,79,era5_archive
2012-11-15,20.1,8.1,13.9,0.0,0.0,2.77,14.39,11.8,66,era5_archive
2012-11-16,19.9,10.1,14.4,0.0,0.0,3.5,13.48,26.2,53,era5_archive
2012-11-17,21.2,12.3,16.1,0.1,0.1,3.75,12.05,28.9,49,era5_archive
2012-11-18,17.3,9.7,13.5,2.2,2.2,1.99,10.59,15.1,69,era5_archive
2012-11-19,18.6,8.0,12.9,0.0,0.0,2.15,12.88,14.0,78,era5_archive
2012-11-20,18.6,8.3,13.4,0.0,0.0,2.05,12.8,9.1,78,era5_archive
2012-11-21,20.1,8.1,13.6,0.0,0.0,2.28,13.77,7.5,71,era5_archive
2012-11-22,17.8,9.9,13.8,1.3,1.3,1.8,9.78,10.2,64,era5_archive
2012-11-23,16.1,8.7,11.9,7.8,7.8,1.41,8.65,11.8,84,era5_archive
2012-11-24,15.6,10.0,12.2,1.3,1.3,1.31,8.06,15.0,87,era5_archive
2012-11-25,15.7,8.2,11.3,0.0,0.0,1.75,11.28,15.4,84,era5_archive
2012-11-26,15.8,8.0,11.0,0.0,0.0,1.83,11.82,17.8,83,era5_archive
2012-11-27,16.6,6.9,11.0,0.0,0.0,1.96,13.02,6.2,77,era5_archive
2012-11-28,17.3,5.5,10.8,0.0,0.0,2.22,12.83,11.2,67,era5_archive
2012-11-29,17.1,6.2,10.8,0.0,0.0,2.69,13.44,21.1,59,era5_archive
2012-11-30,18.3,8.5,12.2,0.0,0.0,2.52,10.84,18.5,58,era5_archive
2012-12-01,19.4,8.2,13.0,0.0,0.0,2.73,12.84,19.0,61,era5_archive
2012-12-02,20.0,8.2,13.1,0.0,0.0,2.58,12.75,11.2,56,era5_archive
2012-12-03,19.7,6.3,12.5,0.0,0.0,2.69,12.87,16.4,52,era5_archive
2012-12-04,17.1,10.0,12.8,11.8,11.8,1.86,9.18,25.9,71,era5_archive
2012-12-05,13.8,8.6,10.9,0.5,0.5,1.42,8.06,23.4,79,era5_archive
2012-12-06,14.7,7.6,10.6,5.2,5.2,1.26,7.87,21.6,85,era5_archive
2012-12-07,15.8,5.2,10.0,0.0,0.0,1.76,10.74,23.8,78,era5_archive
2012-12-08,13.8,7.1,10.4,0.5,0.5,1.17,7.69,13.5,84,era5_archive
2012-12-09,16.3,6.8,11.4,0.0,0.0,1.97,9.26,20.4,71,era5_archive
2012-12-10,15.0,6.4,10.3,0.1,0.1,1.93,10.0,20.9,69,era5_archive
2012-12-11,11.1,7.5,8.8,4.9,4.9,1.03,7.37,25.4,87,era5_archive
2012-12-12,14.5,5.3,9.6,0.0,0.0,1.68,10.45,12.6,80,era5_archive
2012-12-13,13.7,4.4,8.8,0.0,0.0,1.68,11.82,14.6,77,era5_archive
2012-12-14,13.8,7.0,9.8,0.0,0.0,1.52,10.04,16.2,84,era5_archive
2012-12-15,12.9,2.9,7.9,0.0,0.0,1.57,11.26,13.8,82,era5_archive
2012-12-16,11.7,2.4,6.9,0.0,0.0,1.48,11.07,17.8,81,era5_archive
2012-12-17,13.3,3.7,8.3,0.0,0.0,1.46,9.67,10.4,77,era5_archive
2012-12-18,15.1,5.3,9.6,0.0,0.0,2.34,12.16,17.4,56,era5_archive
2012-12-19,16.6,5.2,10.1,0.0,0.0,2.25,12.37,16.4,62,era5_archive
2012-12-20,11.6,7.8,9.4,2.4,2.4,1.83,9.39,34.1,66,era5_archive
2012-12-21,10.4,6.1,7.9,4.0,4.0,1.38,9.22,29.3,78,era5_archive
2012-12-22,12.3,5.3,8.3,0.0,0.0,1.05,7.19,12.1,84,era5_archive
2012-12-23,14.6,4.2,8.3,0.0,0.0,2.11,12.54,21.6,65,era5_archive
2012-12-24,15.7,3.3,8.8,0.0,0.0,1.9,12.68,11.6,69,era5_archive
2012-12-25,14.4,3.2,8.2,1.4,1.4,1.59,11.07,15.8,81,era5_archive
2012-12-26,14.0,5.5,9.9,0.0,0.0,1.36,9.07,21.3,86,era5_archive
2012-12-27,14.3,5.1,8.8,0.0,0.0,1.53,11.34,7.9,82,era5_archive
2012-12-28,14.7,3.5,8.3,0.0,0.0,1.9,12.23,13.9,72,era5_archive
2012-12-29,14.6,3.5,8.6,0.0,0.0,1.77,11.95,9.7,72,era5_archive
2012-12-30,14.9,4.6,9.2,0.0,0.0,1.68,11.52,9.7,81,era5_archive
2012-12-31,15.1,4.8,9.1,0.0,0.0,2.15,12.97,14.6,66,era5_archive
2013-01-01,12.7,4.5,8.0,0.0,0.0,1.45,10.45,17.8,78,era5_archive
2013-01-02,14.5,6.2,9.9,0.0,0.0,1.6,10.42,10.1,75,era5_archive
2013-01-03,15.0,3.8,9.4,0.0,0.0,1.78,12.04,8.4,73,era5_archive
2013-01-04,14.0,4.0,8.7,0.0,0.0,2.09,13.28,21.6,60,era5_archive
2013-01-05,11.2,3.3,7.2,4.7,4.7,1.11,8.39,19.9,87,era5_archive
2013-01-06,10.1,7.3,8.4,2.3,2.3,1.29,6.34,28.8,78,era5_archive
2013-01-07,8.6,6.1,7.2,11.3,11.3,1.06,5.68,34.8,83,era5_archive
2013-01-08,7.3,3.8,6.4,34.6,34.6,0.59,4.05,31.0,91,era5_archive
2013-01-09,4.3,-0.2,2.5,16.7,11.8,0.79,8.39,30.9,88,era5_archive
2013-01-10,5.1,-1.5,0.9,7.5,2.7,0.85,10.36,19.0,91,era5_archive
2013-01-11,8.0,-1.4,2.7,0.0,0.0,1.21,10.07,14.0,84,era5_archive
2013-01-12,7.6,-0.3,3.2,0.0,0.0,1.48,10.06,21.1,68,era5_archive
2013-01-13,10.0,-0.5,4.6,0.0,0.0,1.79,14.1,14.5,64,era5_archive
2013-01-14,12.3,1.3,5.6,0.0,0.0,1.78,14.04,8.1,71,era5_archive
2013-01-15,12.4,-1.1,5.2,0.0,0.0,2.14,14.57,17.6,66,era5_archive
2013-01-16,11.7,1.8,6.6,0.0,0.0,2.66,13.92,25.5,53,era5_archive
2013-01-17,15.8,5.6,9.8,0.0,0.0,2.62,13.58,21.1,57,era5_archive
2013-01-18,16.6,1.6,9.2,0.0,0.0,2.13,13.98,10.0,64,era5_archive
2013-01-19,14.6,4.5,8.9,0.0,0.0,2.05,14.67,11.5,68,era5_archive
2013-01-20,14.0,1.8,7.9,0.0,0.0,1.92,14.09,14.2,80,era5_archive
2013-01-21,16.2,1.7,8.9,0.0,0.0,2.49,14.83,18.0,66,era5_archive
2013-01-22,18.4,6.6,11.0,0.0,0.0,3.01,13.18,23.2,53,era5_archive
2013-01-23,14.2,4.6,9.0,0.0,0.0,1.7,12.15,16.5,85,era5_archive
2013-01-24,15.9,6.0,10.4,0.0,0.0,2.04,12.41,11.1,75,era5_archive
2013-01-25,18.6,8.7,12.7,0.0,0.0,2.79,14.45,22.2,60,era5_archive
2013-01-26,19.4,5.2,12.7,1.1,1.1,2.5,15.22,15.9,64,era5_archive
2013-01-27,15.7,8.0,11.4,3.8,3.8,2.08,13.53,19.1,77,era5_archive
2013-01-28,14.1,6.3,9.4,2.1,2.1,1.63,10.58,13.3,79,era5_archive
2013-01-29,10.4,6.3,8.2,1.8,1.8,1.04,8.33,22.8,91,era5_archive
2013-01-30,11.6,4.1,7.8,4.5,4.5,1.32,9.95,21.1,88,era5_archive
2013-01-31,8.2,3.3,5.9,3.5,3.5,0.92,7.46,23.2,89,era5_archive
2013-02-01,9.3,5.9,7.3,12.2,12.2,0.83,5.46,19.9,88,era5_archive
2013-02-02,11.7,5.7,8.2,0.9,0.9,1.53,11.28,24.1,83,era5_archive
2013-02-03,14.3,1.7,8.2,0.0,0.0,2.14,15.74,11.8,81,era5_archive
2013-02-04,16.0,5.1,9.7,0.0,0.0,2.74,16.62,20.3,67,era5_archive
2013-02-05,15.7,7.7,11.2,0.0,0.0,2.49,10.86,21.9,62,era5_archive
2013-02-06,15.3,6.9,10.1,5.1,5.1,1.51,7.74,19.5,77,era5_archive
2013-02-07,14.4,3.7,8.9,0.0,0.0,1.96,13.77,9.7,80,era5_archive
2013-02-08,15.4,5.7,10.0,0.0,0.0,2.53,16.31,27.3,71,era5_archive
2013-02-09,16.9,6.7,11.3,0.0,0.0,2.68,16.92,10.8,69,era5_archive
2013-02-10,17.4,5.9,11.0,0.0,0.0,2.59,17.03,13.4,70,era5_archive
2013-02-11,12.9,6.8,8.9,0.0,0.0,1.92,13.48,26.9,82,era5_archive
2013-02-12,11.5,5.5,8.0,0.0,0.0,1.46,9.46,19.9,78,era5_archive
2013-02-13,15.5,0.7,8.4,0.0,0.0,2.79,17.48,16.9,66,era5_archive
2013-02-14,16.0,8.4,11.5,0.0,0.0,2.89,11.25,31.0,55,era5_archive
2013-02-15,14.1,5.8,9.7,0.0,0.0,2.26,14.05,32.9,68,era5_archive
2013-02-16,11.8,3.0,7.5,0.0,0.0,1.8,12.04,25.0,74,era5_archive
2013-02-17,12.0,5.6,8.2,0.1,0.1,1.74,12.2,14.4,82,era5_archive
2013-02-18,13.2,4.1,8.1,0.0,0.0,2.09,14.49,18.1,81,era5_archive
2013-02-19,12.5,6.0,8.6,0.0,0.0,1.89,13.03,17.2,81,era5_archive
2013-02-20,13.9,0.7,7.4,0.0,0.0,2.41,17.4,16.0,78,era5_archive
2013-02-21,16.1,3.3,9.4,0.0,0.0,2.92,19.18,15.8,66,era5_archive
2013-02-22,19.3,7.4,12.4,0.0,0.0,3.78,14.38,32.4,42,era5_archive
2013-02-23,14.8,4.6,9.7,0.6,0.6,2.16,14.17,23.6,74,era5_archive
2013-02-24,15.1,8.7,11.2,0.0,0.0,2.05,13.56,17.1,82,era5_archive
2013-02-25,19.1,4.9,12.2,0.0,0.0,3.57,16.18,23.5,59,era5_archive
2013-02-26,22.3,9.7,15.0,0.0,0.0,4.84,20.13,22.5,41,era5_archive
2013-02-27,21.4,9.2,14.3,0.0,0.0,3.99,20.39,19.5,50,era5_archive
2013-02-28,15.9,6.9,10.6,0.0,0.0,2.66,16.7,33.5,78,era5_archive
2013-03-01,14.1,6.5,9.9,0.0,0.0,2.56,15.43,23.4,70,era5_archive
2013-03-02,17.0,2.0,9.4,0.0,0.0,3.05,20.21,9.4,67,era5_archive
2013-03-03,24.6,7.4,15.1,0.0,0.0,4.61,18.05,25.1,43,era5_archive
2013-03-04,15.9,8.9,11.9,0.0,0.0,2.67,16.23,32.1,74,era5_archive
2013-03-05,13.7,7.7,10.1,0.0,0.0,2.24,15.51,27.9,80,era5_archive
2013-03-06,13.3,4.9,8.5,0.0,0.0,2.63,18.21,13.2,72,era5_archive
2013-03-07,15.3,-0.3,7.7,0.0,0.0,4.13,21.61,19.8,37,era5_archive
2013-03-08,18.7,6.6,12.2,0.0,0.0,5.78,19.85,35.9,18,era5_archive
2013-03-09,18.5,7.6,12.5,0.0,0.0,4.22,21.79,24.0,39,era5_archive
2013-03-10,16.1,4.3,10.4,0.0,0.0,2.84,16.98,21.9,71,era5_archive
2013-03-11,20.8,4.8,12.7,0.0,0.0,3.73,21.49,17.4,65,era5_archive
2013-03-12,27.4,8.1,17.4,0.0,0.0,5.08,21.1,20.0,47,era5_archive
2013-03-13,26.9,10.1,18.0,0.0,0.0,5.7,22.25,24.4,40,era5_archive
2013-03-14,27.1,11.1,18.1,0.0,0.0,4.44,22.34,10.4,53,era5_archive
2013-03-15,31.3,12.6,21.3,0.0,0.0,6.8,21.2,28.7,32,era5_archive
2013-03-16,20.0,8.8,14.7,0.0,0.0,3.12,13.85,24.8,62,era5_archive
2013-03-17,12.4,7.2,9.4,2.6,2.6,2.2,15.3,30.0,77,era5_archive
2013-03-18,13.9,6.9,9.6,0.0,0.0,2.79,17.92,19.3,67,era5_archive
2013-03-19,17.5,5.4,11.3,0.0,0.0,3.24,17.5,17.3,55,era5_archive
2013-03-20,20.9,5.5,13.2,0.0,0.0,4.17,23.13,14.8,54,era5_archive
2013-03-21,23.0,7.3,15.5,0.0,0.0,4.48,23.52,12.2,50,era5_archive
2013-03-22,27.4,11.3,17.9,0.0,0.0,6.54,20.41,38.3,41,era5_archive
2013-03-23,15.3,9.3,11.6,0.1,0.1,2.65,13.77,36.4,74,era5_archive
2013-03-24,16.6,7.3,11.3,0.0,0.0,3.65,22.44,21.0,62,era5_archive
2013-03-25,22.7,5.7,14.3,0.0,0.0,5.23,24.37,17.3,48,era5_archive
2013-03-26,27.5,11.3,18.3,0.0,0.0,7.17,24.42,31.9,25,era5_archive
2013-03-27,18.1,9.2,13.2,0.0,0.0,3.67,20.77,27.0,65,era5_archive
2013-03-28,20.7,7.6,13.5,0.0,0.0,4.2,24.08,21.1,69,era5_archive
2013-03-29,22.5,8.5,15.1,0.0,0.0,4.65,24.77,16.5,54,era5_archive
2013-03-30,25.8,8.9,17.8,0.0,0.0,4.96,24.76,10.0,40,era5_archive
2013-03-31,28.7,13.6,20.6,0.4,0.4,6.12,21.61,28.3,36,era5_archive
2013-04-01,28.3,15.0,20.4,0.0,0.0,6.57,24.78,22.0,38,era5_archive
2013-04-02,21.1,10.1,15.1,0.0,0.0,4.28,23.16,21.5,64,era5_archive
2013-04-03,24.3,8.1,16.1,0.0,0.0,4.87,25.51,10.8,48,era5_archive
2013-04-04,18.2,10.4,14.1,0.6,0.6,4.2,20.86,35.0,53,era5_archive
2013-04-05,16.5,9.1,12.1,4.4,4.4,2.47,15.6,36.8,81,era5_archive
2013-04-06,21.8,9.6,14.8,0.0,0.0,4.08,24.19,13.8,74,era5_archive
2013-04-07,29.0,8.5,19.2,0.0,0.0,5.96,25.86,20.5,46,era5_archive
2013-04-08,26.2,11.4,17.3,0.0,0.0,5.96,26.15,29.6,45,era5_archive
2013-04-09,17.0,9.3,12.7,0.4,0.4,2.75,16.22,24.1,77,era5_archive
2013-04-10,17.2,9.3,12.6,0.0,0.0,3.23,18.35,25.1,71,era5_archive
2013-04-11,17.8,7.7,12.4,0.0,0.0,3.08,17.47,11.2,70,era5_archive
2013-04-12,23.0,7.0,14.6,0.0,0.0,4.72,25.22,19.5,68,era5_archive
2013-04-13,23.7,8.7,15.8,0.0,0.0,4.56,24.66,17.2,70,era5_archive
2013-04-14,24.0,10.5,16.4,0.0,0.0,5.02,25.86,16.7,63,era5_archive
2013-04-15,24.5,9.2,16.3,0.0,0.0,5.41,27.17,17.5,54,era5_archive
2013-04-16,17.8,9.0,13.0,0.6,0.6,3.71,19.79,32.4,65,era5_archive
2013-04-17,15.8,9.4,12.1,0.5,0.5,2.76,15.96,21.3,71,era5_archive
2013-04-18,17.1,8.7,12.5,0.1,0.1,2.94,16.96,15.1,75,era5_archive
2013-04-19,17.0,7.0,11.6,5.9,5.9,3.14,21.18,24.9,79,era5_archive
2013-04-20,14.1,5.0,9.4,7.6,7.6,2.5,18.27,23.0,80,era5_archive
2013-04-21,14.4,8.0,10.9,1.4,1.4,2.37,15.94,20.5,81,era5_archive
2013-04-22,15.0,6.0,10.6,0.0,0.0,2.85,19.11,21.4,80,era5_archive
2013-04-23,19.2,7.1,12.8,0.0,0.0,4.31,26.76,12.5,71,era5_archive
2013-04-24,23.2,8.9,16.1,0.0,0.0,4.89,26.7,10.5,55,era5_archive
2013-04-25,24.3,9.7,16.9,0.0,0.0,5.66,28.0,10.2,41,era5_archive
2013-04-26,25.5,11.4,18.3,0.0,0.0,6.61,28.61,14.4,24,era5_archive
2013-04-27,27.9,12.0,20.4,0.0,0.0,7.37,28.54,18.4,20,era5_archive
2013-04-28,28.5,13.9,21.3,0.0,0.0,7.55,28.04,16.8,20,era5_archive
2013-04-29,29.8,12.2,21.3,0.0,0.0,7.15,28.85,14.5,20,era5_archive
2013-04-30,31.2,15.7,23.4,0.0,0.0,7.02,26.07,17.8,22,era5_archive
2013-05-01,31.7,15.7,23.8,0.0,0.0,6.84,26.22,17.7,26,era5_archive
2013-05-02,30.1,14.0,22.5,0.6,0.6,6.31,23.81,22.7,38,era5_archive
2013-05-03,29.0,16.6,22.3,1.2,1.2,4.89,19.82,18.3,43,era5_archive
2013-05-04,29.4,15.9,22.9,0.0,0.0,6.44,25.86,17.5,31,era5_archive
2013-05-05,29.2,14.7,21.8,0.0,0.0,6.92,28.67,22.4,36,era5_archive
2013-05-06,28.8,13.6,20.9,0.0,0.0,5.95,26.08,23.0,54,era5_archive
2013-05-07,29.6,14.5,21.8,0.2,0.2,5.72,23.96,17.6,58,era5_archive
2013-05-08,29.6,14.0,22.1,0.0,0.0,6.06,27.49,17.7,54,era5_archive
2013-05-09,28.0,15.9,22.0,0.1,0.1,5.56,23.9,19.8,50,era5_archive
2013-05-10,29.6,13.7,21.7,0.0,0.0,5.97,26.75,16.5,55,era5_archive
2013-05-11,23.1,15.1,18.6,3.0,3.0,4.48,24.34,25.6,70,era5_archive
2013-05-12,22.7,11.7,17.0,0.2,0.2,4.62,25.0,21.5,69,era5_archive
2013-05-13,23.8,11.3,17.5,0.4,0.4,5.08,26.29,23.2,62,era5_archive
2013-05-14,22.6,11.7,17.0,0.0,0.0,4.97,25.43,25.6,62,era5_archive
2013-05-15,19.4,11.3,15.4,0.0,0.0,4.17,22.08,21.0,65,era5_archive
2013-05-16,21.3,10.4,16.0,0.0,0.0,4.02,20.74,22.1,71,era5_archive
2013-05-17,27.1,10.4,18.7,0.0,0.0,5.72,28.52,17.0,62,era5_archive
2013-05-18,30.6,12.3,22.2,0.0,0.0,6.45,28.38,20.4,54,era5_archive
2013-05-19,30.5,15.5,23.2,0.0,0.0,6.4,25.98,21.4,46,era5_archive
2013-05-20,27.5,15.0,21.6,0.0,0.0,6.78,29.52,25.6,45,era5_archive
2013-05-21,28.6,13.6,21.0,0.0,0.0,6.0,27.0,22.4,60,era5_archive
2013-05-22,31.4,14.8,22.9,0.0,0.0,6.51,29.67,19.2,49,era5_archive
2013-05-23,34.1,15.5,25.4,0.0,0.0,6.74,29.59,15.3,40,era5_archive
2013-05-24,37.0,19.8,28.4,0.0,0.0,7.4,29.26,21.1,31,era5_archive
2013-05-25,30.5,17.9,24.0,0.0,0.0,7.43,28.89,25.9,44,era5_archive
2013-05-26,25.8,12.2,18.8,0.0,0.0,6.29,29.89,27.2,58,era5_archive
2013-05-27,26.7,12.4,19.3,0.0,0.0,6.26,29.07,25.3,60,era5_archive
2013-05-28,27.3,13.2,20.2,0.0,0.0,6.98,29.81,30.2,52,era5_archive
2013-05-29,31.4,13.6,22.7,0.0,0.0,6.45,30.02,10.8,35,era5_archive
2013-05-30,36.5,18.0,26.2,0.0,0.0,9.57,29.54,30.6,24,era5_archive
2013-05-31,31.5,14.7,23.2,0.0,0.0,7.29,29.89,24.2,52,era5_archive
2013-06-01,32.2,17.2,24.4,0.0,0.0,8.26,30.11,28.7,36,era5_archive
2013-06-02,35.2,15.5,26.0,0.0,0.0,7.61,29.61,15.3,29,era5_archive
2013-06-03,33.9,18.5,25.8,0.0,0.0,8.85,29.63,31.0,30,era5_archive
2013-06-04,27.5,14.7,20.4,0.0,0.0,6.58,29.69,25.3,54,era5_archive
2013-06-05,28.2,12.1,20.3,0.0,0.0,6.89,30.21,23.1,50,era5_archive
2013-06-06,29.2,11.8,21.1,0.0,0.0,7.25,30.15,25.8,44,era5_archive
2013-06-07,28.8,13.7,21.8,0.0,0.0,7.31,30.21,26.1,41,era5_archive
2013-06-08,32.6,13.8,23.7,0.0,0.0,6.93,29.49,13.8,41,era5_archive
2013-06-09,29.1,17.8,23.4,0.0,0.0,7.44,29.37,29.2,39,era5_archive
2013-06-10,27.6,16.0,21.1,0.0,0.0,6.4,29.13,25.9,61,era5_archive
2013-06-11,29.4,13.6,21.3,0.0,0.0,6.62,29.37,23.5,58,era5_archive
2013-06-12,32.8,15.4,24.2,0.0,0.0,7.36,30.12,17.6,40,era5_archive
2013-06-13,28.0,15.3,21.2,0.0,0.0,6.32,28.18,23.1,55,era5_archive
2013-06-14,27.8,13.7,20.4,0.0,0.0,6.23,29.53,21.9,62,era5_archive
2013-06-15,27.1,14.2,19.9,0.0,0.0,6.24,29.49,23.5,62,era5_archive
2013-06-16,27.1,12.6,19.7,0.0,0.0,6.19,30.04,23.1,63,era5_archive
2013-06-17,28.6,13.9,20.8,0.0,0.0,6.12,28.58,26.4,67,era5_archive
2013-06-18,29.8,16.5,22.5,0.0,0.0,6.62,28.26,30.3,63,era5_archive
2013-06-19,30.5,16.5,23.2,0.0,0.0,6.74,28.57,26.3,60,era5_archive
2013-06-20,32.1,16.2,24.4,0.0,0.0,6.77,27.41,21.3,54,era5_archive
2013-06-21,32.3,16.6,24.6,0.0,0.0,7.33,29.53,23.9,50,era5_archive
2013-06-22,33.2,16.7,25.1,0.0,0.0,7.27,29.63,20.1,45,era5_archive
2013-06-23,32.2,17.1,25.1,0.0,0.0,6.71,26.26,19.8,42,era5_archive
2013-06-24,31.3,15.8,23.7,0.0,0.0,7.33,29.76,29.3,52,era5_archive
2013-06-25,31.6,17.0,23.9,0.0,0.0,7.12,28.75,26.2,56,era5_archive
2013-06-26,32.9,16.2,24.5,0.0,0.0,7.11,28.63,25.3,56,era5_archive
2013-06-27,32.7,16.4,24.4,0.0,0.0,7.4,29.61,25.5,54,era5_archive
2013-06-28,31.9,15.6,23.9,0.0,0.0,7.28,29.3,28.1,54,era5_archive
2013-06-29,32.5,17.8,24.5,0.0,0.0,6.97,28.12,28.8,63,era5_archive
2013-06-30,31.3,17.1,23.7,0.0,0.0,6.98,28.99,24.1,59,era5_archive
2013-07-01,29.3,15.1,21.6,0.0,0.0,6.42,28.86,27.4,64,era5_archive
2013-07-02,28.9,16.2,21.8,0.0,0.0,6.39,28.78,21.2,60,era5_archive
2013-07-03,31.2,14.9,22.6,0.0,0.0,6.43,28.32,20.2,61,era5_archive
2013-07-04,31.8,15.2,23.4,0.0,0.0,6.96,29.71,20.8,56,era5_archive
2013-07-05,32.4,14.8,23.7,0.0,0.0,7.16,29.94,20.4,53,era5_archive
2013-07-06,32.6,15.2,23.7,0.0,0.0,6.95,29.61,19.3,56,era5_archive
2013-07-07,34.0,15.3,24.6,0.0,0.0,7.07,29.04,17.5,53,era5_archive
2013-07-08,33.9,17.4,25.2,0.0,0.0,7.18,28.54,18.3,51,era5_archive
2013-07-09,31.9,17.3,23.9,0.0,0.0,7.0,28.57,24.3,56,era5_archive
2013-07-10,30.4,17.2,22.9,0.0,0.0,6.52,27.91,26.7,62,era5_archive
2013-07-11,30.0,18.1,23.2,0.0,0.0,5.97,26.1,26.0,67,era5_archive
2013-07-12,30.8,17.4,23.5,0.0,0.0,6.36,27.99,21.7,65,era5_archive
2013-07-13,33.4,17.2,24.6,0.0,0.0,6.51,27.95,19.7,65,era5_archive
2013-07-14,33.0,17.6,24.8,0.0,0.0,6.58,27.9,22.1,65,era5_archive
2013-07-15,33.9,17.8,25.3,0.0,0.0,6.76,28.25,18.5,61,era5_archive
2013-07-16,33.6,16.6,25.2,0.0,0.0,7.26,29.24,20.1,53,era5_archive
2013-07-17,31.7,17.1,24.0,0.0,0.0,6.69,28.38,22.3,61,era5_archive
2013-07-18,30.1,17.1,23.0,0.0,0.0,6.44,27.89,22.4,61,era5_archive
2013-07-19,29.8,17.2,22.8,0.0,0.0,6.39,27.89,23.8,62,era5_archive
2013-07-20,30.9,17.8,23.6,0.0,0.0,6.28,26.68,26.5,66,era5_archive
2013-07-21,30.2,17.9,23.2,0.0,0.0,6.23,26.97,27.8,68,era5_archive
2013-07-22,30.4,18.1,23.4,0.0,0.0,6.2,27.06,25.7,67,era5_archive
2013-07-23,32.2,16.2,24.1,0.0,0.0,6.89,28.57,21.8,60,era5_archive
2013-07-24,32.9,15.9,24.6,0.0,0.0,7.19,28.91,22.7,56,era5_archive
2013-07-25,31.8,17.8,24.4,0.0,0.0,6.99,27.9,27.1,60,era5_archive
2013-07-26,32.3,17.9,24.5,0.0,0.0,6.83,27.39,26.7,61,era5_archive
2013-07-27,31.5,18.7,24.4,0.0,0.0,6.85,27.62,27.6,61,era5_archive
2013-07-28,32.5,16.9,24.8,0.0,0.0,7.09,28.16,22.7,54,era5_archive
2013-07-29,32.4,16.8,24.5,0.0,0.0,6.93,27.63,24.8,56,era5_archive
2013-07-30,31.6,17.3,24.1,0.0,0.0,6.73,27.62,27.5,59,era5_archive
2013-07-31,31.7,16.3,23.7,0.0,0.0,6.72,27.96,24.1,60,era5_archive
2013-08-01,32.0,16.1,24.0,0.0,0.0,6.93,27.96,25.7,58,era5_archive
2013-08-02,33.0,16.5,24.8,0.0,0.0,7.17,27.85,28.1,56,era5_archive
2013-08-03,32.5,17.2,24.6,0.0,0.0,7.03,27.53,29.5,59,era5_archive
2013-08-04,31.3,17.9,23.7,0.0,0.0,6.18,26.51,25.9,67,era5_archive
2013-08-05,32.6,18.1,24.6,0.0,0.0,6.43,26.98,24.0,63,era5_archive
2013-08-06,33.1,18.1,24.9,0.0,0.0,6.71,27.8,22.0,60,era5_archive
2013-08-07,32.7,16.4,24.5,0.0,0.0,7.1,28.37,22.8,55,era5_archive
2013-08-08,31.9,16.9,23.9,0.0,0.0,6.68,27.13,25.6,61,era5_archive
2013-08-09,31.6,16.9,24.0,0.0,0.0,6.41,26.41,25.8,62,era5_archive
2013-08-10,31.7,17.6,24.1,0.0,0.0,6.29,26.29,23.7,63,era5_archive
2013-08-11,31.5,17.0,24.0,0.0,0.0,6.23,26.23,21.6,62,era5_archive
2013-08-12,31.1,17.4,23.7,0.0,0.0,6.25,27.06,22.3,65,era5_archive
2013-08-13,33.0,17.9,24.8,0.0,0.0,5.94,25.53,18.6,67,era5_archive
2013-08-14,35.7,17.9,26.6,0.0,0.0,6.52,26.68,16.3,59,era5_archive
2013-08-15,36.3,20.5,27.6,0.0,0.0,7.02,26.31,25.1,59,era5_archive
2013-08-16,34.6,20.9,27.0,0.0,0.0,7.12,26.66,24.6,57,era5_archive
2013-08-17,34.2,17.9,25.7,0.0,0.0,6.89,26.76,23.0,57,era5_archive
2013-08-18,33.1,17.8,24.9,0.0,0.0,6.82,27.0,24.1,58,era5_archive
2013-08-19,32.2,15.7,23.6,0.0,0.0,6.4,27.19,19.0,57,era5_archive
2013-08-20,33.4,16.2,24.5,0.0,0.0,6.71,27.26,23.5,57,era5_archive
2013-08-21,32.4,17.8,24.5,0.0,0.0,6.44,26.02,24.5,62,era5_archive
2013-08-22,31.7,17.1,24.1,0.0,0.0,6.51,26.33,22.9,58,era5_archive
2013-08-23,31.2,16.7,23.6,0.0,0.0,6.34,26.33,22.2,60,era5_archive
2013-08-24,29.2,16.7,22.6,0.0,0.0,5.74,25.1,24.0,67,era5_archive
2013-08-25,30.3,17.9,23.4,0.0,0.0,5.78,25.28,20.2,65,era5_archive
2013-08-26,32.1,17.3,23.8,0.0,0.0,5.75,24.96,19.0,65,era5_archive
2013-08-27,33.1,17.3,24.4,0.0,0.0,6.16,25.27,19.0,60,era5_archive
2013-08-28,34.0,17.3,25.2,0.0,0.0,6.45,25.85,18.8,54,era5_archive
2013-08-29,33.6,18.0,25.2,0.0,0.0,6.32,25.12,22.6,59,era5_archive
2013-08-30,34.2,18.0,25.8,0.0,0.0,6.62,26.16,19.5,49,era5_archive
2013-08-31,33.6,17.4,25.0,0.0,0.0,6.13,25.09,18.4,59,era5_archive
2013-09-01,32.1,17.6,24.4,0.0,0.0,5.7,24.7,16.6,64,era5_archive
2013-09-02,33.6,17.8,25.2,0.0,0.0,5.86,24.09,18.4,62,era5_archive
2013-09-03,32.5,18.4,25.0,0.0,0.0,6.04,24.65,23.3,62,era5_archive
2013-09-04,30.0,18.2,23.4,0.0,0.0,5.65,24.43,22.6,67,era5_archive
2013-09-05,30.1,17.7,23.1,0.0,0.0,5.57,23.72,22.1,65,era5_archive
2013-09-06,31.1,15.3,22.9,0.0,0.0,5.91,25.25,17.3,46,era5_archive
2013-09-07,29.6,14.6,21.8,0.0,0.0,5.77,24.83,19.5,50,era5_archive
2013-09-08,29.5,15.4,21.6,0.0,0.0,5.58,24.37,20.5,61,era5_archive
2013-09-09,29.5,14.6,21.7,0.0,0.0,5.37,23.99,18.5,62,era5_archive
2013-09-10,31.6,15.1,23.3,0.0,0.0,5.6,23.93,17.7,57,era5_archive
2013-09-11,33.3,16.4,24.9,0.0,0.0,5.58,24.04,13.2,42,era5_archive
2013-09-12,35.8,17.8,27.0,0.0,0.0,5.32,24.03,9.2,39,era5_archive
2013-09-13,37.0,18.9,27.8,0.0,0.0,5.96,23.89,13.9,38,era5_archive
2013-09-14,35.6,18.9,26.9,0.0,0.0,6.5,23.47,20.6,43,era5_archive
2013-09-15,32.0,17.6,24.1,0.0,0.0,5.93,22.73,23.1,56,era5_archive
2013-09-16,28.8,16.5,21.7,0.0,0.0,5.28,23.05,22.2,63,era5_archive
2013-09-17,28.1,13.7,20.7,0.0,0.0,5.15,22.51,24.9,64,era5_archive
2013-09-18,29.6,15.5,22.4,0.0,0.0,5.36,22.23,23.1,60,era5_archive
2013-09-19,30.6,16.9,23.4,0.0,0.0,4.96,21.08,17.7,60,era5_archive
2013-09-20,29.4,19.3,24.2,0.0,0.0,5.76,21.86,25.2,48,era5_archive
2013-09-21,26.3,16.7,21.0,0.0,0.0,4.25,18.43,27.0,73,era5_archive
2013-09-22,26.7,17.1,21.2,0.0,0.0,4.51,19.19,24.7,67,era5_archive
2013-09-23,26.2,14.9,20.2,0.0,0.0,4.55,19.17,26.7,65,era5_archive
2013-09-24,24.1,16.5,19.6,0.0,0.0,4.18,18.26,27.4,66,era5_archive
2013-09-25,25.1,13.6,19.0,0.0,0.0,4.39,20.48,20.2,63,era5_archive
2013-09-26,28.5,13.1,20.8,0.0,0.0,4.35,21.94,9.3,52,era5_archive
2013-09-27,29.5,14.3,21.9,0.0,0.0,4.83,21.75,17.2,50,era5_archive
2013-09-28,26.0,14.1,19.3,0.0,0.0,4.48,21.12,20.2,67,era5_archive
2013-09-29,26.7,13.4,19.2,0.0,0.0,4.48,21.61,14.9,63,era5_archive
2013-09-30,28.7,12.8,20.6,0.0,0.0,4.31,20.73,10.0,58,era5_archive
2013-10-01,31.6,14.3,22.6,0.0,0.0,4.62,20.86,14.3,56,era5_archive
2013-10-02,27.9,16.4,21.9,0.0,0.0,4.71,20.62,18.4,60,era5_archive
2013-10-03,26.6,14.4,20.3,0.0,0.0,4.39,18.33,24.6,58,era5_archive
2013-10-04,24.1,15.3,18.8,0.0,0.0,4.17,17.85,27.0,65,era5_archive
2013-10-05,22.7,12.2,17.0,0.0,0.0,4.27,20.12,21.9,62,era5_archive
2013-10-06,19.9,11.4,15.7,0.0,0.0,3.67,16.11,24.0,55,era5_archive
2013-10-07,21.2,8.1,14.4,0.0,0.0,3.87,20.76,14.5,54,era5_archive
2013-10-08,24.0,8.2,16.1,0.0,0.0,4.37,20.81,11.4,32,era5_archive
2013-10-09,25.8,10.2,17.5,0.0,0.0,5.28,20.79,13.5,17,era5_archive
2013-10-10,27.4,9.5,18.5,0.0,0.0,5.09,20.27,13.7,18,era5_archive
2013-10-11,29.2,13.5,20.7,0.0,0.0,4.9,20.13,14.9,23,era5_archive
2013-10-12,26.7,11.3,18.9,0.0,0.0,4.33,19.3,18.0,52,era5_archive
2013-10-13,25.7,11.0,18.1,0.0,0.0,4.16,19.02,19.6,59,era5_archive
2013-10-14,25.0,13.2,18.4,0.0,0.0,3.85,17.58,19.9,66,era5_archive
2013-10-15,26.6,11.2,18.9,0.0,0.0,3.83,18.86,10.4,58,era5_archive
2013-10-16,28.0,13.0,20.7,0.0,0.0,4.02,18.96,9.7,42,era5_archive
2013-10-17,28.3,12.3,20.3,0.0,0.0,4.06,18.72,12.6,50,era5_archive
2013-10-18,25.3,12.4,18.1,0.9,0.9,3.64,16.33,25.8,67,era5_archive
2013-10-19,21.7,13.7,16.8,0.0,0.0,3.05,14.06,25.1,73,era5_archive
2013-10-20,22.5,9.7,15.9,0.0,0.0,3.27,18.41,10.1,60,era5_archive
2013-10-21,24.3,10.1,17.1,0.0,0.0,4.89,18.54,16.3,31,era5_archive
2013-10-22,25.3,10.5,17.8,0.0,0.0,4.98,18.17,18.8,27,era5_archive
2013-10-23,26.5,11.0,18.5,0.0,0.0,4.2,18.05,14.2,37,era5_archive
2013-10-24,24.8,10.1,17.1,0.0,0.0,3.83,17.9,19.7,57,era5_archive
2013-10-25,23.2,8.4,15.9,0.0,0.0,3.69,17.83,16.7,55,era5_archive
2013-10-26,23.2,8.7,15.9,0.0,0.0,3.58,17.74,14.5,48,era5_archive
2013-10-27,23.4,10.7,16.5,0.0,0.0,3.6,17.55,16.8,56,era5_archive
2013-10-28,24.6,8.3,16.3,0.0,0.0,3.48,17.64,9.2,44,era5_archive
2013-10-29,25.0,10.3,17.2,0.0,0.0,4.74,17.25,19.7,25,era5_archive
2013-10-30,23.6,13.4,18.2,0.0,0.0,4.18,13.13,23.2,39,era5_archive
2013-10-31,21.5,12.7,15.8,6.8,6.8,2.53,11.73,19.3,66,era5_archive
2013-11-01,20.8,11.1,15.3,2.8,2.8,2.47,12.24,18.6,71,era5_archive
2013-11-02,20.4,12.3,15.8,0.0,0.0,2.42,12.76,9.6,69,era5_archive
2013-11-03,22.4,11.3,16.4,0.0,0.0,2.8,14.13,9.2,63,era5_archive
2013-11-04,21.9,9.7,15.9,0.0,0.0,3.44,14.72,20.8,61,era5_archive
2013-11-05,23.3,13.1,17.8,0.0,0.0,3.77,15.04,25.6,51,era5_archive
2013-11-06,25.5,11.8,18.6,0.0,0.0,3.27,15.83,11.2,53,era5_archive
2013-11-07,24.7,14.0,19.1,0.0,0.0,3.02,14.13,10.4,45,era5_archive
2013-11-08,22.2,13.6,17.4,0.2,0.2,2.64,10.57,10.2,44,era5_archive
2013-11-09,22.6,11.8,16.6,1.6,1.6,2.59,13.85,7.7,50,era5_archive
2013-11-10,21.7,11.3,16.1,0.8,0.8,2.55,12.38,10.5,61,era5_archive
2013-11-11,21.6,12.2,16.4,0.0,0.0,2.74,12.44,14.6,65,era5_archive
2013-11-12,18.2,11.3,15.0,0.0,0.0,1.44,6.16,14.8,74,era5_archive
2013-11-13,20.6,9.8,15.0,0.0,0.0,2.06,12.16,7.0,70,era5_archive
2013-11-14,21.3,10.6,15.9,0.0,0.0,2.55,10.79,15.6,63,era5_archive
2013-11-15,21.9,11.4,16.1,0.0,0.0,3.05,14.66,15.6,59,era5_archive
2013-11-16,20.7,9.8,14.8,0.0,0.0,2.37,12.93,11.0,75,era5_archive
2013-11-17,19.5,10.1,14.2,0.1,0.1,2.14,12.55,9.2,72,era5_archive
2013-11-18,16.9,9.1,13.3,0.7,0.7,1.91,9.58,16.0,70,era5_archive
2013-11-19,19.0,10.1,13.8,0.0,0.0,2.58,11.87,20.5,60,era5_archive
2013-11-20,18.9,8.7,13.2,0.0,0.0,2.5,13.28,14.8,63,era5_archive
2013-11-21,19.6,8.4,13.3,0.0,0.0,2.49,13.54,16.3,71,era5_archive
2013-11-22,20.6,7.4,14.2,0.0,0.0,2.23,11.75,15.1,59,era5_archive
2013-11-23,21.8,9.2,15.4,0.0,0.0,2.6,10.48,13.1,49,era5_archive
2013-11-24,19.8,10.1,14.5,0.0,0.0,2.17,11.91,11.8,64,era5_archive
2013-11-25,22.3,7.5,14.6,0.0,0.0,2.51,12.55,11.5,52,era5_archive
2013-11-26,26.1,11.7,17.9,0.0,0.0,4.32,13.22,22.8,36,era5_archive
2013-11-27,26.9,13.4,19.5,0.0,0.0,4.14,12.3,15.9,29,era5_archive
2013-11-28,23.0,12.4,17.2,0.0,0.0,3.24,12.88,18.1,46,era5_archive
2013-11-29,17.9,9.5,12.8,0.0,0.0,2.06,10.96,25.1,77,era5_archive
2013-11-30,19.5,6.4,12.4,0.0,0.0,2.56,13.63,11.0,61,era5_archive
2013-12-01,19.2,10.8,14.8,0.0,0.0,3.6,11.07,30.6,50,era5_archive
2013-12-02,21.1,12.5,15.7,0.0,0.0,2.81,8.62,20.2,46,era5_archive
2013-12-03,23.2,11.7,17.1,0.1,0.1,2.09,8.61,9.7,49,era5_archive
2013-12-04,19.2,10.2,13.9,1.6,1.6,1.93,10.17,19.2,74,era5_archive
2013-12-05,12.9,8.8,10.8,15.8,15.8,1.06,7.66,21.7,90,era5_archive
2013-12-06,13.9,8.9,11.1,0.4,0.4,1.23,7.85,11.3,83,era5_archive
2013-12-07,14.5,6.6,10.7,0.5,0.5,1.44,9.51,18.2,82,era5_archive
2013-12-08,13.1,8.3,10.1,2.0,2.0,0.92,6.49,23.1,90,era5_archive
2013-12-09,12.1,3.6,8.5,0.0,0.0,1.6,10.98,25.0,79,era5_archive
2013-12-10,10.3,0.6,5.5,0.0,0.0,1.51,11.79,13.4,75,era5_archive
2013-12-11,8.5,4.0,6.5,14.7,14.7,0.7,4.41,31.0,88,era5_archive
2013-12-12,4.6,0.5,2.5,12.7,7.2,0.63,6.78,24.3,92,era5_archive
2013-12-13,5.4,1.0,2.7,2.6,1.1,1.12,9.6,32.4,81,era5_archive
2013-12-14,6.7,1.0,3.2,0.0,0.0,1.1,9.31,22.1,80,era5_archive
2013-12-15,8.4,-4.0,2.2,0.0,0.0,1.43,12.77,7.1,79,era5_archive
2013-12-16,8.5,-3.1,1.9,0.0,0.0,1.51,13.0,13.2,74,era5_archive
2013-12-17,9.5,-3.2,2.5,0.0,0.0,1.65,12.88,13.1,66,era5_archive
2013-12-18,11.1,1.4,5.5,0.0,0.0,1.58,11.51,7.6,62,era5_archive
2013-12-19,12.2,0.0,6.4,0.0,0.0,1.61,12.65,4.7,67,era5_archive
2013-12-20,12.7,0.5,6.1,0.0,0.0,1.77,12.74,10.5,69,era5_archive
2013-12-21,13.6,2.5,7.4,0.0,0.0,1.81,12.89,7.8,60,era5_archive
2013-12-22,14.1,1.3,7.0,0.0,0.0,1.86,13.11,8.1,61,era5_archive
2013-12-23,14.3,0.3,6.3,0.0,0.0,1.89,13.23,8.9,57,era5_archive
2013-12-24,12.6,-0.7,5.4,0.0,0.0,2.42,13.3,17.8,47,era5_archive
2013-12-25,11.5,2.2,6.1,0.0,0.0,2.75,12.05,25.5,44,era5_archive
2013-12-26,10.6,4.1,6.6,0.0,0.0,1.77,6.21,21.2,55,era5_archive
2013-12-27,16.1,3.4,8.7,0.0,0.0,2.09,12.82,13.2,61,era5_archive
2013-12-28,17.1,4.9,10.6,4.6,4.6,2.27,12.4,22.3,67,era5_archive
2013-12-29,12.9,4.7,9.2,7.8,7.8,1.17,7.64,14.6,85,era5_archive
2013-12-30,11.2,1.9,6.2,0.0,0.0,1.3,10.04,11.0,82,era5_archive
2013-12-31,12.1,4.9,7.6,0.0,0.0,1.43,9.6,12.3,75,era5_archive
2014-01-01,11.4,1.5,6.5,0.0,0.0,1.18,9.14,7.1,83,era5_archive
2014-01-02,11.4,3.4,6.8,0.0,0.0,1.4,10.28,16.9,78,era5_archive
2014-01-03,11.7,3.6,7.3,0.0,0.0,1.64,10.79,20.3,73,era5_archive
2014-01-04,13.1,3.7,8.0,0.0,0.0,1.62,9.01,14.0,68,era5_archive
2014-01-05,11.8,3.0,6.9,0.0,0.0,1.51,10.85,10.6,75,era5_archive
2014-01-06,12.1,-0.1,5.8,0.0,0.0,1.65,12.9,8.2,75,era5_archive
2014-01-07,11.6,-1.6,4.5,0.0,0.0,1.8,12.65,11.7,67,era5_archive
2014-01-08,11.3,-1.0,4.6,0.0,0.0,2.21,13.94,21.3,59,era5_archive
2014-01-09,12.3,0.8,6.5,0.4,0.4,1.84,11.59,13.8,65,era5_archive
2014-01-10,10.9,3.7,6.8,0.0,0.0,1.22,8.26,18.2,78,era5_archive
2014-01-11,11.9,3.6,7.3,0.0,0.0,1.31,8.75,16.6,83,era5_archive
2014-01-12,13.2,2.8,8.0,0.0,0.0,1.4,9.53,13.0,82,era5_archive
2014-01-13,14.7,5.7,10.2,0.0,0.0,1.52,10.41,8.2,77,era5_archive
2014-01-14,14.6,6.4,9.7,0.0,0.0,2.17,10.16,20.5,63,era5_archive
2014-01-15,16.4,4.2,9.5,0.0,0.0,2.18,14.16,13.0,67,era5_archive
2014-01-16,12.7,6.8,9.0,0.0,0.0,1.78,11.97,26.0,77,era5_archive
2014-01-17,15.8,3.7,9.3,0.0,0.0,2.13,13.64,17.2,77,era5_archive
2014-01-18,15.2,2.8,8.5,0.0,0.0,2.04,13.89,10.3,79,era5_archive
2014-01-19,16.1,2.7,9.2,0.0,0.0,2.12,13.99,9.7,67,era5_archive
2014-01-20,17.6,4.4,10.7,0.0,0.0,2.29,14.63,7.7,60,era5_archive
2014-01-21,18.9,4.3,10.9,0.0,0.0,2.37,14.79,7.2,57,era5_archive
2014-01-22,17.9,5.0,10.3,0.0,0.0,2.38,12.45,12.6,56,era5_archive
2014-01-23,13.8,4.3,8.7,0.0,0.0,1.63,10.84,21.1,84,era5_archive
2014-01-24,14.4,4.4,9.0,0.0,0.0,1.81,12.64,9.3,79,era5_archive
2014-01-25,16.8,3.9,9.6,0.0,0.0,2.91,15.05,22.1,61,era5_archive
2014-01-26,16.0,7.9,11.9,0.7,0.7,3.12,10.34,23.1,51,era5_archive
2014-01-27,15.9,5.9,10.8,0.2,0.2,1.86,10.65,18.2,72,era5_archive
2014-01-28,11.5,3.6,8.0,3.1,3.1,1.3,7.23,25.0,80,era5_archive
2014-01-29,16.6,3.1,10.0,0.0,0.0,2.3,14.95,15.4,70,era5_archive
2014-01-30,15.3,3.3,9.2,0.0,0.0,2.43,15.66,17.9,67,era5_archive
2014-01-31,17.0,2.9,9.6,0.0,0.0,2.61,15.73,13.4,65,era5_archive
2014-02-01,17.8,6.1,11.3,0.0,0.0,2.76,15.68,13.6,49,era5_archive
2014-02-02,12.2,6.9,9.1,0.6,0.6,2.3,6.87,20.6,50,era5_archive
2014-02-03,10.4,2.8,6.3,0.1,0.1,1.68,10.7,16.6,68,era5_archive
2014-02-04,11.4,1.4,5.5,0.0,0.0,2.0,13.41,27.1,69,era5_archive
2014-02-05,9.9,-2.7,3.6,0.0,0.0,2.2,16.81,11.8,60,era5_archive
2014-02-06,10.6,-1.1,4.5,0.0,0.0,2.49,15.63,15.4,44,era5_archive
2014-02-07,12.2,-0.2,6.4,0.0,0.0,2.15,16.48,4.2,45,era5_archive
2014-02-08,14.0,0.5,7.2,0.0,0.0,2.58,17.33,6.6,44,era5_archive
2014-02-09,14.9,-0.5,7.0,0.0,0.0,3.08,17.74,13.3,42,era5_archive
2014-02-10,16.5,1.3,8.2,0.0,0.0,3.31,17.82,15.7,41,era5_archive
2014-02-11,15.9,2.2,8.4,0.0,0.0,2.6,17.35,13.0,68,era5_archive
2014-02-12,17.9,2.3,9.9,0.0,0.0,3.5,17.7,19.9,54,era5_archive
2014-02-13,18.4,6.2,11.6,0.0,0.0,4.53,18.0,29.7,37,era5_archive
2014-02-14,19.4,7.0,12.6,0.4,0.4,4.47,18.03,22.3,36,era5_archive
2014-02-15,13.3,6.0,9.4,1.9,1.9,1.96,12.89,17.9,77,era5_archive
2014-02-16,12.8,5.5,8.2,0.3,0.3,1.62,10.49,21.0,79,era5_archive
2014-02-17,13.8,2.8,8.0,0.0,0.0,2.07,13.38,21.0,78,era5_archive
2014-02-18,16.4,3.9,9.8,0.0,0.0,2.76,18.09,8.0,66,era5_archive
2014-02-19,19.7,2.7,11.0,0.0,0.0,3.27,19.08,10.4,57,era5_archive
2014-02-20,21.2,5.3,12.4,0.0,0.0,4.35,19.49,19.4,40,era5_archive
2014-02-21,22.5,7.7,14.5,0.0,0.0,4.95,18.54,20.1,28,era5_archive
2014-02-22,23.4,6.8,14.7,0.0,0.0,4.37,18.98,15.5,36,era5_archive
2014-02-23,19.0,7.3,12.7,0.0,0.0,2.93,17.68,9.5,70,era5_archive
2014-02-24,21.8,6.1,13.8,0.0,0.0,3.94,19.62,19.2,57,era5_archive
2014-02-25,14.9,8.5,11.1,0.0,0.0,1.92,10.47,25.6,80,era5_archive
2014-02-26,14.3,7.0,10.3,0.1,0.1,2.08,12.01,18.5,73,era5_archive
2014-02-27,14.5,3.8,9.0,0.0,0.0,2.43,15.36,20.2,75,era5_archive
2014-02-28,16.7,2.8,9.6,0.0,0.0,2.99,19.33,9.6,68,era5_archive
2014-03-01,22.1,4.3,12.9,0.0,0.0,4.55,18.72,19.6,41,era5_archive
2014-03-02,25.7,11.7,17.3,0.0,0.0,5.73,18.23,25.3,29,era5_archive
2014-03-03,22.6,7.9,14.9,0.0,0.0,3.85,20.01,14.4,53,era5_archive
2014-03-04,20.2,7.1,13.4,0.0,0.0,3.98,20.59,28.5,60,era5_archive
2014-03-05,22.3,7.3,14.6,0.0,0.0,3.79,21.01,9.0,49,era5_archive
2014-03-06,24.5,9.8,16.4,0.0,0.0,4.91,21.03,20.0,39,era5_archive
2014-03-07,26.0,9.4,17.8,0.0,0.0,5.72,20.96,25.7,42,era5_archive
2014-03-08,25.9,15.6,19.9,0.8,0.8,6.57,16.43,35.1,32,era5_archive
2014-03-09,21.3,13.3,16.5,3.0,3.0,2.99,12.48,18.4,62,era5_archive
2014-03-10,14.3,8.0,11.6,9.0,9.0,2.51,18.21,26.8,81,era5_archive
2014-03-11,16.4,4.6,10.1,0.0,0.0,3.0,18.43,17.7,73,era5_archive
2014-03-12,12.2,5.3,8.0,14.5,14.5,1.54,12.21,27.4,85,era5_archive
2014-03-13,10.9,5.9,7.7,10.2,10.2,1.21,9.73,21.4,89,era5_archive
2014-03-14,9.8,5.2,7.0,8.8,8.8,1.77,14.63,24.2,84,era5_archive
2014-03-15,13.1,3.1,8.1,0.0,0.0,2.5,17.79,20.1,75,era5_archive
2014-03-16,17.3,0.9,9.9,0.0,0.0,3.35,21.99,15.3,70,era5_archive
2014-03-17,22.9,5.9,14.3,0.1,0.1,4.16,20.93,17.7,54,era5_archive
2014-03-18,16.7,6.2,11.8,0.0,0.0,2.6,16.13,18.9,75,era5_archive
2014-03-19,19.2,6.1,12.9,0.0,0.0,3.41,20.22,9.5,72,era5_archive
2014-03-20,21.0,8.8,14.7,0.0,0.0,3.55,19.75,13.2,67,era5_archive
2014-03-21,19.6,7.6,13.1,0.0,0.0,3.89,22.88,15.0,68,era5_archive
2014-03-22,21.8,7.9,14.6,0.0,0.0,4.01,23.8,6.8,55,era5_archive
2014-03-23,24.4,8.8,16.1,0.0,0.0,4.95,22.56,23.2,43,era5_archive
2014-03-24,22.4,12.3,17.5,0.0,0.0,4.02,17.95,15.3,41,era5_archive
2014-03-25,21.4,11.2,15.6,1.0,1.0,3.53,16.82,13.9,56,era5_archive
2014-03-26,19.2,8.8,13.2,0.0,0.0,3.92,23.8,19.6,72,era5_archive
2014-03-27,21.2,5.8,13.1,0.0,0.0,4.3,24.5,14.0,61,era5_archive
2014-03-28,24.8,7.7,16.3,0.0,0.0,4.58,25.7,8.7,38,era5_archive
2014-03-29,24.9,9.5,16.7,0.0,0.0,6.17,24.99,24.1,32,era5_archive
2014-03-30,16.1,6.1,11.6,0.4,0.4,3.24,19.17,36.9,69,era5_archive
2014-03-31,17.7,0.9,10.1,0.0,0.0,4.13,25.88,14.5,47,era5_archive
2014-04-01,21.4,7.2,14.1,0.0,0.0,5.36,25.1,17.6,27,era5_archive
2014-04-02,19.1,5.4,12.4,0.5,0.5,4.62,24.74,21.9,44,era5_archive
2014-04-03,19.6,5.3,11.9,0.0,0.0,4.03,22.74,23.2,68,era5_archive
2014-04-04,19.9,5.3,12.2,0.0,0.0,4.13,24.43,18.9,70,era5_archive
2014-04-05,25.1,7.6,16.6,0.0,0.0,6.03,25.95,18.0,45,era5_archive
2014-04-06,28.5,12.9,20.1,0.0,0.0,7.13,26.23,26.0,18,era5_archive
2014-04-07,29.2,14.0,20.4,0.0,0.0,6.12,26.33,24.4,32,era5_archive
2014-04-08,22.2,10.0,16.0,0.0,0.0,5.02,25.53,23.4,56,era5_archive
2014-04-09,23.4,9.4,15.6,0.5,0.5,5.05,24.97,22.7,49,era5_archive
2014-04-10,18.7,8.2,13.0,0.1,0.1,3.65,21.51,18.8,70,era5_archive
2014-04-11,23.5,6.7,15.3,0.0,0.0,4.7,26.56,7.9,54,era5_archive
2014-04-12,22.5,9.7,16.1,0.0,0.0,4.23,19.45,22.7,51,era5_archive
2014-04-13,20.6,9.1,14.2,0.0,0.0,4.55,25.34,17.0,64,era5_archive
2014-04-14,22.9,6.6,14.9,0.0,0.0,5.16,26.75,15.9,53,era5_archive
2014-04-15,25.6,9.2,17.1,0.4,0.4,4.78,18.39,23.8,46,era5_archive
2014-04-16,27.9,9.9,19.6,0.0,0.0,6.45,26.61,19.6,37,era5_archive
2014-04-17,25.2,12.7,18.9,0.0,0.0,5.97,26.63,22.8,42,era5_archive
2014-04-18,25.0,9.1,17.5,0.0,0.0,5.6,26.94,22.5,53,era5_archive
2014-04-19,31.5,16.1,23.0,0.0,0.0,7.46,19.25,31.6,25,era5_archive
2014-04-20,30.1,17.1,23.4,0.5,0.5,6.75,22.84,18.5,37,era5_archive
2014-04-21,23.5,12.1,17.1,0.0,0.0,5.68,26.97,25.8,56,era5_archive
2014-04-22,24.3,8.6,16.4,0.0,0.0,5.35,26.81,20.4,58,era5_archive
2014-04-23,28.9,10.4,20.3,0.0,0.0,5.71,27.33,10.9,44,era5_archive
2014-04-24,32.1,13.7,23.5,0.0,0.0,7.3,27.3,19.7,30,era5_archive
2014-04-25,33.3,19.7,25.5,0.0,0.0,7.92,23.84,22.7,26,era5_archive
2014-04-26,26.5,12.7,19.2,0.0,0.0,5.66,27.31,23.7,59,era5_archive
2014-04-27,28.0,9.3,18.6,0.0,0.0,6.05,28.81,15.7,49,era5_archive
2014-04-28,28.2,9.8,19.6,0.0,0.0,6.58,28.67,21.8,40,era5_archive
2014-04-29,26.5,10.5,18.8,0.0,0.0,6.33,28.59,20.3,42,era5_archive
2014-04-30,27.6,13.1,19.7,0.0,0.0,6.4,28.56,21.1,42,era5_archive
2014-05-01,28.1,12.8,20.5,0.0,0.0,6.09,27.09,22.7,39,era5_archive
2014-05-02,25.5,12.5,18.7,0.0,0.0,6.27,28.32,26.1,48,era5_archive
2014-05-03,28.9,11.0,20.3,0.0,0.0,6.62,27.96,23.7,40,era5_archive
2014-05-04,32.7,16.4,25.0,0.0,0.0,6.78,27.7,13.6,23,era5_archive
2014-05-05,33.2,20.7,26.5,0.0,0.0,8.7,21.13,33.1,17,era5_archive
2014-05-06,25.7,19.3,22.3,0.9,0.9,3.8,10.56,21.0,40,era5_archive
2014-05-07,29.6,16.0,22.7,0.3,0.3,4.96,22.02,14.3,46,era5_archive
2014-05-08,19.3,13.9,17.1,10.8,10.8,2.2,11.46,19.5,80,era5_archive
2014-05-09,20.8,11.0,16.1,0.1,0.1,4.52,25.02,21.3,69,era5_archive
2014-05-10,23.9,9.9,17.0,0.0,0.0,5.45,27.85,16.0,53,era5_archive
2014-05-11,23.3,10.9,17.5,0.3,0.3,5.37,26.99,21.5,50,era5_archive
2014-05-12,21.8,10.4,16.0,0.1,0.1,4.87,25.33,23.9,64,era5_archive
2014-05-13,22.4,10.3,16.1,0.0,0.0,4.89,25.71,29.8,69,era5_archive
2014-05-14,24.2,10.6,17.1,0.0,0.0,5.5,28.19,23.6,63,era5_archive
2014-05-15,29.0,11.1,20.1,0.0,0.0,6.52,29.8,17.0,44,era5_archive
2014-05-16,29.9,14.5,22.1,0.0,0.0,6.3,26.36,18.2,37,era5_archive
2014-05-17,29.1,13.1,21.1,0.0,0.0,6.85,28.96,22.0,46,era5_archive
2014-05-18,24.4,12.2,17.7,0.0,0.0,6.14,29.74,24.2,53,era5_archive
2014-05-19,23.6,11.2,16.7,0.0,0.0,5.47,28.13,24.6,59,era5_archive
2014-05-20,26.1,11.7,18.5,0.0,0.0,6.02,28.47,25.1,57,era5_archive
2014-05-21,29.2,13.8,21.7,0.0,0.0,6.34,26.73,21.3,44,era5_archive
2014-05-22,27.0,12.7,20.4,0.2,0.2,5.83,26.39,17.4,51,era5_archive
2014-05-23,27.9,13.2,20.4,0.0,0.0,6.27,29.29,16.3,56,era5_archive
2014-05-24,26.5,11.3,19.2,0.0,0.0,6.17,29.39,24.2,58,era5_archive
2014-05-25,27.9,12.5,19.8,0.0,0.0,6.44,29.69,21.0,54,era5_archive
2014-05-26,27.1,11.1,19.4,0.0,0.0,6.3,29.38,24.0,56,era5_archive
2014-05-27,30.0,12.8,21.7,0.0,0.0,6.85,29.51,23.1,52,era5_archive
2014-05-28,33.3,17.1,24.7,0.0,0.0,8.15,29.01,24.8,37,era5_archive
2014-05-29,29.1,15.2,22.0,0.0,0.0,6.51,27.54,23.6,54,era5_archive
2014-05-30,34.2,14.7,25.1,0.0,0.0,6.96,30.21,13.1,34,era5_archive
2014-05-31,33.5,18.3,25.5,0.0,0.0,7.96,26.73,24.9,34,era5_archive
2014-06-01,25.1,13.7,18.9,0.0,0.0,5.85,28.75,24.4,62,era5_archive
2014-06-02,23.7,14.3,18.3,0.0,0.0,5.33,25.71,23.7,61,era5_archive
2014-06-03,27.7,12.1,20.0,0.0,0.0,6.57,28.52,26.8,53,era5_archive
2014-06-04,34.7,14.1,25.8,0.0,0.0,7.36,29.17,16.3,27,era5_archive
2014-06-05,29.8,17.1,24.9,0.0,0.0,7.26,25.45,29.3,39,era5_archive
2014-06-06,25.1,14.3,19.3,0.0,0.0,5.29,25.15,23.0,66,era5_archive
2014-06-07,26.1,13.2,19.3,0.0,0.0,5.55,26.6,20.5,63,era5_archive
2014-06-08,27.8,13.8,20.8,0.0,0.0,6.21,29.87,14.7,55,era5_archive
2014-06-09,30.5,14.8,22.6,0.0,0.0,6.64,29.54,18.5,54,era5_archive
2014-06-10,28.5,15.1,21.5,0.0,0.0,6.62,29.06,27.2,57,era5_archive
2014-06-11,26.5,14.6,20.1,0.0,0.0,6.04,27.93,31.2,65,era5_archive
2014-06-12,25.2,14.7,19.7,0.0,0.0,5.53,26.35,27.1,67,era5_archive
2014-06-13,27.9,15.1,20.9,0.0,0.0,5.79,27.26,21.3,66,era5_archive
2014-06-14,30.4,15.0,22.6,0.0,0.0,6.75,29.92,15.5,52,era5_archive
2014-06-15,30.1,14.0,22.4,0.0,0.0,7.36,30.3,24.3,46,era5_archive
2014-06-16,32.0,12.8,22.8,0.0,0.0,7.81,30.18,24.9,38,era5_archive
2014-06-17,31.5,15.7,23.8,0.0,0.0,8.35,30.2,30.0,34,era5_archive
2014-06-18,31.3,15.8,23.1,0.0,0.0,7.0,28.36,27.4,57,era5_archive
2014-06-19,32.7,16.5,24.7,0.0,0.0,7.58,28.93,27.9,53,era5_archive
2014-06-20,34.9,17.2,26.4,0.0,0.0,8.29,29.87,23.9,42,era5_archive
2014-06-21,28.4,17.3,22.2,0.0,0.0,6.57,28.74,24.5,58,era5_archive
2014-06-22,30.0,13.8,21.5,0.0,0.0,6.47,29.25,20.4,60,era5_archive
2014-06-23,31.5,13.7,22.5,0.0,0.0,6.71,29.48,20.1,56,era5_archive
2014-06-24,31.6,14.1,22.7,0.0,0.0,7.07,30.03,22.6,56,era5_archive
2014-06-25,30.7,14.7,22.6,0.0,0.0,7.24,29.42,27.3,54,era5_archive
2014-06-26,33.4,15.6,24.5,0.0,0.0,7.24,29.54,18.8,49,era5_archive
2014-06-27,38.4,17.0,28.3,0.0,0.0,7.98,29.84,27.4,37,era5_archive
2014-06-28,38.6,20.2,30.1,0.0,0.0,8.17,29.18,22.2,28,era5_archive
2014-06-29,37.9,20.9,29.5,0.0,0.0,8.26,29.88,22.8,31,era5_archive
2014-06-30,36.2,18.5,27.6,0.0,0.0,7.79,29.97,17.9,38,era5_archive
2014-07-01,32.9,17.4,25.2,0.0,0.0,7.66,30.41,23.2,48,era5_archive
2014-07-02,33.7,16.1,24.9,0.0,0.0,7.75,29.51,27.7,49,era5_archive
2014-07-03,33.0,17.2,24.9,0.0,0.0,7.11,28.46,27.9,57,era5_archive
2014-07-04,33.6,18.2,25.6,0.0,0.0,7.28,28.77,25.2,57,era5_archive
2014-07-05,32.8,17.3,24.9,0.0,0.0,7.21,29.46,22.8,57,era5_archive
2014-07-06,31.0,15.4,23.3,0.0,0.0,6.72,29.55,20.5,60,era5_archive
2014-07-07,31.4,15.2,23.5,0.0,0.0,6.82,29.23,24.1,60,era5_archive
2014-07-08,32.5,16.7,24.4,0.0,0.0,6.98,28.73,23.6,58,era5_archive
2014-07-09,33.5,16.0,24.9,0.0,0.0,7.5,28.41,27.1,51,era5_archive
2014-07-10,34.6,17.5,26.3,0.0,0.0,8.15,29.52,26.4,41,era5_archive
2014-07-11,33.6,16.5,25.4,0.0,0.0,7.65,29.97,23.0,42,era5_archive
2014-07-12,36.0,17.8,27.2,0.0,0.0,8.54,28.32,29.8,38,era5_archive
2014-07-13,30.6,18.9,24.1,0.0,0.0,7.39,28.3,32.0,52,era5_archive
2014-07-14,28.8,18.1,22.3,0.0,0.0,6.24,27.01,29.1,64,era5_archive
2014-07-15,30.9,17.8,23.2,0.0,0.0,6.26,27.31,22.7,65,era5_archive
2014-07-16,30.6,18.0,23.4,0.0,0.0,6.47,27.74,23.3,62,era5_archive
2014-07-17,30.6,16.4,22.6,0.0,0.0,6.59,28.39,23.7,61,era5_archive
2014-07-18,30.5,14.7,22.1,0.0,0.0,6.42,28.1,25.4,64,era5_archive
2014-07-19,29.8,17.3,22.4,0.0,0.0,6.35,27.67,27.9,65,era5_archive
2014-07-20,29.1,17.8,22.7,0.0,0.0,6.17,25.06,29.2,63,era5_archive
2014-07-21,28.7,17.5,22.9,0.0,0.0,5.72,24.51,25.1,66,era5_archive
2014-07-22,30.8,16.5,23.5,0.2,0.2,6.24,26.84,23.3,65,era5_archive
2014-07-23,32.0,16.7,24.4,0.0,0.0,6.82,27.32,25.6,60,era5_archive
2014-07-24,31.9,17.0,24.2,0.0,0.0,7.14,28.3,27.2,56,era5_archive
2014-07-25,31.0,16.2,22.9,0.0,0.0,6.47,27.68,25.4,63,era5_archive
2014-07-26,30.9,15.0,23.0,0.0,0.0,6.58,28.64,19.5,60,era5_archive
2014-07-27,30.7,16.3,23.5,0.0,0.0,6.6,28.83,21.8,60,era5_archive
2014-07-28,31.6,17.0,23.6,0.0,0.0,6.25,26.66,26.3,68,era5_archive
2014-07-29,33.1,18.8,25.0,0.0,0.0,7.03,27.71,27.4,60,era5_archive
2014-07-30,33.4,17.2,25.0,0.0,0.0,7.21,28.12,25.5,56,era5_archive
2014-07-31,33.7,16.0,24.3,0.0,0.0,7.05,28.49,24.6,57,era5_archive
2014-08-01,34.4,16.0,25.1,0.0,0.0,7.27,28.31,22.6,52,era5_archive
2014-08-02,33.5,15.8,24.6,0.0,0.0,7.27,28.74,22.6,52,era5_archive
2014-08-03,30.7,18.1,23.4,0.0,0.0,6.42,27.27,26.5,65,era5_archive
2014-08-04,29.8,17.8,23.2,0.0,0.0,5.91,24.87,26.6,65,era5_archive
2014-08-05,30.7,18.3,24.2,0.0,0.0,6.18,25.12,24.6,62,era5_archive
2014-08-06,31.4,20.5,25.2,0.0,0.0,5.98,24.37,21.7,62,era5_archive
2014-08-07,33.1,17.5,25.1,0.0,0.0,6.93,28.18,21.4,54,era5_archive
2014-08-08,32.0,15.7,23.7,0.0,0.0,6.88,28.31,24.1,57,era5_archive
2014-08-09,29.7,16.8,22.5,0.0,0.0,5.96,26.37,25.0,67,era5_archive
2014-08-10,31.2,16.4,23.3,0.0,0.0,6.01,26.44,18.1,65,era5_archive
2014-08-11,33.8,16.0,24.6,0.0,0.0,6.65,27.86,19.2,59,era5_archive
2014-08-12,33.6,16.8,25.0,0.0,0.0,6.78,27.52,22.5,60,era5_archive
2014-08-13,34.9,17.3,26.0,0.0,0.0,6.83,27.4,18.3,55,era5_archive
2014-08-14,37.4,18.6,27.7,0.0,0.0,7.26,26.08,23.0,52,era5_archive
2014-08-15,34.2,19.9,26.4,0.0,0.0,7.21,26.62,29.0,56,era5_archive
2014-08-16,31.6,18.4,24.5,0.0,0.0,6.12,25.86,20.4,63,era5_archive
2014-08-17,33.9,17.6,25.6,0.0,0.0,6.4,27.2,13.5,56,era5_archive
2014-08-18,34.1,19.0,26.0,0.0,0.0,6.5,25.33,25.4,62,era5_archive
2014-08-19,32.8,19.2,25.5,0.0,0.0,6.47,26.09,20.3,57,era5_archive
2014-08-20,33.6,17.6,25.7,0.0,0.0,6.55,26.78,16.7,49,era5_archive
2014-08-21,34.7,17.3,25.7,0.0,0.0,6.77,26.98,17.9,46,era5_archive
2014-08-22,33.9,16.9,24.8,0.0,0.0,6.45,26.64,20.5,59,era5_archive
2014-08-23,36.0,19.6,27.1,0.0,0.0,6.73,25.93,20.8,58,era5_archive
2014-08-24,36.6,19.1,27.8,0.0,0.0,6.95,26.32,20.0,50,era5_archive
2014-08-25,36.1,19.3,27.5,0.0,0.0,7.32,25.91,24.2,47,era5_archive
2014-08-26,33.9,17.2,25.5,0.0,0.0,6.89,26.64,22.1,52,era5_archive
2014-08-27,33.3,17.4,25.1,0.0,0.0,6.51,26.41,16.8,56,era5_archive
2014-08-28,33.2,17.5,25.2,0.0,0.0,6.31,26.23,16.0,56,era5_archive
2014-08-29,31.8,16.4,24.0,0.0,0.0,5.98,25.83,21.7,65,era5_archive
2014-08-30,34.3,18.4,25.6,0.0,0.0,5.95,24.81,18.8,65,era5_archive
2014-08-31,35.3,19.1,26.6,0.0,0.0,6.0,24.27,19.9,65,era5_archive
2014-09-01,31.4,20.8,24.9,0.0,0.0,5.54,23.86,24.5,72,era5_archive
2014-09-02,29.9,17.7,23.0,0.0,0.0,5.68,24.44,21.6,64,era5_archive
2014-09-03,31.1,16.0,22.9,0.0,0.0,5.77,25.52,17.1,61,era5_archive
2014-09-04,32.4,15.1,23.7,0.0,0.0,6.13,25.27,21.1,57,era5_archive
2014-09-05,31.8,16.4,23.9,0.0,0.0,5.95,24.92,18.9,59,era5_archive
2014-09-06,28.8,16.2,22.5,0.0,0.0,5.33,23.71,18.4,64,era5_archive
2014-09-07,28.9,15.8,22.2,0.0,0.0,5.45,24.12,19.9,61,era5_archive
2014-09-08,29.0,15.0,21.7,0.0,0.0,5.37,24.21,20.3,61,era5_archive
2014-09-09,29.3,15.3,22.0,0.0,0.0,5.2,23.89,16.5,66,era5_archive
2014-09-10,30.3,16.0,22.5,0.0,0.0,5.3,23.41,17.9,65,era5_archive
2014-09-11,29.8,16.7,22.6,0.0,0.0,5.2,22.8,18.5,65,era5_archive
2014-09-12,30.4,15.3,22.3,0.0,0.0,5.25,22.53,20.3,65,era5_archive
2014-09-13,30.1,15.6,22.1,0.0,0.0,5.25,22.92,18.7,65,era5_archive
2014-09-14,28.4,15.0,21.4,0.0,0.0,5.22,23.25,19.6,65,era5_archive
2014-09-15,28.5,16.8,21.8,0.0,0.0,4.94,21.85,22.8,67,era5_archive
2014-09-16,28.8,16.8,22.1,0.0,0.0,5.26,22.65,22.5,64,era5_archive
2014-09-17,32.1,15.5,24.3,0.0,0.0,5.13,22.87,11.2,47,era5_archive
2014-09-18,29.0,17.6,23.1,0.0,0.0,5.24,21.68,19.3,59,era5_archive
2014-09-19,28.4,14.9,21.6,0.0,0.0,4.99,22.42,17.7,64,era5_archive
2014-09-20,27.4,15.3,20.9,0.0,0.0,4.65,21.19,20.1,69,era5_archive
2014-09-21,27.9,13.7,20.5,0.0,0.0,5.02,22.22,20.4,64,era5_archive
2014-09-22,27.5,13.7,20.4,0.0,0.0,4.71,21.29,20.7,66,era5_archive
2014-09-23,29.1,14.9,21.6,0.0,0.0,4.7,21.52,16.0,67,era5_archive
2014-09-24,32.3,15.9,23.5,0.0,0.0,5.4,21.58,22.3,62,era5_archive
2014-09-25,29.8,16.3,22.6,0.0,0.0,5.38,20.97,28.7,63,era5_archive
2014-09-26,27.4,17.1,21.7,0.0,0.0,4.63,19.81,22.9,68,era5_archive
2014-09-27,31.3,15.6,23.5,0.0,0.0,4.67,20.94,15.2,59,era5_archive
2014-09-28,24.4,16.8,20.7,4.5,4.5,3.68,15.99,24.4,62,era5_archive
2014-09-29,24.0,13.6,18.5,0.0,0.0,3.68,18.28,14.1,69,era5_archive
2014-09-30,25.8,11.9,19.3,0.0,0.0,4.02,18.88,14.1,61,era5_archive
2014-10-01,27.7,13.3,20.3,0.0,0.0,4.51,19.53,22.5,61,era5_archive
2014-10-02,24.8,14.5,19.8,0.0,0.0,3.99,17.42,19.1,64,era5_archive
2014-10-03,26.5,12.4,19.5,0.0,0.0,4.43,20.59,16.1,62,era5_archive
2014-10-04,27.6,13.7,20.1,0.0,0.0,4.53,20.91,14.9,51,era5_archive
2014-10-05,27.8,11.6,19.5,0.0,0.0,4.41,20.71,12.7,57,era5_archive
2014-10-06,29.6,11.4,20.7,0.0,0.0,4.4,20.51,10.1,53,era5_archive
2014-10-07,31.0,14.8,22.9,0.0,0.0,4.49,20.67,10.5,36,era5_archive
2014-10-08,31.7,17.2,24.6,0.0,0.0,4.26,19.44,13.2,22,era5_archive
2014-10-09,29.5,15.4,22.7,0.0,0.0,4.51,19.11,14.5,48,era5_archive
2014-10-10,30.5,17.5,23.6,0.7,0.7,4.67,16.55,16.4,47,era5_archive
2014-10-11,26.7,17.0,21.4,3.3,3.3,3.73,15.98,12.7,57,era5_archive
2014-10-12,25.2,15.9,19.6,0.0,0.0,3.86,18.94,15.4,72,era5_archive
2014-10-13,24.7,12.9,18.8,0.0,0.0,3.53,16.02,15.3,67,era5_archive
2014-10-14,23.7,11.7,17.6,0.0,0.0,3.53,17.25,18.8,69,era5_archive
2014-10-15,23.5,12.8,17.7,0.0,0.0,3.46,17.56,15.6,67,era5_archive
2014-10-16,23.0,13.3,17.7,0.3,0.3,3.46,16.82,19.2,70,era5_archive
2014-10-17,24.6,11.5,17.6,0.0,0.0,3.6,17.41,20.4,73,era5_archive
2014-10-18,24.1,13.6,18.6,0.0,0.0,3.07,13.07,24.1,73,era5_archive
2014-10-19,22.4,14.6,17.4,6.4,6.4,2.41,12.3,21.5,79,era5_archive
2014-10-20,19.6,11.0,14.8,4.3,4.3,3.35,16.19,27.1,68,era5_archive
2014-10-21,20.5,7.3,13.9,0.0,0.0,3.17,18.4,12.3,65,era5_archive
2014-10-22,23.6,8.6,15.8,0.0,0.0,4.11,17.8,21.9,51,era5_archive
2014-10-23,23.1,13.5,17.6,0.0,0.0,4.04,17.45,17.9,52,era5_archive
2014-10-24,23.8,11.1,17.4,0.0,0.0,3.27,17.76,7.6,60,era5_archive
2014-10-25,24.7,10.6,18.1,0.0,0.0,3.42,17.63,9.1,48,era5_archive
2014-10-26,26.0,12.4,19.0,0.0,0.0,3.49,17.08,9.9,40,era5_archive
2014-10-27,26.3,11.6,18.8,0.0,0.0,4.08,16.86,15.0,42,era5_archive
2014-10-28,25.0,11.4,17.6,0.0,0.0,3.45,15.88,14.0,56,era5_archive
2014-10-29,25.1,10.3,17.5,0.0,0.0,3.32,15.58,16.6,66,era5_archive
2014-10-30,21.4,11.2,15.6,0.0,0.0,2.76,14.19,21.4,78,era5_archive
2014-10-31,19.4,12.1,14.8,0.0,0.0,2.43,13.02,22.1,78,era5_archive
2014-11-01,17.7,12.2,14.2,2.2,2.2,1.87,10.64,23.4,82,era5_archive
2014-11-02,23.1,11.3,16.2,0.0,0.0,2.92,13.47,18.9,67,era5_archive
2014-11-03,17.9,10.9,13.9,1.9,1.9,1.95,11.13,25.1,77,era5_archive
2014-11-04,18.3,10.7,13.7,0.2,0.2,2.16,12.29,20.9,81,era5_archive
2014-11-05,19.2,10.4,13.9,0.0,0.0,2.24,13.16,6.0,74,era5_archive
2014-11-06,19.6,8.5,13.3,0.0,0.0,2.9,16.18,9.6,50,era5_archive
2014-11-07,20.1,4.5,11.8,0.0,0.0,3.96,16.79,16.4,32,era5_archive
2014-11-08,19.4,6.6,12.7,0.0,0.0,5.06,16.39,27.8,21,era5_archive
2014-11-09,21.4,8.8,14.5,0.0,0.0,4.87,15.8,19.6,19,era5_archive
2014-11-10,23.6,8.2,15.2,0.0,0.0,3.95,15.67,13.2,26,era5_archive
2014-11-11,24.2,10.0,16.5,0.0,0.0,3.13,15.44,7.5,26,era5_archive
2014-11-12,23.9,11.4,17.0,0.0,0.0,2.81,15.2,5.2,28,era5_archive
2014-11-13,22.0,10.2,15.2,0.0,0.0,2.78,13.2,11.5,32,era5_archive
2014-11-14,23.1,10.3,15.7,0.0,0.0,2.57,12.11,7.2,35,era5_archive
2014-11-15,22.2,11.2,15.8,0.0,0.0,2.97,14.7,11.9,43,era5_archive
2014-11-16,16.8,9.3,12.8,0.1,0.1,1.72,9.19,16.3,76,era5_archive
2014-11-17,17.3,10.5,13.3,0.0,0.0,1.72,8.93,16.3,78,era5_archive
2014-11-18,19.0,8.7,13.6,0.0,0.0,1.91,11.74,7.6,73,era5_archive
2014-11-19,20.3,7.9,14.0,0.0,0.0,3.02,14.2,18.7,59,era5_archive
2014-11-20,20.8,10.7,15.1,0.0,0.0,3.21,13.43,23.6,55,era5_archive
2014-11-21,19.8,10.3,13.9,3.4,3.4,2.37,12.95,25.7,71,era5_archive
2014-11-22,14.3,9.9,11.6,4.9,4.9,1.28,8.1,34.7,87,era5_archive
2014-11-23,13.3,6.8,9.8,5.3,5.3,1.25,8.9,9.8,87,era5_archive
2014-11-24,13.4,6.7,9.6,7.8,7.8,1.36,9.57,6.9,87,era5_archive
2014-11-25,14.0,6.4,9.7,0.8,0.8,1.5,9.41,14.8,83,era5_archive
2014-11-26,11.6,8.5,9.7,22.6,22.6,0.95,6.76,26.8,88,era5_archive
2014-11-27,12.0,7.9,9.9,9.7,9.7,1.18,8.74,18.7,88,era5_archive
2014-11-28,13.5,7.0,9.4,0.0,0.0,1.53,10.58,12.9,83,era5_archive
2014-11-29,14.6,5.9,9.9,0.0,0.0,1.6,11.0,9.0,81,era5_archive
2014-11-30,15.2,5.2,10.6,0.0,0.0,1.8,12.33,7.1,75,era5_archive
2014-12-01,15.6,5.3,10.6,0.0,0.0,1.37,8.83,14.2,84,era5_archive
2014-12-02,17.4,10.4,12.8,0.0,0.0,1.55,10.13,10.2,84,era5_archive
2014-12-03,17.9,9.2,12.9,0.0,0.0,2.31,10.66,18.2,65,era5_archive
2014-12-04,19.5,9.4,13.9,0.0,0.0,2.69,12.65,17.6,59,era5_archive
2014-12-05,20.5,8.4,14.3,0.0,0.0,2.18,12.78,9.5,65,era5_archive
2014-12-06,19.4,9.4,13.2,0.0,0.0,1.96,12.66,5.9,75,era5_archive
2014-12-07,19.9,9.4,14.0,0.0,0.0,1.87,11.97,5.2,71,era5_archive
2014-12-08,20.4,9.9,14.8,0.0,0.0,2.45,11.48,12.6,59,era5_archive
2014-12-09,17.0,9.9,13.8,6.2,6.2,2.19,8.1,24.0,70,era5_archive
2014-12-10,16.5,6.0,11.0,0.0,0.0,1.85,12.68,7.6,82,era5_archive
2014-12-11,17.3,5.9,11.3,0.0,0.0,2.12,10.98,22.4,73,era5_archive
2014-12-12,18.6,10.2,13.4,1.6,1.6,2.13,11.3,24.4,73,era5_archive
2014-12-13,14.8,8.0,11.6,3.1,3.1,1.49,10.26,10.8,84,era5_archive
2014-12-14,12.5,7.4,9.5,2.1,2.1,1.11,7.8,6.4,81,era5_archive
2014-12-15,13.9,5.4,9.4,0.0,0.0,1.43,9.72,10.8,84,era5_archive
2014-12-16,14.7,3.3,8.7,0.0,0.0,1.75,12.55,10.5,80,era5_archive
2014-12-17,14.3,3.7,8.8,0.0,0.0,1.96,12.27,20.9,73,era5_archive
2014-12-18,13.9,7.1,9.9,0.0,0.0,1.52,6.96,18.9,71,era5_archive
2014-12-19,14.4,7.3,10.3,0.0,0.0,1.24,7.34,12.5,80,era5_archive
2014-12-20,13.7,6.6,9.4,0.3,0.3,1.37,9.61,13.0,88,era5_archive
2014-12-21,12.7,6.2,8.8,0.0,0.0,1.38,9.85,11.3,84,era5_archive
2014-12-22,13.6,3.7,8.5,5.2,5.2,1.34,9.0,17.8,85,era5_archive
2014-12-23,12.4,5.8,9.1,0.1,0.1,1.55,10.57,26.2,82,era5_archive
2014-12-24,13.3,4.4,8.0,0.0,0.0,1.74,12.62,9.5,75,era5_archive
2014-12-25,13.4,3.3,7.7,0.0,0.0,2.0,12.79,21.2,70,era5_archive
2014-12-26,14.3,4.2,8.7,0.0,0.0,2.1,11.74,17.9,63,era5_archive
2014-12-27,15.1,4.9,9.4,0.0,0.0,1.84,12.8,10.9,68,era5_archive
2014-12-28,12.9,5.1,9.0,0.1,0.1,1.4,9.89,17.0,78,era5_archive
2014-12-29,14.3,2.4,8.2,0.0,0.0,1.76,12.67,10.3,76,era5_archive
2014-12-30,14.6,3.2,8.5,0.0,0.0,1.74,12.15,12.5,72,era5_archive
2014-12-31,15.1,4.1,8.8,0.0,0.0,1.84,13.08,8.7,73,era5_archive
2015-01-01,16.6,5.3,10.7,0.2,0.2,2.02,10.51,17.7,65,era5_archive
2015-01-02,11.8,5.8,8.7,0.0,0.0,1.0,6.02,14.7,84,era5_archive
2015-01-03,11.5,4.6,7.4,4.1,4.1,1.24,9.42,16.9,89,era5_archive
2015-01-04,10.8,4.7,7.5,0.2,0.2,1.18,8.1,20.9,84,era5_archive
2015-01-05,13.3,6.8,9.2,0.0,0.0,2.09,12.44,22.0,68,era5_archive
2015-01-06,11.3,4.9,7.7,0.0,0.0,2.24,8.42,31.8,59,era5_archive
2015-01-07,5.5,1.3,3.3,11.6,7.4,1.11,3.31,33.4,75,era5_archive
2015-01-08,6.2,1.5,3.3,6.7,4.8,0.96,8.68,34.4,86,era5_archive
2015-01-09,4.6,-1.7,2.1,3.7,2.7,0.99,8.82,16.8,81,era5_archive
2015-01-10,5.5,-4.8,0.5,0.6,0.5,1.32,11.86,22.0,72,era5_archive
2015-01-11,6.9,0.2,3.3,13.2,4.6,0.67,5.08,22.3,89,era5_archive
2015-01-12,7.9,-2.3,2.1,0.0,0.0,1.44,13.19,20.5,79,era5_archive
2015-01-13,9.2,-0.7,3.5,0.0,0.0,1.61,13.88,23.2,75,era5_archive
2015-01-14,11.7,-0.8,5.2,0.0,0.0,1.75,13.91,12.2,72,era5_archive
2015-01-15,8.4,0.8,4.9,7.5,7.2,1.14,9.6,22.4,84,era5_archive
2015-01-16,10.8,4.3,7.3,2.0,2.0,1.25,9.62,13.8,85,era5_archive
2015-01-17,10.7,2.3,6.3,0.0,0.0,1.31,9.98,7.5,84,era5_archive
2015-01-18,12.4,-0.1,5.9,0.0,0.0,1.82,14.19,15.0,82,era5_archive
2015-01-19,12.1,-1.3,6.4,0.0,0.0,1.64,12.12,7.6,78,era5_archive
2015-01-20,15.3,0.4,7.9,0.0,0.0,2.03,14.16,11.2,77,era5_archive
2015-01-21,17.8,5.1,10.0,0.0,0.0,2.63,14.7,14.8,63,era5_archive
2015-01-22,17.2,6.3,10.7,0.0,0.0,2.45,15.05,13.5,59,era5_archive
2015-01-23,16.6,2.9,9.7,0.0,0.0,2.47,14.81,15.6,63,era5_archive
2015-01-24,17.0,5.6,10.3,0.0,0.0,2.75,14.97,19.8,57,era5_archive
2015-01-25,18.7,5.5,12.0,0.0,0.0,2.34,12.93,10.5,52,era5_archive
2015-01-26,17.6,8.3,12.5,0.0,0.0,2.51,14.52,14.8,61,era5_archive
2015-01-27,17.4,6.6,11.4,0.0,0.0,1.96,11.69,6.3,59,era5_archive
2015-01-28,14.9,6.6,11.2,2.0,2.0,2.23,14.28,23.2,69,era5_archive
2015-01-29,14.9,6.5,9.6,0.0,0.0,2.22,14.12,12.2,70,era5_archive
2015-01-30,12.3,1.6,7.3,0.4,0.4,2.07,14.09,27.9,69,era5_archive
2015-01-31,14.7,-0.2,7.4,0.0,0.0,2.36,16.11,16.5,58,era5_archive
2015-02-01,17.5,1.7,9.1,0.0,0.0,2.92,16.27,13.7,49,era5_archive
2015-02-02,19.5,4.5,10.9,0.0,0.0,2.95,15.49,18.0,56,era5_archive
2015-02-03,18.3,3.9,10.6,0.0,0.0,2.9,16.45,19.1,65,era5_archive
2015-02-04,14.4,7.4,10.1,0.0,0.0,2.08,13.84,21.8,77,era5_archive
2015-02-05,17.7,1.6,10.0,0.0,0.0,2.76,16.52,13.0,64,era5_archive
2015-02-06,19.2,6.2,12.6,0.0,0.0,3.52,13.01,22.1,45,era5_archive
2015-02-07,23.4,10.4,16.0,0.0,0.0,4.36,15.88,22.1,41,era5_archive
2015-02-08,13.9,8.3,10.7,0.0,0.0,2.01,12.69,26.3,79,era5_archive
2015-02-09,14.6,3.9,8.9,0.0,0.0,2.34,14.82,25.1,74,era5_archive
2015-02-10,15.8,1.5,8.9,0.0,0.0,3.3,16.76,32.3,58,era5_archive
2015-02-11,10.7,4.4,7.0,1.9,1.9,3.04,16.09,37.3,53,era5_archive
2015-02-12,10.0,2.4,5.7,0.2,0.2,2.39,15.56,23.5,58,era5_archive
2015-02-13,9.4,0.1,4.9,1.7,1.7,1.88,13.31,28.6,69,era5_archive
2015-02-14,11.0,2.4,6.3,0.2,0.2,1.73,12.77,13.0,79,era5_archive
2015-02-15,11.6,0.8,6.4,2.7,2.7,1.62,10.61,8.5,77,era5_archive
2015-02-16,11.7,5.3,8.0,3.4,3.4,1.71,12.06,16.3,79,era5_archive
2015-02-17,12.3,3.2,7.5,0.3,0.3,1.89,13.74,17.3,82,era5_archive
2015-02-18,11.4,4.6,7.5,1.8,1.8,1.65,13.02,20.5,86,era5_archive
2015-02-19,7.7,0.8,4.5,11.3,9.1,1.12,11.64,23.8,91,era5_archive
2015-02-20,3.5,-0.1,1.3,11.0,2.7,1.07,15.24,29.2,90,era5_archive
2015-02-21,9.7,1.6,4.7,5.3,5.2,1.88,14.94,21.0,78,era5_archive
2015-02-22,11.2,-1.3,5.1,0.0,0.0,2.31,17.61,10.4,74,era5_archive
2015-02-23,12.5,3.0,7.7,0.0,0.0,2.35,13.09,23.1,64,era5_archive
2015-02-24,13.5,7.9,10.1,0.6,0.6,2.68,10.86,28.3,56,era5_archive
2015-02-25,14.3,5.1,9.6,0.0,0.0,2.17,14.83,15.8,80,era5_archive
2015-02-26,17.6,4.4,10.8,0.0,0.0,3.38,19.76,19.1,66,era5_archive
2015-02-27,19.2,8.4,13.1,0.0,0.0,4.32,18.96,30.5,48,era5_archive
2015-02-28,15.9,6.2,11.4,0.0,0.0,3.25,19.17,24.1,63,era5_archive
2015-03-01,15.0,3.1,8.6,0.0,0.0,2.87,19.99,15.3,76,era5_archive
2015-03-02,13.6,5.6,9.2,0.0,0.0,1.99,13.26,22.8,81,era5_archive
2015-03-03,14.5,6.5,9.9,0.0,0.0,2.47,16.46,22.4,78,era5_archive
2015-03-04,14.0,5.7,9.6,0.6,0.6,1.75,11.33,19.2,84,era5_archive
2015-03-05,17.1,6.8,11.0,0.0,0.0,2.96,18.66,12.6,73,era5_archive
2015-03-06,19.7,7.1,13.0,0.0,0.0,4.71,21.18,26.5,42,era5_archive
2015-03-07,22.0,8.5,14.8,0.0,0.0,5.4,21.23,27.1,36,era5_archive
2015-03-08,23.6,10.2,16.5,0.0,0.0,4.49,19.27,16.8,41,era5_archive
2015-03-09,25.2,10.7,17.5,0.0,0.0,4.23,20.88,12.7,46,era5_archive
2015-03-10,25.9,9.9,18.8,0.0,0.0,4.14,20.29,8.2,38,era5_archive
2015-03-11,28.8,12.6,19.6,0.0,0.0,5.19,19.38,29.8,40,era5_archive
2015-03-12,16.0,6.9,11.3,5.6,5.6,1.86,11.36,33.0,75,era5_archive
2015-03-13,16.4,5.3,10.5,0.0,0.0,3.14,20.57,7.8,68,era5_archive
2015-03-14,19.0,4.4,11.7,0.0,0.0,3.81,22.3,13.8,62,era5_archive
2015-03-15,16.6,4.6,10.2,0.0,0.0,3.38,21.88,19.0,73,era5_archive
2015-03-16,15.8,3.9,9.4,0.0,0.0,3.2,21.18,19.2,72,era5_archive
2015-03-17,17.4,3.6,10.2,0.0,0.0,3.59,22.54,11.7,68,era5_archive
2015-03-18,20.9,7.5,13.6,0.0,0.0,4.13,23.03,10.5,54,era5_archive
2015-03-19,16.6,5.9,11.0,0.5,0.5,3.07,19.43,25.3,73,era5_archive
2015-03-20,13.6,7.6,10.0,0.0,0.0,2.53,14.04,27.0,70,era5_archive
2015-03-21,13.9,3.3,8.3,2.6,2.6,2.53,16.56,31.5,74,era5_archive
2015-03-22,13.7,5.1,8.5,0.1,0.1,3.05,18.85,35.3,65,era5_archive
2015-03-23,16.5,3.8,10.1,0.0,0.0,3.44,22.43,8.7,63,era5_archive
2015-03-24,20.2,7.6,13.6,0.2,0.2,4.19,23.19,18.2,53,era5_archive
2015-03-25,21.3,7.0,14.0,0.0,0.0,4.44,24.14,15.9,55,era5_archive
2015-03-26,22.8,8.0,15.2,0.0,0.0,4.52,24.22,12.7,45,era5_archive
2015-03-27,24.4,11.1,18.1,0.0,0.0,6.51,19.99,29.6,30,era5_archive
2015-03-28,25.9,15.9,19.8,0.6,0.6,6.74,18.86,34.3,34,era5_archive
2015-03-29,22.4,11.9,16.6,5.3,5.3,3.43,17.32,22.7,69,era5_archive
2015-03-30,18.3,6.8,12.6,0.0,0.0,3.6,20.39,29.9,72,era5_archive
2015-03-31,17.7,7.8,12.4,0.0,0.0,3.14,18.4,13.4,70,era5_archive
2015-04-01,16.5,7.9,12.2,2.0,2.0,2.2,12.09,17.4,75,era5_archive
2015-04-02,19.0,9.3,13.2,0.0,0.0,3.51,21.07,18.1,74,era5_archive
2015-04-03,21.9,10.0,15.0,0.0,0.0,4.15,21.02,18.8,60,era5_archive
2015-04-04,17.8,8.2,12.3,0.0,0.0,3.77,22.73,26.3,70,era5_archive
2015-04-05,22.2,8.0,14.9,0.0,0.0,4.33,25.08,10.7,57,era5_archive
2015-04-06,25.5,7.4,16.9,0.0,0.0,4.98,25.66,11.9,52,era5_archive
2015-04-07,28.2,10.5,19.5,0.0,0.0,5.59,24.58,21.9,41,era5_archive
2015-04-08,32.0,11.2,22.3,0.0,0.0,7.59,24.37,27.1,30,era5_archive
2015-04-09,21.8,9.8,17.8,0.0,0.0,6.06,22.24,32.3,41,era5_archive
2015-04-10,14.8,6.8,10.3,3.6,3.6,2.98,20.13,21.4,73,era5_archive
2015-04-11,12.8,5.4,8.6,5.0,5.0,2.5,18.52,23.7,77,era5_archive
2015-04-12,10.6,5.0,7.4,9.4,9.4,1.85,15.19,24.2,85,era5_archive
2015-04-13,14.9,5.2,9.6,1.0,1.0,3.08,21.15,28.1,73,era5_archive
2015-04-14,16.8,5.6,11.3,0.0,0.0,3.85,24.6,7.6,65,era5_archive
2015-04-15,22.0,6.5,14.0,0.8,0.8,4.56,20.8,25.4,49,era5_archive
2015-04-16,18.9,9.3,13.2,1.8,1.8,3.87,22.11,20.2,65,era5_archive
2015-04-17,19.3,6.9,13.1,1.1,1.1,3.99,23.53,15.2,72,era5_archive
2015-04-18,20.4,5.9,13.0,0.0,0.0,4.54,26.55,16.8,68,era5_archive
2015-04-19,22.8,6.2,14.3,0.0,0.0,5.07,27.28,17.6,57,era5_archive
2015-04-20,27.7,9.1,18.3,0.0,0.0,6.09,27.32,19.9,43,era5_archive
2015-04-21,22.7,10.0,16.2,0.0,0.0,5.77,27.56,28.5,50,era5_archive
2015-04-22,19.0,10.1,14.0,0.9,0.9,3.89,22.67,29.6,72,era5_archive
2015-04-23,14.4,6.9,10.8,2.2,2.2,3.51,21.95,40.8,66,era5_archive
2015-04-24,16.0,5.8,10.3,1.3,1.3,4.32,27.09,27.8,59,era5_archive
2015-04-25,21.7,3.8,13.1,0.0,0.0,5.38,28.68,12.8,45,era5_archive
2015-04-26,26.0,7.9,17.4,0.0,0.0,6.23,28.56,23.8,25,era5_archive
2015-04-27,28.4,9.3,20.1,0.0,0.0,6.26,27.91,17.7,26,era5_archive
2015-04-28,31.1,16.8,24.2,0.0,0.0,6.37,28.19,10.8,24,era5_archive
2015-04-29,33.6,15.9,24.9,0.0,0.0,6.72,28.45,13.0,29,era5_archive
2015-04-30,25.3,12.6,18.8,0.0,0.0,6.29,28.45,26.3,47,era5_archive
2015-05-01,23.6,7.7,15.8,0.0,0.0,5.51,28.25,22.6,56,era5_archive
2015-05-02,23.7,8.0,15.9,0.0,0.0,5.47,28.73,18.4,58,era5_archive
2015-05-03,26.3,7.7,17.3,0.0,0.0,5.8,28.48,18.8,56,era5_archive
2015-05-04,22.6,11.2,15.9,0.0,0.0,4.93,26.38,23.1,64,era5_archive
2015-05-05,26.3,10.6,18.1,0.0,0.0,5.55,28.17,16.0,60,era5_archive
2015-05-06,29.1,11.4,20.7,0.0,0.0,6.04,28.23,18.0,55,era5_archive
2015-05-07,29.3,11.6,21.0,0.0,0.0,6.13,28.86,16.7,52,era5_archive
2015-05-08,27.9,14.2,20.8,0.1,0.1,6.17,26.78,21.1,53,era5_archive
2015-05-09,28.6,12.1,20.8,0.0,0.0,6.5,27.81,19.4,40,era5_archive
2015-05-10,24.5,12.6,19.0,0.0,0.0,5.23,25.02,25.6,55,era5_archive
2015-05-11,26.4,12.5,19.2,0.1,0.1,5.32,24.0,21.3,58,era5_archive
2015-05-12,26.7,12.8,19.5,1.4,1.4,5.64,25.95,23.0,50,era5_archive
2015-05-13,26.5,12.8,19.4,0.0,0.0,5.96,27.03,20.0,50,era5_archive
2015-05-14,20.9,10.8,16.2,0.4,0.4,4.41,22.59,23.6,65,era5_archive
2015-05-15,23.2,10.6,16.9,0.0,0.0,5.1,26.25,20.4,63,era5_archive
2015-05-16,28.7,10.3,20.6,0.0,0.0,5.93,29.49,9.2,43,era5_archive
2015-05-17,31.9,13.1,23.5,0.0,0.0,6.81,30.04,9.2,28,era5_archive
2015-05-18,34.1,14.8,25.8,0.0,0.0,9.14,29.67,21.1,17,era5_archive
2015-05-19,35.4,20.6,28.3,0.0,0.0,8.88,27.77,26.7,17,era5_archive
2015-05-20,33.6,18.6,25.5,0.0,0.0,7.81,29.05,25.6,33,era5_archive
2015-05-21,28.3,14.4,21.0,0.0,0.0,6.78,29.46,21.5,48,era5_archive
2015-05-22,24.7,13.2,18.4,0.0,0.0,5.59,27.33,27.8,63,era5_archive
2015-05-23,27.2,14.3,19.9,0.0,0.0,5.95,27.57,25.8,62,era5_archive
2015-05-24,31.5,12.9,22.7,0.0,0.0,7.18,28.99,25.0,47,era5_archive
2015-05-25,33.3,19.0,26.2,0.0,0.0,7.48,27.4,22.4,28,era5_archive
2015-05-26,32.8,16.7,25.5,0.0,0.0,8.01,29.47,22.9,25,era5_archive
2015-05-27,36.7,20.0,28.5,0.0,0.0,7.94,28.61,16.1,20,era5_archive
2015-05-28,34.5,19.3,26.9,0.0,0.0,8.26,24.98,27.7,28,era5_archive
2015-05-29,24.8,14.9,19.3,0.0,0.0,5.64,25.83,24.1,60,era5_archive
2015-05-30,24.3,13.4,18.3,0.0,0.0,5.17,25.32,19.9,62,era5_archive
2015-05-31,27.2,12.1,19.6,0.0,0.0,6.05,30.03,13.5,55,era5_archive
2015-06-01,33.2,14.1,22.6,0.0,0.0,6.85,28.86,27.0,56,era5_archive
2015-06-02,28.2,16.2,21.2,0.0,0.0,5.86,27.35,20.2,63,era5_archive
2015-06-03,31.2,14.0,22.7,0.0,0.0,7.07,29.88,18.0,47,era5_archive
2015-06-04,28.6,13.9,21.3,0.0,0.0,6.72,29.74,19.4,46,era5_archive
2015-06-05,26.1,11.5,18.7,0.0,0.0,6.19,29.94,24.9,59,era5_archive
2015-06-06,27.3,11.8,19.8,0.0,0.0,6.08,29.54,19.7,61,era5_archive
2015-06-07,30.0,14.0,22.1,0.0,0.0,6.88,29.7,19.0,49,era5_archive
2015-06-08,35.1,17.4,26.8,0.0,0.0,6.59,29.33,8.3,31,era5_archive
2015-06-09,32.9,20.4,27.3,0.0,0.0,8.68,29.31,24.2,30,era5_archive
2015-06-10,27.6,15.8,21.0,0.0,0.0,6.38,29.21,24.8,60,era5_archive
2015-06-11,26.9,14.2,20.0,0.0,0.0,6.03,28.94,22.5,62,era5_archive
2015-06-12,28.0,12.0,20.1,0.0,0.0,6.24,29.93,18.7,60,era5_archive
2015-06-13,28.3,12.9,20.4,0.0,0.0,6.27,29.41,21.5,61,era5_archive
2015-06-14,27.7,13.5,20.2,0.0,0.0,6.17,29.28,22.8,64,era5_archive
2015-06-15,28.7,13.6,20.7,0.0,0.0,6.11,28.42,26.4,66,era5_archive
2015-06-16,29.5,14.8,22.1,0.0,0.0,6.39,27.51,26.1,62,era5_archive
2015-06-17,30.9,15.3,23.4,0.0,0.0,7.07,28.58,25.0,53,era5_archive
2015-06-18,31.7,15.8,24.1,0.0,0.0,7.5,29.99,23.5,44,era5_archive
2015-06-19,32.7,16.6,24.4,0.0,0.0,7.83,30.01,28.5,43,era5_archive
2015-06-20,25.7,15.7,20.6,0.0,0.0,4.92,22.75,23.8,69,era5_archive
2015-06-21,27.2,14.5,20.4,0.0,0.0,5.73,27.5,23.3,68,era5_archive
2015-06-22,28.6,14.2,20.7,0.0,0.0,6.13,28.81,22.5,66,era5_archive
2015-06-23,28.3,14.0,20.6,0.0,0.0,6.21,29.13,23.8,65,era5_archive
2015-06-24,26.6,14.4,19.9,0.0,0.0,6.0,28.22,29.6,66,era5_archive
2015-06-25,26.7,15.2,20.0,0.0,0.0,5.88,27.84,28.3,65,era5_archive
2015-06-26,28.3,16.0,21.4,0.0,0.0,6.07,27.11,27.1,64,era5_archive
2015-06-27,30.5,17.0,23.4,0.0,0.0,6.43,28.74,15.8,55,era5_archive
2015-06-28,28.4,18.1,23.2,0.0,0.0,6.83,26.34,25.5,45,era5_archive
2015-06-29,28.2,13.8,21.1,0.0,0.0,6.35,29.42,18.3,61,era5_archive
2015-06-30,28.4,13.5,21.1,0.0,0.0,6.43,29.88,19.1,57,era5_archive
2015-07-01,32.5,14.1,23.3,0.0,0.0,6.64,29.74,13.2,52,era5_archive
2015-07-02,33.9,17.0,24.8,0.0,0.0,7.12,28.41,23.5,55,era5_archive
2015-07-03,29.9,17.5,23.0,0.0,0.0,6.6,28.54,25.1,59,era5_archive
2015-07-04,30.9,13.6,22.5,0.0,0.0,6.72,29.86,17.4,53,era5_archive
2015-07-05,32.4,14.9,23.9,0.0,0.0,7.29,30.18,21.8,49,era5_archive
2015-07-06,33.4,16.0,24.8,0.0,0.0,7.55,29.42,22.2,49,era5_archive
2015-07-07,30.7,16.2,23.0,0.0,0.0,7.11,29.8,24.7,56,era5_archive
2015-07-08,30.0,14.4,21.8,0.0,0.0,6.33,28.08,23.6,63,era5_archive
2015-07-09,32.8,15.3,23.8,0.0,0.0,6.91,29.22,18.7,56,era5_archive
2015-07-10,32.7,15.6,23.9,0.0,0.0,7.09,29.58,20.7,52,era5_archive
2015-07-11,30.8,15.3,22.8,0.0,0.0,6.44,27.19,24.8,60,era5_archive
2015-07-12,30.2,15.9,22.7,0.0,0.0,6.62,28.94,21.4,59,era5_archive
2015-07-13,31.5,14.5,22.9,0.0,0.0,6.62,29.55,19.8,59,era5_archive
2015-07-14,33.5,16.8,24.8,0.0,0.0,6.81,26.77,25.7,61,era5_archive
2015-07-15,32.4,18.3,25.1,0.0,0.0,6.4,25.87,19.4,59,era5_archive
2015-07-16,32.4,16.3,24.4,0.0,0.0,7.2,29.13,24.7,55,era5_archive
2015-07-17,32.5,16.2,24.5,0.0,0.0,7.22,28.57,27.7,54,era5_archive
2015-07-18,32.7,16.9,24.8,0.0,0.0,7.04,28.19,25.4,59,era5_archive
2015-07-19,33.5,18.1,25.3,0.0,0.0,7.01,28.04,24.4,58,era5_archive
2015-07-20,34.0,17.4,25.3,0.0,0.0,7.09,28.63,21.9,55,era5_archive
2015-07-21,34.3,16.5,25.3,0.0,0.0,7.09,28.48,20.7,54,era5_archive
2015-07-22,35.0,18.3,26.3,0.0,0.0,7.18,28.21,20.1,51,era5_archive
2015-07-23,36.2,18.4,27.1,0.0,0.0,7.77,28.38,21.9,45,era5_archive
2015-07-24,37.7,18.9,28.5,0.0,0.0,8.31,28.8,22.2,34,era5_archive
2015-07-25,38.1,20.6,29.1,0.0,0.0,8.25,28.55,25.3,36,era5_archive
2015-07-26,35.0,19.1,26.9,0.0,0.0,7.82,28.32,23.7,47,era5_archive
2015-07-27,34.5,18.1,25.7,0.0,0.0,7.19,28.26,21.4,52,era5_archive
2015-07-28,33.1,18.1,25.5,0.0,0.0,6.76,27.43,21.9,57,era5_archive
2015-07-29,34.5,17.6,25.9,0.0,0.0,6.97,27.73,19.5,53,era5_archive
2015-07-30,33.9,17.4,26.3,0.0,0.0,7.15,28.79,19.2,44,era5_archive
2015-07-31,35.8,19.1,27.8,0.0,0.0,7.23,28.01,18.8,44,era5_archive
2015-08-01,36.8,20.7,28.8,0.0,0.0,7.07,27.31,16.3,48,era5_archive
2015-08-02,40.3,23.2,32.1,0.4,0.4,6.71,25.8,12.3,30,era5_archive
2015-08-03,41.0,26.3,33.5,1.8,1.8,7.14,24.56,12.6,25,era5_archive
2015-08-04,38.8,23.4,31.4,0.9,0.9,6.98,26.56,11.9,45,era5_archive
2015-08-05,37.2,22.5,29.4,0.0,0.0,7.2,26.39,21.3,54,era5_archive
2015-08-06,34.2,20.3,26.9,0.0,0.0,7.2,27.66,22.9,52,era5_archive
2015-08-07,34.8,17.6,26.4,0.0,0.0,7.62,28.37,25.4,53,era5_archive
2015-08-08,36.3,20.5,28.7,0.0,0.0,8.0,28.05,22.1,32,era5_archive
2015-08-09,33.8,18.4,26.2,0.0,0.0,7.5,27.91,27.1,51,era5_archive
2015-08-10,31.6,18.9,24.8,0.0,0.0,6.61,27.03,28.9,64,era5_archive
2015-08-11,32.1,19.4,24.8,0.0,0.0,6.48,26.08,28.9,65,era5_archive
2015-08-12,31.7,19.2,24.4,0.0,0.0,6.38,26.54,23.8,64,era5_archive
2015-08-13,32.1,18.1,24.4,0.0,0.0,6.15,26.45,19.5,65,era5_archive
2015-08-14,33.9,17.5,25.4,0.0,0.0,6.61,27.41,18.6,59,era5_archive
2015-08-15,35.2,18.1,26.2,0.0,0.0,6.92,27.26,21.7,56,era5_archive
2015-08-16,38.2,20.2,29.2,0.0,0.0,6.78,27.16,15.7,41,era5_archive
2015-08-17,39.0,23.5,31.4,0.0,0.0,6.95,27.05,17.8,30,era5_archive
2015-08-18,38.7,21.5,29.8,0.2,0.2,6.89,25.56,16.5,49,era5_archive
2015-08-19,35.4,22.7,28.2,0.0,0.0,6.83,25.34,21.0,54,era5_archive
2015-08-20,35.1,19.7,27.1,0.0,0.0,6.8,26.37,18.9,52,era5_archive
2015-08-21,34.3,18.6,26.0,0.0,0.0,6.53,26.23,18.1,57,era5_archive
2015-08-22,33.4,17.1,25.1,0.0,0.0,6.41,26.58,18.9,58,era5_archive
2015-08-23,33.5,17.5,25.1,0.0,0.0,6.39,26.23,19.8,61,era5_archive
2015-08-24,31.7,18.4,24.4,0.0,0.0,6.19,25.55,22.0,65,era5_archive
2015-08-25,30.4,18.6,23.7,0.0,0.0,5.61,24.17,19.8,66,era5_archive
2015-08-26,31.9,17.3,24.0,0.0,0.0,5.76,25.72,16.0,63,era5_archive
2015-08-27,32.5,18.9,24.8,0.0,0.0,6.25,25.63,18.7,60,era5_archive
2015-08-28,32.3,17.8,24.3,0.0,0.0,6.34,25.87,21.0,57,era5_archive
2015-08-29,32.1,16.2,24.0,0.0,0.0,6.03,25.57,19.1,60,era5_archive
2015-08-30,31.5,17.3,23.8,0.0,0.0,5.97,24.28,23.1,63,era5_archive
2015-08-31,30.8,17.0,23.7,0.0,0.0,5.96,24.3,20.9,61,era5_archive
2015-09-01,32.7,16.9,24.9,0.0,0.0,5.92,25.03,18.6,59,era5_archive
2015-09-02,34.8,18.3,26.6,0.0,0.0,6.11,24.9,18.7,55,era5_archive
2015-09-03,34.5,18.5,26.1,0.0,0.0,6.1,24.12,18.4,59,era5_archive
2015-09-04,33.6,20.2,25.8,0.0,0.0,6.06,23.53,23.2,62,era5_archive
2015-09-05,32.4,18.5,24.7,0.0,0.0,5.74,23.36,22.9,64,era5_archive
2015-09-06,33.2,18.9,25.2,0.0,0.0,5.56,23.19,20.8,65,era5_archive
2015-09-07,36.2,18.4,27.2,0.0,0.0,6.33,23.99,19.9,56,era5_archive
2015-09-08,37.5,22.5,29.7,0.0,0.0,6.97,24.01,19.1,32,era5_archive
2015-09-09,37.5,22.6,29.8,0.0,0.0,6.42,23.9,17.8,31,era5_archive
2015-09-10,38.3,22.0,30.5,0.0,0.0,6.42,23.61,12.7,25,era5_archive
2015-09-11,39.3,25.2,31.8,0.0,0.0,6.65,20.55,17.0,20,era5_archive
2015-09-12,37.5,20.5,28.6,1.6,1.6,6.44,22.11,20.6,45,era5_archive
2015-09-13,35.8,19.5,27.5,0.0,0.0,6.15,22.02,17.3,48,era5_archive
2015-09-14,36.2,21.0,28.3,0.7,0.7,5.23,18.55,17.4,43,era5_archive
2015-09-15,34.6,20.4,27.3,2.4,2.4,4.84,19.7,14.0,50,era5_archive
2015-09-16,33.0,20.7,26.0,2.3,2.3,4.6,19.29,13.0,68,era5_archive
2015-09-17,31.8,19.0,24.8,0.0,0.0,5.31,21.57,16.3,62,era5_archive
2015-09-18,32.4,15.7,23.8,0.0,0.0,5.83,22.89,18.5,52,era5_archive
2015-09-19,32.2,16.0,24.1,0.0,0.0,5.74,22.95,16.7,50,era5_archive
2015-09-20,33.6,18.8,26.2,0.0,0.0,5.57,22.47,12.1,35,era5_archive
2015-09-21,28.1,17.2,23.0,0.0,0.0,4.78,20.01,22.8,55,era5_archive
2015-09-22,31.2,16.6,23.8,0.0,0.0,5.04,22.81,9.3,48,era5_archive
2015-09-23,33.4,18.6,25.9,0.0,0.0,5.59,22.61,12.1,28,era5_archive
2015-09-24,32.6,18.0,25.0,0.0,0.0,5.62,21.38,18.8,50,era5_archive
2015-09-25,30.5,16.8,23.5,0.0,0.0,5.74,22.08,21.3,42,era5_archive
2015-09-26,29.7,15.7,22.5,0.0,0.0,5.28,21.99,18.3,49,era5_archive
2015-09-27,29.3,14.5,21.4,0.0,0.0,4.67,21.3,15.0,60,era5_archive
2015-09-28,29.7,15.5,22.0,0.0,0.0,4.69,20.39,18.5,66,era5_archive
2015-09-29,27.9,16.5,21.6,0.5,0.5,4.11,17.83,23.0,73,era5_archive
2015-09-30,28.4,16.9,22.5,0.2,0.2,4.02,17.79,14.7,68,era5_archive
2015-10-01,33.6,18.1,25.6,0.0,0.0,5.31,19.54,20.2,49,era5_archive
2015-10-02,31.9,18.4,24.5,0.0,0.0,4.48,19.04,17.8,69,era5_archive
2015-10-03,31.7,17.9,24.2,0.0,0.0,4.58,19.76,14.3,64,era5_archive
2015-10-04,31.0,17.2,23.4,0.0,0.0,4.47,19.49,14.7,65,era5_archive
2015-10-05,28.8,17.4,22.4,0.0,0.0,4.23,19.52,15.6,71,era5_archive
2015-10-06,26.4,17.6,20.9,0.0,0.0,3.77,16.48,19.1,71,era5_archive
2015-10-07,23.6,15.6,18.9,0.3,0.3,2.97,13.07,24.2,72,era5_archive
2015-10-08,24.4,14.5,19.1,0.0,0.0,3.48,16.14,22.7,70,era5_archive
2015-10-09,25.8,15.4,20.1,0.0,0.0,3.63,16.45,21.1,69,era5_archive
2015-10-10,26.6,15.0,20.5,0.0,0.0,3.58,17.92,9.4,69,era5_archive
2015-10-11,31.3,15.5,23.4,0.0,0.0,4.48,18.53,11.0,45,era5_archive
2015-10-12,32.8,17.9,25.6,0.0,0.0,5.06,17.59,15.3,37,era5_archive
2015-10-13,31.0,18.3,23.8,0.7,0.7,4.4,16.53,21.4,60,era5_archive
2015-10-14,28.9,16.1,22.2,0.0,0.0,4.03,17.48,15.8,63,era5_archive
2015-10-15,29.7,16.0,22.5,0.0,0.0,4.04,18.76,11.7,56,era5_archive
2015-10-16,30.4,14.8,22.8,0.0,0.0,4.06,18.58,10.9,51,era5_archive
2015-10-17,31.0,16.4,23.3,0.0,0.0,4.16,18.49,13.6,54,era5_archive
2015-10-18,31.2,17.4,24.2,0.0,0.0,4.05,17.59,13.7,50,era5_archive
2015-10-19,33.3,20.9,26.3,0.2,0.2,4.7,16.73,15.1,38,era5_archive
2015-10-20,27.9,16.9,22.1,0.0,0.0,3.95,16.37,16.4,61,era5_archive
2015-10-21,25.7,12.8,18.9,0.0,0.0,3.65,17.65,12.6,61,era5_archive
2015-10-22,27.9,13.7,20.8,0.0,0.0,3.78,16.84,13.2,52,era5_archive
2015-10-23,29.5,16.1,22.9,0.0,0.0,4.22,14.92,14.7,37,era5_archive
2015-10-24,30.3,16.6,23.5,0.0,0.0,3.92,15.54,11.0,36,era5_archive
2015-10-25,27.6,18.2,22.3,0.1,0.1,3.35,11.64,22.4,52,era5_archive
2015-10-26,22.7,14.1,18.0,13.6,13.6,2.46,12.41,20.4,78,era5_archive
2015-10-27,20.7,13.3,16.3,0.6,0.6,2.27,12.66,15.1,84,era5_archive
2015-10-28,20.1,12.4,15.6,2.6,2.6,2.26,12.96,10.8,83,era5_archive
2015-10-29,19.2,12.0,15.1,3.8,3.8,2.28,13.44,13.2,80,era5_archive
2015-10-30,19.6,11.4,15.3,0.0,0.0,2.2,12.25,9.2,76,era5_archive
2015-10-31,21.8,12.6,16.7,0.0,0.0,2.4,13.35,6.2,70,era5_archive
2015-11-01,22.7,11.1,16.8,0.0,0.0,2.71,13.24,10.0,64,era5_archive
2015-11-02,22.0,12.2,17.0,0.1,0.1,2.76,12.56,12.7,65,era5_archive
2015-11-03,21.9,12.3,16.7,3.3,3.3,3.15,11.83,22.7,62,era5_archive
2015-11-04,19.6,12.9,15.7,0.5,0.5,3.38,11.97,26.3,56,era5_archive
2015-11-05,18.9,11.6,14.7,6.1,6.1,1.73,9.74,10.8,79,era5_archive
2015-11-06,19.1,10.5,14.4,3.4,3.4,1.85,11.16,8.2,87,era5_archive
2015-11-07,18.4,12.7,14.9,8.4,8.4,1.46,8.5,6.5,86,era5_archive
2015-11-08,19.0,11.2,14.5,0.5,0.5,2.11,12.44,15.8,85,era5_archive
2015-11-09,17.5,11.1,13.8,0.0,0.0,2.0,11.88,18.2,84,era5_archive
2015-11-10,17.3,10.2,13.5,0.8,0.8,2.1,12.2,27.8,80,era5_archive
2015-11-11,16.8,7.2,11.5,0.0,0.0,2.51,15.25,17.3,68,era5_archive
2015-11-12,18.8,6.4,12.2,0.0,0.0,2.66,15.32,10.2,60,era5_archive
2015-11-13,19.5,6.1,12.2,0.0,0.0,3.04,15.34,15.0,54,era5_archive
2015-11-14,21.4,7.5,13.8,0.0,0.0,3.37,15.29,15.0,46,era5_archive
2015-11-15,21.4,11.3,15.6,0.0,0.0,3.57,12.64,21.7,46,era5_archive
2015-11-16,21.0,13.1,15.8,4.6,4.6,2.13,8.94,15.6,68,era5_archive
2015-11-17,16.3,10.3,13.1,4.3,4.3,1.32,8.48,12.9,90,era5_archive
2015-11-18,17.5,10.2,13.4,0.0,0.0,1.92,11.51,17.4,82,era5_archive
2015-11-19,17.9,8.0,12.5,0.0,0.0,2.08,12.99,12.0,81,era5_archive
2015-11-20,18.5,6.1,12.5,0.0,0.0,2.47,13.83,13.0,71,era5_archive
2015-11-21,17.2,8.1,12.5,0.0,0.0,2.97,13.17,27.9,59,era5_archive
2015-11-22,18.2,9.8,13.5,0.0,0.0,3.08,12.79,21.7,58,era5_archive
2015-11-23,17.9,9.0,12.3,0.0,0.0,2.18,12.12,15.1,65,era5_archive
2015-11-24,20.4,7.0,12.0,0.0,0.0,2.6,14.42,10.9,52,era5_archive
2015-11-25,18.2,3.7,11.4,0.0,0.0,3.05,13.74,29.0,53,era5_archive
2015-11-26,19.1,11.2,14.6,0.0,0.0,2.73,11.26,30.1,67,era5_archive
2015-11-27,21.7,9.9,15.3,0.0,0.0,2.59,13.55,14.8,64,era5_archive
2015-11-28,21.1,11.1,15.2,0.0,0.0,2.31,12.62,10.2,63,era5_archive
2015-11-29,18.7,6.9,12.8,0.0,0.0,2.2,12.92,16.6,73,era5_archive
2015-11-30,17.7,7.8,12.6,0.0,0.0,2.07,11.86,16.3,78,era5_archive
2015-12-01,14.6,8.6,11.6,2.1,2.1,1.34,8.94,15.9,86,era5_archive
2015-12-02,15.1,6.5,10.2,0.0,0.0,1.71,10.1,21.3,81,era5_archive
2015-12-03,13.4,5.5,9.9,2.3,2.3,1.19,5.94,23.0,79,era5_archive
2015-12-04,11.2,-0.3,5.3,0.0,0.0,1.93,13.66,12.5,54,era5_archive
2015-12-05,9.3,0.4,3.8,0.0,0.0,2.13,13.43,22.9,40,era5_archive
2015-12-06,10.5,-3.0,3.5,0.0,0.0,1.8,13.61,15.3,53,era5_archive
2015-12-07,14.2,0.4,6.6,0.0,0.0,1.76,13.03,5.8,66,era5_archive
2015-12-08,14.1,0.6,6.6,0.0,0.0,2.19,13.41,9.5,49,era5_archive
2015-12-09,13.3,-0.4,5.6,0.0,0.0,2.34,13.44,12.1,45,era5_archive
2015-12-10,13.9,-0.6,5.9,0.0,0.0,2.15,13.32,9.5,47,era5_archive
2015-12-11,14.7,2.7,8.3,0.0,0.0,1.89,13.24,5.3,40,era5_archive
2015-12-12,14.3,3.1,8.1,0.0,0.0,2.08,12.28,8.8,45,era5_archive
2015-12-13,13.4,3.5,8.0,0.4,0.4,1.7,10.21,8.3,54,era5_archive
2015-12-14,12.6,2.3,7.4,0.0,0.0,1.7,10.15,24.6,70,era5_archive
2015-12-15,14.7,2.1,8.5,0.0,0.0,1.77,11.99,15.9,77,era5_archive
2015-12-16,14.3,4.3,9.5,0.0,0.0,1.72,9.22,12.6,69,era5_archive
2015-12-17,14.3,6.3,9.7,0.0,0.0,1.87,10.64,15.0,68,era5_archive
2015-12-18,12.2,5.4,8.4,0.3,0.3,0.92,5.83,7.2,84,era5_archive
2015-12-19,14.1,3.1,8.6,2.8,2.8,1.77,11.17,19.2,76,era5_archive
2015-12-20,13.3,2.9,8.4,0.1,0.1,1.43,10.78,10.2,76,era5_archive
2015-12-21,14.3,3.9,8.6,0.0,0.0,1.73,11.82,8.7,71,era5_archive
2015-12-22,14.0,2.0,7.3,0.0,0.0,1.95,12.78,11.5,66,era5_archive
2015-12-23,13.6,1.9,7.0,0.0,0.0,1.75,13.04,8.4,59,era5_archive
2015-12-24,13.1,2.3,6.9,0.0,0.0,2.05,12.91,13.9,50,era5_archive
2015-12-25,14.0,-0.8,6.5,0.0,0.0,2.01,12.95,11.4,50,era5_archive
2015-12-26,14.2,2.0,7.8,0.0,0.0,1.56,11.16,12.4,73,era5_archive
2015-12-27,15.1,5.3,9.2,0.0,0.0,1.8,11.39,9.7,72,era5_archive
2015-12-28,16.3,4.9,9.5,0.0,0.0,2.51,12.97,17.4,58,era5_archive
2015-12-29,13.5,5.5,8.9,0.0,0.0,2.23,10.74,22.9,62,era5_archive
2015-12-30,13.0,2.0,7.6,0.0,0.0,1.63,11.01,25.2,80,era5_archive
2015-12-31,10.3,6.5,8.3,10.3,10.3,0.91,5.87,26.6,86,era5_archive
2016-01-01,6.7,1.1,4.4,21.9,21.4,0.59,6.18,30.7,91,era5_archive
2016-01-02,6.4,0.6,3.2,2.2,1.6,1.04,8.25,26.6,82,era5_archive
2016-01-03,7.8,3.1,5.9,1.6,1.6,0.66,3.31,18.7,86,era5_archive
2016-01-04,11.3,3.6,7.3,0.0,0.0,0.96,6.44,13.8,85,era5_archive
2016-01-05,13.6,4.1,8.3,0.0,0.0,1.71,11.59,19.1,76,era5_archive
2016-01-06,15.5,3.2,8.9,0.0,0.0,1.86,12.98,11.0,71,era5_archive
2016-01-07,15.8,5.4,10.6,0.0,0.0,2.09,10.32,22.5,66,era5_archive
2016-01-08,11.3,7.8,8.9,8.6,8.6,1.22,6.8,32.9,82,era5_archive
2016-01-09,11.1,7.0,8.6,2.5,2.5,1.0,7.14,23.1,88,era5_archive
2016-01-10,12.6,3.6,8.0,0.0,0.0,1.7,13.0,9.4,82,era5_archive
2016-01-11,13.4,4.1,8.1,0.3,0.3,1.58,11.35,17.4,76,era5_archive
2016-01-12,14.9,3.1,9.1,0.0,0.0,1.89,13.64,4.9,75,era5_archive
2016-01-13,15.6,2.7,8.9,0.0,0.0,1.99,13.81,16.6,74,era5_archive
2016-01-14,14.1,3.2,8.7,0.0,0.0,1.59,11.43,23.1,84,era5_archive
2016-01-15,13.4,7.2,9.6,0.0,0.0,1.86,13.58,11.1,79,era5_archive
2016-01-16,14.9,2.7,8.7,0.0,0.0,2.24,13.87,16.5,69,era5_archive
2016-01-17,16.7,6.7,10.9,0.0,0.0,2.67,13.88,24.7,64,era5_archive
2016-01-18,11.9,5.0,8.1,0.0,0.0,2.29,12.83,29.1,62,era5_archive
2016-01-19,8.3,4.9,6.6,1.6,1.6,1.49,7.19,32.4,73,era5_archive
2016-01-20,10.3,5.0,7.4,0.1,0.1,0.98,6.67,11.4,83,era5_archive
2016-01-21,13.5,1.7,7.1,0.0,0.0,2.07,12.46,20.9,66,era5_archive
2016-01-22,13.9,2.0,7.6,0.0,0.0,2.03,13.52,9.3,64,era5_archive
2016-01-23,11.1,3.5,6.9,2.2,2.2,1.23,9.59,16.9,87,era5_archive
2016-01-24,7.4,2.9,5.2,12.2,12.1,0.81,7.73,29.1,90,era5_archive
2016-01-25,5.1,1.0,2.9,5.3,4.5,1.11,11.19,27.0,84,era5_archive
2016-01-26,5.9,-0.7,1.8,5.5,4.2,1.15,11.51,10.1,91,era5_archive
2016-01-27,5.9,-2.0,1.8,0.0,0.0,1.51,13.12,13.2,75,era5_archive
2016-01-28,6.2,-5.1,0.5,0.0,0.0,1.78,15.57,8.7,54,era5_archive
2016-01-29,9.6,-2.8,3.6,0.0,0.0,1.89,15.63,8.2,65,era5_archive
2016-01-30,11.3,-1.1,5.0,0.0,0.0,2.04,15.04,9.6,70,era5_archive
2016-01-31,12.3,-1.5,5.0,0.0,0.0,2.4,16.16,9.4,55,era5_archive
2016-02-01,12.6,-1.2,6.0,0.0,0.0,2.25,14.61,15.8,50,era5_archive
2016-02-02,13.2,0.6,6.9,0.0,0.0,1.98,14.38,21.6,72,era5_archive
2016-02-03,14.5,2.6,7.9,0.0,0.0,2.25,15.9,11.5,78,era5_archive
2016-02-04,15.4,3.2,9.0,0.0,0.0,3.35,16.7,22.2,50,era5_archive
2016-02-05,17.6,5.6,10.9,0.0,0.0,3.4,16.58,24.6,50,era5_archive
2016-02-06,11.6,5.7,8.1,8.9,8.9,1.27,10.0,31.7,88,era5_archive
2016-02-07,8.9,4.7,6.2,11.0,11.0,0.92,7.73,25.5,90,era5_archive
2016-02-08,10.8,4.7,7.2,0.0,0.0,1.44,10.28,15.3,83,era5_archive
2016-02-09,12.6,0.3,6.7,0.0,0.0,2.05,13.64,11.0,73,era5_archive
2016-02-10,11.8,1.1,6.6,0.0,0.0,1.93,12.64,12.7,63,era5_archive
2016-02-11,12.3,1.4,7.0,0.0,0.0,1.74,12.66,12.0,79,era5_archive
2016-02-12,15.5,4.5,9.8,0.0,0.0,2.39,16.83,6.1,75,era5_archive
2016-02-13,17.9,3.7,10.9,0.0,0.0,2.71,16.88,14.7,61,era5_archive
2016-02-14,18.9,6.6,12.3,0.0,0.0,2.9,17.41,11.8,59,era5_archive
2016-02-15,21.0,7.8,14.2,0.0,0.0,2.9,17.52,4.6,56,era5_archive
2016-02-16,22.8,7.3,14.5,0.0,0.0,3.32,17.81,10.8,55,era5_archive
2016-02-17,23.3,9.3,15.1,0.0,0.0,3.49,18.13,9.7,50,era5_archive
2016-02-18,21.8,7.4,14.3,0.0,0.0,3.83,16.87,14.1,46,era5_archive
2016-02-19,23.4,9.0,15.7,0.0,0.0,4.44,18.59,21.0,48,era5_archive
2016-02-20,16.6,9.9,12.3,0.1,0.1,1.98,12.74,20.3,83,era5_archive
2016-02-21,16.1,8.1,10.9,2.2,2.2,2.18,14.28,23.5,83,era5_archive
2016-02-22,12.1,7.3,9.0,8.3,8.3,1.22,8.95,24.2,89,era5_archive
2016-02-23,13.2,7.0,9.5,1.0,1.0,1.55,11.76,19.1,90,era5_archive
2016-02-24,16.1,6.4,10.5,0.0,0.0,2.54,16.96,10.2,79,era5_archive
2016-02-25,19.8,7.1,12.4,0.0,0.0,3.36,18.95,21.7,59,era5_archive
2016-02-26,21.5,8.1,14.3,0.0,0.0,3.63,19.1,21.1,56,era5_archive
2016-02-27,20.0,8.9,14.3,0.0,0.0,3.33,19.09,18.8,66,era5_archive
2016-02-28,20.7,7.3,13.4,0.0,0.0,3.15,19.3,8.3,66,era5_archive
2016-02-29,22.6,7.5,14.9,0.0,0.0,4.04,20.1,17.3,58,era5_archive
2016-03-01,22.8,8.7,15.4,0.0,0.0,5.05,20.62,23.4,40,era5_archive
2016-03-02,22.8,10.7,16.6,0.0,0.0,6.19,18.21,32.7,30,era5_archive
2016-03-03,18.2,9.5,14.9,2.3,2.3,3.53,14.08,26.9,59,era5_archive
2016-03-04,16.7,5.0,10.6,0.0,0.0,2.96,18.65,19.4,76,era5_archive
2016-03-05,18.5,5.1,11.6,0.0,0.0,3.73,21.15,22.3,66,era5_archive
2016-03-06,17.1,5.3,10.8,0.0,0.0,3.18,20.65,10.4,71,era5_archive
2016-03-07,21.5,5.9,13.6,0.0,0.0,4.71,21.09,19.6,41,era5_archive
2016-03-08,21.7,11.1,16.2,0.0,0.0,4.65,18.84,22.2,41,era5_archive
2016-03-09,24.2,12.9,17.7,0.6,0.6,4.92,20.21,23.5,47,era5_archive
2016-03-10,20.7,10.3,16.0,0.0,0.0,4.64,21.69,22.8,49,era5_archive
2016-03-11,19.9,5.3,12.6,0.0,0.0,4.31,22.46,22.6,49,era5_archive
2016-03-12,22.7,7.0,14.9,0.0,0.0,3.62,20.43,5.3,33,era5_archive
2016-03-13,24.9,13.8,18.6,0.0,0.0,3.66,16.87,10.0,28,era5_archive
2016-03-14,17.1,10.1,14.1,2.7,2.7,3.49,17.97,33.9,62,era5_archive
2016-03-15,13.7,8.9,10.8,2.2,2.2,2.58,15.37,36.9,72,era5_archive
2016-03-16,12.9,8.0,9.7,6.2,6.2,2.03,15.15,32.9,83,era5_archive
2016-03-17,13.5,7.3,9.8,0.0,0.0,2.39,16.69,28.4,79,era5_archive
2016-03-18,15.2,7.0,10.3,0.0,0.0,2.72,17.67,17.6,74,era5_archive
2016-03-19,21.5,3.0,12.5,0.0,0.0,4.18,23.07,15.5,58,era5_archive
2016-03-20,15.7,8.3,11.8,0.0,0.0,3.07,18.4,33.6,65,era5_archive
2016-03-21,14.7,8.5,11.1,0.0,0.0,2.64,15.89,25.8,75,era5_archive
2016-03-22,16.7,7.0,11.1,0.0,0.0,3.48,22.42,21.0,70,era5_archive
2016-03-23,22.4,3.9,14.1,0.0,0.0,5.35,24.04,22.4,49,era5_archive
2016-03-24,27.0,13.2,19.3,0.0,0.0,6.78,21.9,30.2,22,era5_archive
2016-03-25,23.6,7.6,16.3,0.0,0.0,5.07,23.22,19.6,37,era5_archive
2016-03-26,21.0,11.1,15.7,5.0,5.0,2.66,10.44,17.2,60,era5_archive
2016-03-27,18.1,8.8,13.8,2.1,2.1,3.24,19.2,23.9,75,era5_archive
2016-03-28,12.1,7.1,9.3,9.4,9.4,2.07,15.87,33.4,79,era5_archive
2016-03-29,13.5,6.3,9.6,0.4,0.4,2.39,14.61,24.6,73,era5_archive
2016-03-30,16.1,4.7,10.0,0.0,0.0,3.56,23.18,11.4,71,era5_archive
2016-03-31,19.4,3.8,12.0,0.0,0.0,4.05,23.94,11.6,68,era5_archive
2016-04-01,21.4,5.8,14.2,0.0,0.0,4.39,25.49,10.7,52,era5_archive
2016-04-02,22.5,8.5,15.3,0.0,0.0,5.46,25.6,16.5,36,era5_archive
2016-04-03,24.5,9.7,17.3,0.0,0.0,5.39,25.65,15.4,30,era5_archive
2016-04-04,26.8,8.4,18.9,0.0,0.0,5.35,25.79,12.7,36,era5_archive
2016-04-05,26.0,11.3,18.7,0.0,0.0,4.52,21.51,11.2,48,era5_archive
2016-04-06,27.6,13.9,20.3,0.0,0.0,5.08,22.1,12.5,35,era5_archive
2016-04-07,25.9,10.0,18.0,0.0,0.0,5.28,24.12,20.0,51,era5_archive
2016-04-08,29.7,12.5,21.2,0.0,0.0,5.57,25.74,11.0,37,era5_archive
2016-04-09,29.4,15.1,22.5,0.4,0.4,4.65,15.96,11.0,33,era5_archive
2016-04-10,29.1,15.6,22.3,0.9,0.9,5.24,19.94,17.6,44,era5_archive
2016-04-11,23.3,12.4,17.8,0.0,0.0,4.9,23.5,22.9,56,era5_archive
2016-04-12,18.1,10.1,13.1,5.0,5.0,3.11,20.16,22.3,80,era5_archive
2016-04-13,16.0,8.9,11.6,4.7,4.7,2.68,18.22,20.0,81,era5_archive
2016-04-14,19.1,7.2,12.8,0.0,0.0,3.86,22.97,24.0,74,era5_archive
2016-04-15,22.0,8.9,15.0,0.0,0.0,4.56,25.09,21.4,70,era5_archive
2016-04-16,26.3,10.0,17.9,0.0,0.0,5.71,26.81,19.9,53,era5_archive
2016-04-17,26.6,10.6,18.7,0.0,0.0,6.08,27.94,18.5,37,era5_archive
2016-04-18,28.4,10.5,20.1,0.0,0.0,5.72,27.72,14.8,34,era5_archive
2016-04-19,29.3,11.6,21.2,0.0,0.0,6.25,27.62,15.8,27,era5_archive
2016-04-20,30.1,15.5,22.5,0.0,0.0,7.86,27.93,21.3,14,era5_archive
2016-04-21,32.0,15.5,23.4,0.0,0.0,8.4,27.67,21.9,18,era5_archive
2016-04-22,29.9,13.3,22.1,0.0,0.0,6.75,27.69,17.0,27,era5_archive
2016-04-23,30.2,14.5,22.6,0.0,0.0,6.35,27.54,16.9,28,era5_archive
2016-04-24,29.2,12.4,21.8,0.0,0.0,6.43,27.66,19.1,32,era5_archive
2016-04-25,28.6,17.2,23.1,0.0,0.0,8.25,27.62,28.8,24,era5_archive
2016-04-26,32.9,16.1,24.8,0.0,0.0,7.35,27.22,29.8,25,era5_archive
2016-04-27,25.5,13.1,19.8,0.0,0.0,5.9,25.96,26.5,49,era5_archive
2016-04-28,22.4,9.2,15.3,0.0,0.0,5.33,28.18,25.2,59,era5_archive
2016-04-29,25.1,8.9,16.5,0.0,0.0,5.56,27.99,19.0,59,era5_archive
2016-04-30,29.0,9.4,20.1,0.0,0.0,5.93,28.23,13.9,43,era5_archive
2016-05-01,32.9,14.6,23.8,0.0,0.0,7.54,27.69,25.5,28,era5_archive
2016-05-02,26.4,12.3,19.4,0.0,0.0,5.85,27.23,25.6,59,era5_archive
2016-05-03,31.4,13.9,23.0,0.0,0.0,6.49,26.7,18.3,45,era5_archive
2016-05-04,23.1,14.4,19.1,0.0,0.0,5.86,26.28,29.6,49,era5_archive
2016-05-05,24.4,10.7,17.3,0.0,0.0,5.67,28.38,19.3,56,era5_archive
2016-05-06,20.8,11.0,16.2,0.0,0.0,4.74,23.53,27.7,53,era5_archive
2016-05-07,21.1,10.7,15.3,0.0,0.0,4.02,20.22,21.1,66,era5_archive
2016-05-08,23.8,8.9,16.4,0.0,0.0,5.54,29.04,14.8,55,era5_archive
2016-05-09,27.1,11.4,19.5,0.0,0.0,5.85,27.22,16.9,46,era5_archive
2016-05-10,27.4,13.1,20.2,0.0,0.0,5.74,24.64,18.3,42,era5_archive
2016-05-11,25.5,9.9,17.9,0.0,0.0,5.8,28.25,23.1,57,era5_archive
2016-05-12,28.0,11.1,19.6,0.0,0.0,6.32,28.97,21.7,52,era5_archive
2016-05-13,29.4,12.9,21.7,0.0,0.0,6.31,25.35,21.5,41,era5_archive
2016-05-14,34.8,18.1,26.5,0.0,0.0,7.82,28.19,22.4,29,era5_archive
2016-05-15,36.7,23.9,30.1,0.0,0.0,6.55,28.12,8.5,23,era5_archive
2016-05-16,38.2,20.5,30.2,0.0,0.0,7.28,27.19,12.3,23,era5_archive
2016-05-17,31.6,19.7,25.5,0.0,0.0,7.63,28.17,26.8,40,era5_archive
2016-05-18,25.3,14.5,19.4,0.0,0.0,6.25,28.56,27.2,51,era5_archive
2016-05-19,23.6,12.9,17.5,0.0,0.0,5.69,27.71,26.2,56,era5_archive
2016-05-20,25.5,10.9,17.8,0.0,0.0,5.83,28.99,17.9,58,era5_archive
2016-05-21,29.7,11.2,20.4,0.0,0.0,6.65,29.68,20.0,43,era5_archive
2016-05-22,33.1,15.5,24.4,0.0,0.0,6.95,29.13,17.9,34,era5_archive
2016-05-23,23.4,15.5,19.2,0.0,0.0,5.29,22.58,31.7,59,era5_archive
2016-05-24,21.3,13.7,17.0,1.3,1.3,3.95,18.78,26.1,69,era5_archive
2016-05-25,25.2,12.4,18.4,0.0,0.0,5.81,28.33,25.3,62,era5_archive
2016-05-26,30.7,11.9,21.9,0.0,0.0,7.33,27.76,27.7,44,era5_archive
2016-05-27,23.6,13.0,18.1,0.0,0.0,5.17,24.35,28.4,62,era5_archive
2016-05-28,21.8,13.6,17.4,0.0,0.0,4.28,20.56,24.8,66,era5_archive
2016-05-29,24.2,12.5,18.1,0.0,0.0,4.94,24.26,18.7,63,era5_archive
2016-05-30,27.1,11.2,19.1,0.0,0.0,6.25,29.7,23.8,58,era5_archive
2016-05-31,30.2,13.2,21.6,0.0,0.0,7.03,29.61,26.2,48,era5_archive
2016-06-01,32.1,14.8,23.8,0.0,0.0,8.14,29.96,26.2,35,era5_archive
2016-06-02,32.3,14.6,23.8,0.0,0.0,7.9,29.76,28.3,32,era5_archive
2016-06-03,35.4,17.1,26.7,0.0,0.0,7.89,29.04,23.4,29,era5_archive
2016-06-04,37.6,21.5,29.6,0.0,0.0,8.17,28.2,28.0,19,era5_archive
2016-06-05,37.0,21.3,28.5,0.0,0.0,9.23,28.53,28.8,20,era5_archive
2016-06-06,29.7,15.3,22.7,0.0,0.0,7.58,29.96,29.5,44,era5_archive
2016-06-07,31.4,14.7,23.6,0.0,0.0,7.71,29.74,27.3,38,era5_archive
2016-06-08,36.2,16.6,26.3,0.0,0.0,8.58,28.79,31.3,28,era5_archive
2016-06-09,27.2,14.8,21.3,0.0,0.0,6.47,28.46,25.5,54,era5_archive
2016-06-10,27.4,14.1,20.3,0.0,0.0,6.27,29.28,22.3,62,era5_archive
2016-06-11,26.6,12.6,19.5,0.0,0.0,6.4,29.55,23.4,57,era5_archive
2016-06-12,29.7,12.4,21.4,0.0,0.0,6.8,30.47,14.7,46,era5_archive
2016-06-13,35.0,16.2,26.0,0.0,0.0,7.66,30.23,17.7,28,era5_archive
2016-06-14,36.6,20.6,29.4,0.0,0.0,7.61,30.01,18.4,19,era5_archive
2016-06-15,35.5,19.6,27.2,0.0,0.0,8.48,29.68,30.8,27,era5_archive
2016-06-16,29.4,16.8,22.3,0.0,0.0,6.63,28.45,29.8,61,era5_archive
2016-06-17,31.3,16.3,23.5,0.0,0.0,7.18,29.43,23.4,53,era5_archive
2016-06-18,33.9,16.7,26.0,0.0,0.0,6.82,28.02,16.5,39,era5_archive
2016-06-19,36.7,20.9,29.1,0.0,0.0,7.33,26.51,19.0,32,era5_archive
2016-06-20,37.9,20.5,29.4,0.0,0.0,8.14,29.42,23.1,35,era5_archive
2016-06-21,36.3,18.1,27.8,0.0,0.0,8.35,30.32,23.8,31,era5_archive
2016-06-22,36.6,18.7,27.8,0.0,0.0,7.93,29.05,23.2,41,era5_archive
2016-06-23,37.3,19.0,28.3,0.0,0.0,7.9,29.7,20.9,45,era5_archive
2016-06-24,36.5,18.8,27.7,0.0,0.0,8.04,29.63,22.1,44,era5_archive
2016-06-25,37.1,18.8,28.0,0.0,0.0,8.04,29.67,21.7,46,era5_archive
2016-06-26,35.7,19.2,27.6,0.0,0.0,7.93,29.49,22.4,49,era5_archive
2016-06-27,33.8,19.1,26.1,0.0,0.0,7.5,28.89,25.1,55,era5_archive
2016-06-28,30.4,18.2,23.6,0.0,0.0,6.62,28.27,24.5,61,era5_archive
2016-06-29,32.8,19.3,25.2,0.0,0.0,6.89,28.21,24.2,61,era5_archive
2016-06-30,32.4,17.5,25.0,0.0,0.0,7.53,29.67,23.9,52,era5_archive
2016-07-01,31.9,15.5,23.9,0.0,0.0,7.28,29.79,23.7,51,era5_archive
2016-07-02,32.0,16.6,24.0,0.0,0.0,7.02,29.07,26.7,60,era5_archive
2016-07-03,31.8,18.4,24.7,0.0,0.0,7.27,28.56,28.8,58,era5_archive
2016-07-04,32.2,18.0,24.8,0.0,0.0,7.12,28.4,27.7,57,era5_archive
2016-07-05,31.8,18.1,24.3,0.1,0.1,6.57,27.57,25.9,64,era5_archive
2016-07-06,33.0,17.5,25.2,0.0,0.0,7.1,28.56,22.6,57,era5_archive
2016-07-07,33.2,17.7,25.4,0.0,0.0,7.34,28.88,23.1,53,era5_archive
2016-07-08,32.4,16.5,24.8,0.0,0.0,7.12,29.59,20.3,52,era5_archive
2016-07-09,33.9,16.7,25.2,0.0,0.0,7.3,29.66,21.3,53,era5_archive
2016-07-10,33.5,17.2,25.5,0.0,0.0,7.6,29.17,27.7,54,era5_archive
2016-07-11,33.6,18.4,25.8,0.0,0.0,7.17,28.32,23.4,56,era5_archive
2016-07-12,34.8,18.8,26.3,0.0,0.0,7.18,28.72,19.6,53,era5_archive
2016-07-13,35.3,17.7,26.4,0.0,0.0,7.68,29.3,22.8,49,era5_archive
2016-07-14,34.9,16.9,25.8,0.0,0.0,7.62,29.42,23.1,53,era5_archive
2016-07-15,36.7,17.4,26.7,0.0,0.0,7.45,28.82,19.5,49,era5_archive
2016-07-16,36.4,18.8,27.2,0.0,0.0,7.75,28.54,24.2,50,era5_archive
2016-07-17,34.4,18.9,26.2,0.0,0.0,7.48,27.99,27.1,55,era5_archive
2016-07-18,33.2,20.0,25.5,0.0,0.0,7.19,27.98,24.7,58,era5_archive
2016-07-19,33.4,17.9,25.1,0.0,0.0,6.99,28.52,20.4,56,era5_archive
2016-07-20,33.7,17.6,25.3,0.0,0.0,7.1,28.45,24.5,57,era5_archive
2016-07-21,32.7,18.8,25.3,0.0,0.0,7.09,28.25,21.8,55,era5_archive
2016-07-22,32.6,16.3,24.6,0.0,0.0,7.5,29.6,22.5,48,era5_archive
2016-07-23,31.4,15.6,23.2,0.0,0.0,6.63,27.92,22.6,59,era5_archive
2016-07-24,31.7,18.6,24.2,0.0,0.0,6.36,26.79,26.8,66,era5_archive
2016-07-25,34.1,19.8,26.1,0.0,0.0,6.95,27.64,24.1,61,era5_archive
2016-07-26,34.6,18.6,26.1,0.0,0.0,7.36,28.43,23.5,56,era5_archive
2016-07-27,34.1,17.1,25.6,0.0,0.0,7.2,28.88,21.0,54,era5_archive
2016-07-28,33.4,17.3,25.1,0.0,0.0,6.89,28.23,20.3,57,era5_archive
2016-07-29,35.6,17.4,26.3,0.0,0.0,7.03,28.88,17.5,53,era5_archive
2016-07-30,35.5,19.2,26.6,0.0,0.0,7.04,27.86,21.3,59,era5_archive
2016-07-31,36.8,19.2,27.5,0.0,0.0,6.98,27.51,18.9,56,era5_archive
2016-08-01,38.8,20.1,29.5,0.0,0.0,7.39,27.23,19.4,50,era5_archive
2016-08-02,37.1,21.0,28.8,0.0,0.0,7.6,26.8,23.2,51,era5_archive
2016-08-03,35.1,19.6,27.2,0.0,0.0,7.49,28.27,20.6,51,era5_archive
2016-08-04,33.9,18.3,26.1,0.0,0.0,7.3,28.38,23.1,51,era5_archive
2016-08-05,33.9,18.0,25.7,0.0,0.0,7.05,27.93,22.5,57,era5_archive
2016-08-06,32.0,18.8,24.6,0.0,0.0,6.69,27.16,26.2,62,era5_archive
2016-08-07,32.3,19.5,25.0,0.0,0.0,6.6,27.09,23.7,64,era5_archive
2016-08-08,33.0,20.0,25.6,0.0,0.0,6.32,25.56,25.5,67,era5_archive
2016-08-09,34.5,20.4,26.6,0.0,0.0,6.6,26.64,19.6,60,era5_archive
2016-08-10,34.7,18.9,26.2,0.0,0.0,6.68,26.92,21.2,62,era5_archive
2016-08-11,33.4,19.7,25.7,0.0,0.0,6.57,26.89,21.3,62,era5_archive
2016-08-12,33.0,17.2,24.9,0.0,0.0,6.46,27.72,17.1,61,era5_archive
2016-08-13,35.6,17.8,26.3,0.0,0.0,6.7,26.86,20.2,56,era5_archive
2016-08-14,33.0,19.1,25.9,0.0,0.0,6.68,27.33,22.5,59,era5_archive
2016-08-15,32.9,20.8,25.6,0.0,0.0,6.37,25.85,23.9,65,era5_archive
2016-08-16,31.4,17.6,23.8,0.0,0.0,6.31,26.91,22.6,64,era5_archive
2016-08-17,29.4,16.4,22.9,0.0,0.0,5.91,25.65,21.7,63,era5_archive
2016-08-18,32.1,18.4,24.5,0.0,0.0,6.12,25.6,23.6,65,era5_archive
2016-08-19,33.7,19.0,25.8,0.0,0.0,6.41,25.82,21.6,61,era5_archive
2016-08-20,35.4,19.1,27.1,0.0,0.0,6.81,25.39,21.9,53,era5_archive
2016-08-21,35.1,19.8,27.0,0.0,0.0,6.63,23.81,23.2,52,era5_archive
2016-08-22,34.6,19.9,26.8,0.0,0.0,6.68,24.76,20.4,54,era5_archive
2016-08-23,35.5,20.2,27.0,0.0,0.0,6.58,24.36,21.9,56,era5_archive
2016-08-24,34.9,20.8,26.8,0.0,0.0,5.91,22.6,18.8,62,era5_archive
2016-08-25,34.0,21.5,26.5,0.0,0.0,5.99,23.3,20.0,62,era5_archive
2016-08-26,34.5,20.3,26.5,0.0,0.0,6.19,23.66,20.9,59,era5_archive
2016-08-27,34.3,20.1,26.3,0.0,0.0,6.28,24.04,20.0,57,era5_archive
2016-08-28,33.4,20.0,25.7,0.0,0.0,6.12,23.5,20.2,59,era5_archive
2016-08-29,33.8,19.6,25.9,0.0,0.0,5.92,23.1,19.0,60,era5_archive
2016-08-30,33.7,19.7,25.9,0.0,0.0,5.7,22.4,20.1,63,era5_archive
2016-08-31,32.0,20.4,24.9,0.0,0.0,5.56,23.06,20.4,66,era5_archive
2016-09-01,31.6,17.7,23.9,0.0,0.0,5.91,25.05,19.1,61,era5_archive
2016-09-02,31.1,14.8,22.7,0.0,0.0,5.77,25.32,21.1,63,era5_archive
2016-09-03,29.9,17.1,23.1,0.0,0.0,5.25,22.13,21.5,68,era5_archive
2016-09-04,29.3,16.5,22.7,0.0,0.0,5.35,24.13,18.4,65,era5_archive
2016-09-05,30.5,17.0,23.3,0.0,0.0,5.75,24.85,18.5,61,era5_archive
2016-09-06,30.2,16.5,22.9,0.0,0.0,5.51,24.31,16.5,64,era5_archive
2016-09-07,30.8,16.5,23.0,0.0,0.0,5.34,23.26,18.8,67,era5_archive
2016-09-08,31.8,19.3,24.5,0.0,0.0,5.28,22.39,18.5,65,era5_archive
2016-09-09,33.8,17.5,25.2,0.0,0.0,5.73,23.67,18.3,61,era5_archive
2016-09-10,33.8,17.8,25.3,0.0,0.0,6.12,24.19,18.7,54,era5_archive
2016-09-11,33.4,17.1,25.1,0.0,0.0,6.29,24.14,21.7,50,era5_archive
2016-09-12,32.6,16.6,24.2,0.0,0.0,5.71,23.14,19.8,57,era5_archive
2016-09-13,30.1,17.4,22.9,0.0,0.0,5.42,23.0,20.8,64,era5_archive
2016-09-14,30.1,15.7,22.4,0.0,0.0,5.23,23.32,17.3,64,era5_archive
2016-09-15,30.6,15.4,22.5,0.0,0.0,5.49,23.41,20.6,62,era5_archive
2016-09-16,28.7,16.0,21.9,0.0,0.0,4.9,21.95,18.6,68,era5_archive
2016-09-17,28.9,14.8,21.6,0.0,0.0,4.85,21.61,19.2,69,era5_archive
2016-09-18,30.9,15.8,23.1,0.0,0.0,5.36,22.71,16.6,57,era5_archive
2016-09-19,30.4,14.5,22.2,0.0,0.0,5.31,22.69,19.7,55,era5_archive
2016-09-20,33.0,16.0,24.7,0.0,0.0,5.47,22.86,16.1,46,era5_archive
2016-09-21,33.7,17.3,25.5,0.0,0.0,5.81,22.31,21.1,47,era5_archive
2016-09-22,30.1,17.7,23.6,0.0,0.0,5.49,21.44,24.1,50,era5_archive
2016-09-23,26.7,16.8,21.3,0.0,0.0,4.37,19.63,23.7,72,era5_archive
2016-09-24,28.3,15.6,21.8,0.0,0.0,4.11,21.19,8.2,60,era5_archive
2016-09-25,30.3,17.1,23.5,0.0,0.0,5.06,20.69,14.3,43,era5_archive
2016-09-26,28.2,15.1,21.5,0.0,0.0,5.15,21.5,20.3,55,era5_archive
2016-09-27,26.5,12.8,19.5,0.0,0.0,4.65,21.54,18.2,62,era5_archive
2016-09-28,27.0,12.7,19.5,0.0,0.0,4.58,21.32,18.7,64,era5_archive
2016-09-29,28.9,13.6,20.9,0.0,0.0,4.63,21.23,14.5,60,era5_archive
2016-09-30,28.8,12.5,20.9,0.0,0.0,4.73,21.69,13.8,49,era5_archive
2016-10-01,30.0,15.4,22.5,0.0,0.0,4.6,21.33,10.3,38,era5_archive
2016-10-02,30.6,14.9,23.0,0.0,0.0,6.18,21.31,15.7,22,era5_archive
2016-10-03,32.0,16.4,24.0,0.0,0.0,5.57,21.24,11.9,18,era5_archive
2016-10-04,31.5,17.6,23.8,0.0,0.0,5.51,20.96,17.8,25,era5_archive
2016-10-05,28.9,13.8,20.8,0.0,0.0,4.65,20.21,18.4,60,era5_archive
2016-10-06,30.1,13.1,21.2,0.0,0.0,4.61,20.04,15.1,58,era5_archive
2016-10-07,29.9,13.4,21.1,0.0,0.0,4.58,19.45,17.9,59,era5_archive
2016-10-08,28.3,13.0,20.1,0.0,0.0,4.6,19.46,22.6,63,era5_archive
2016-10-09,29.0,12.4,20.5,0.0,0.0,4.54,19.19,22.1,63,era5_archive
2016-10-10,27.1,13.9,19.9,0.0,0.0,4.04,18.73,15.6,70,era5_archive
2016-10-11,27.1,14.2,19.8,0.0,0.0,4.12,18.85,14.7,63,era5_archive
2016-10-12,29.5,14.0,21.6,0.0,0.0,4.0,17.47,11.3,51,era5_archive
2016-10-13,31.2,16.1,23.5,0.0,0.0,4.01,19.09,6.6,33,era5_archive
2016-10-14,30.8,17.1,24.1,0.0,0.0,5.01,18.92,11.4,25,era5_archive
2016-10-15,29.5,17.8,23.2,0.0,0.0,4.6,18.78,16.5,30,era5_archive
2016-10-16,30.4,13.0,22.4,0.0,0.0,4.34,18.88,9.0,26,era5_archive
2016-10-17,30.1,15.4,21.9,0.0,0.0,5.07,18.55,20.0,31,era5_archive
2016-10-18,26.0,11.7,19.0,0.0,0.0,3.87,18.08,15.7,62,era5_archive
2016-10-19,24.8,13.2,18.6,0.0,0.0,3.32,17.06,12.8,71,era5_archive
2016-10-20,26.1,12.5,18.9,0.0,0.0,3.52,17.7,8.9,63,era5_archive
2016-10-21,27.5,12.1,19.8,0.0,0.0,3.92,17.16,15.6,53,era5_archive
2016-10-22,25.8,14.3,19.0,0.0,0.0,3.47,15.9,18.1,70,era5_archive
2016-10-23,24.2,11.0,17.4,0.0,0.0,3.46,17.14,16.1,69,era5_archive
2016-10-24,24.7,12.2,17.8,0.0,0.0,3.4,16.57,17.1,74,era5_archive
2016-10-25,24.6,12.7,18.9,0.0,0.0,2.88,14.18,8.5,64,era5_archive
2016-10-26,27.6,13.5,20.4,0.0,0.0,3.43,16.79,7.2,43,era5_archive
2016-10-27,28.4,14.3,21.5,0.0,0.0,4.87,13.86,23.3,35,era5_archive
2016-10-28,24.0,15.6,20.1,2.9,2.9,3.51,14.05,24.3,62,era5_archive
2016-10-29,26.2,14.4,20.4,0.0,0.0,2.89,15.57,5.8,57,era5_archive
2016-10-30,26.4,14.8,20.3,0.0,0.0,3.76,16.59,17.9,56,era5_archive
2016-10-31,24.0,12.6,17.9,0.0,0.0,3.11,14.96,18.4,73,era5_archive
2016-11-01,20.6,11.2,15.6,2.6,2.6,2.11,11.72,32.4,84,era5_archive
2016-11-02,19.2,10.7,14.9,0.8,0.8,2.57,13.45,23.7,70,era5_archive
2016-11-03,20.6,7.4,13.8,0.0,0.0,3.37,16.04,22.2,53,era5_archive
2016-11-04,22.4,8.9,15.5,0.0,0.0,3.18,15.14,14.1,49,era5_archive
2016-11-05,21.5,9.6,15.1,0.0,0.0,2.77,13.86,15.5,71,era5_archive
2016-11-06,20.3,9.3,14.1,0.0,0.0,2.73,14.86,16.1,72,era5_archive
2016-11-07,22.0,8.8,15.2,0.0,0.0,2.73,15.75,7.6,56,era5_archive
2016-11-08,24.1,9.3,16.0,0.0,0.0,4.08,15.67,18.9,39,era5_archive
2016-11-09,25.4,11.1,18.0,0.0,0.0,5.27,15.51,20.7,26,era5_archive
2016-11-10,26.3,14.7,19.8,0.0,0.0,4.39,13.69,17.1,30,era5_archive
2016-11-11,24.1,10.6,17.3,0.0,0.0,3.09,14.87,12.6,52,era5_archive
2016-11-12,27.4,11.7,18.8,0.0,0.0,3.28,14.82,9.3,48,era5_archive
2016-11-13,27.2,14.4,20.1,0.0,0.0,3.98,14.55,14.4,32,era5_archive
2016-11-14,26.6,12.4,19.2,0.0,0.0,2.91,14.49,8.2,52,era5_archive
2016-11-15,24.6,13.7,18.4,0.0,0.0,3.15,14.69,18.4,58,era5_archive
2016-11-16,19.5,12.0,15.0,0.0,0.0,2.35,10.08,26.6,77,era5_archive
2016-11-17,18.3,10.7,14.3,0.0,0.0,2.42,13.63,16.6,67,era5_archive
2016-11-18,21.8,7.8,14.8,0.0,0.0,3.06,14.13,12.7,55,era5_archive
2016-11-19,20.9,11.2,15.8,0.0,0.0,3.24,11.07,18.6,45,era5_archive
2016-11-20,22.3,11.3,16.6,0.0,0.0,4.1,12.74,19.3,35,era5_archive
2016-11-21,21.6,11.0,15.8,0.0,0.0,4.66,14.01,18.5,18,era5_archive
2016-11-22,19.6,7.5,13.4,0.0,0.0,4.47,13.91,19.5,17,era5_archive
2016-11-23,16.9,8.7,12.0,0.0,0.0,4.27,12.06,18.5,12,era5_archive
2016-11-24,15.1,3.6,8.9,0.0,0.0,4.16,15.03,25.2,11,era5_archive
2016-11-25,14.2,-0.7,6.0,0.0,0.0,3.2,14.93,17.6,18,era5_archive
2016-11-26,12.7,-1.5,4.9,0.0,0.0,3.03,14.8,15.1,16,era5_archive
2016-11-27,15.4,-1.0,6.4,0.0,0.0,3.12,14.52,13.3,20,era5_archive
2016-11-28,16.0,3.1,9.0,0.0,0.0,3.0,13.23,24.5,45,era5_archive
2016-11-29,15.5,7.6,11.1,0.0,0.0,2.14,7.42,22.3,63,era5_archive
2016-11-30,17.7,7.6,12.4,0.3,0.3,1.9,7.79,17.9,64,era5_archive
2016-12-01,15.6,6.5,10.5,12.6,12.6,1.76,9.53,26.7,75,era5_archive
2016-12-02,11.2,7.8,8.8,7.4,7.4,0.86,5.19,29.6,88,era5_archive
2016-12-03,14.3,7.1,10.1,0.4,0.4,1.44,10.01,15.2,82,era5_archive
2016-12-04,15.7,4.7,9.7,0.0,0.0,1.9,11.73,14.8,70,era5_archive
2016-12-05,15.9,4.7,9.7,0.0,0.0,1.91,12.79,10.0,75,era5_archive
2016-12-06,15.7,5.4,10.1,0.0,0.0,1.78,11.13,8.7,73,era5_archive
2016-12-07,15.1,4.5,10.2,0.0,0.0,1.8,12.64,10.0,63,era5_archive
2016-12-08,14.4,6.1,10.0,0.0,0.0,1.96,12.47,13.5,64,era5_archive
2016-12-09,11.8,2.2,6.4,0.0,0.0,1.64,13.29,8.4,72,era5_archive
2016-12-10,12.4,1.4,6.1,0.0,0.0,1.84,13.34,17.1,70,era5_archive
2016-12-11,13.8,2.9,8.1,0.0,0.0,1.37,9.3,17.4,83,era5_archive
2016-12-12,15.2,5.3,9.7,0.0,0.0,1.6,10.75,15.5,78,era5_archive
2016-12-13,12.8,4.9,9.1,2.0,2.0,1.18,7.46,28.2,85,era5_archive
2016-12-14,9.8,3.1,6.8,25.3,25.3,0.82,6.23,34.7,88,era5_archive
2016-12-15,8.7,2.8,5.9,0.0,0.0,1.09,7.95,24.0,83,era5_archive
2016-12-16,11.1,5.8,8.1,2.4,2.4,1.04,7.3,13.3,86,era5_archive
2016-12-17,12.4,6.7,8.9,0.0,0.0,1.2,8.61,10.5,88,era5_archive
2016-12-18,10.3,5.4,7.7,7.2,7.2,0.92,7.78,16.5,91,era5_archive
2016-12-19,10.4,2.1,5.8,3.2,3.2,1.47,11.57,7.9,80,era5_archive
2016-12-20,8.6,-0.9,4.2,2.6,2.6,1.49,12.84,8.9,76,era5_archive
2016-12-21,10.0,-0.2,4.8,0.0,0.0,1.64,11.85,19.1,71,era5_archive
2016-12-22,12.2,2.2,6.6,0.0,0.0,1.65,11.21,15.6,72,era5_archive
2016-12-23,12.8,1.4,7.0,0.0,0.0,1.51,10.86,11.7,73,era5_archive
2016-12-24,10.7,6.7,8.3,7.2,7.2,0.71,4.68,14.5,90,era5_archive
2016-12-25,9.3,5.0,6.9,0.8,0.8,1.14,8.99,23.7,83,era5_archive
2016-12-26,11.7,3.6,7.5,0.3,0.3,1.45,11.05,13.0,80,era5_archive
2016-12-27,8.5,3.6,5.5,10.0,10.0,0.89,6.97,23.7,86,era5_archive
2016-12-28,10.8,4.4,6.8,0.0,0.0,1.36,10.32,17.6,81,era5_archive
2016-12-29,11.8,2.8,6.6,0.0,0.0,1.6,11.87,19.9,77,era5_archive
2016-12-30,12.0,1.3,6.5,0.0,0.0,1.57,11.84,13.0,76,era5_archive
2016-12-31,9.8,-0.0,4.9,0.8,0.8,1.2,10.05,17.9,84,era5_archive
2017-01-01,11.2,1.3,5.2,0.0,0.0,1.53,11.89,11.2,80,era5_archive
2017-01-02,11.0,0.5,5.5,0.4,0.4,1.27,8.1,17.0,78,era5_archive
2017-01-03,11.7,2.8,6.3,0.9,0.9,1.35,9.64,16.8,81,era5_archive
2017-01-04,12.3,2.1,6.6,0.0,0.0,1.5,10.39,10.7,79,era5_archive
2017-01-05,12.9,3.0,7.5,0.0,0.0,2.15,12.62,22.5,69,era5_archive
2017-01-06,13.7,4.5,8.5,0.0,0.0,2.88,13.19,28.1,51,era5_archive
2017-01-07,14.3,3.9,7.8,0.0,0.0,2.34,13.39,16.3,58,era5_archive
2017-01-08,10.4,3.6,6.2,0.0,0.0,2.06,12.39,20.7,58,era5_archive
2017-01-09,10.3,1.5,5.1,0.0,0.0,2.04,12.32,24.3,58,era5_archive
2017-01-10,12.2,0.4,6.0,0.0,0.0,2.45,12.87,26.4,53,era5_archive
2017-01-11,13.8,0.8,6.7,0.0,0.0,2.18,13.86,10.8,55,era5_archive
2017-01-12,13.4,2.4,7.3,0.0,0.0,2.03,12.27,21.1,63,era5_archive
2017-01-13,12.4,3.0,7.5,0.8,0.8,1.36,7.86,26.3,82,era5_archive
2017-01-14,11.7,1.9,6.9,3.0,3.0,1.0,3.82,21.8,76,era5_archive
2017-01-15,13.6,4.7,8.1,1.4,1.4,1.56,10.33,21.6,78,era5_archive
2017-01-16,14.0,1.7,7.0,0.0,0.0,1.86,13.04,17.9,76,era5_archive
2017-01-17,16.2,4.7,9.6,0.0,0.0,2.48,13.26,24.8,62,era5_archive
2017-01-18,17.1,4.4,9.6,0.0,0.0,2.33,14.19,17.1,67,era5_archive
2017-01-19,14.6,5.8,9.0,0.0,0.0,1.89,13.0,15.8,82,era5_archive
2017-01-20,14.3,2.8,7.6,0.0,0.0,2.1,14.46,12.1,74,era5_archive
2017-01-21,12.6,5.0,8.1,0.0,0.0,1.57,10.41,20.3,82,era5_archive
2017-01-22,12.1,1.5,6.6,0.0,0.0,2.08,14.85,10.4,68,era5_archive
2017-01-23,14.3,2.3,7.6,0.0,0.0,2.76,14.91,16.9,49,era5_archive
2017-01-24,15.1,5.1,9.7,0.1,0.1,3.85,14.8,30.0,38,era5_archive
2017-01-25,18.4,8.7,12.2,0.4,0.4,3.57,10.98,33.2,49,era5_archive
2017-01-26,13.7,5.7,9.9,2.8,2.8,1.51,8.98,19.6,83,era5_archive
2017-01-27,10.0,2.3,7.0,15.9,15.9,1.24,8.1,38.2,82,era5_archive
2017-01-28,6.5,1.9,3.7,3.0,2.5,1.3,8.08,42.0,75,era5_archive
2017-01-29,8.6,-1.6,3.5,0.1,0.1,1.9,15.77,10.3,68,era5_archive
2017-01-30,11.6,1.2,5.9,0.0,0.0,2.36,15.59,24.8,63,era5_archive
2017-01-31,10.7,2.3,5.6,0.8,0.8,1.5,11.95,23.5,83,era5_archive
2017-02-01,7.5,-0.5,3.6,0.0,0.0,1.99,15.54,32.7,70,era5_archive
2017-02-02,9.7,-2.3,3.1,0.0,0.0,2.08,16.46,16.3,67,era5_archive
2017-02-03,11.0,-2.1,3.5,0.0,0.0,2.21,16.66,12.6,64,era5_archive
2017-02-04,12.1,1.2,6.6,0.0,0.0,3.19,14.91,22.6,38,era5_archive
2017-02-05,14.1,3.5,8.1,0.1,0.1,3.32,16.53,17.4,29,era5_archive
2017-02-06,15.3,1.0,8.5,0.0,0.0,2.49,16.38,11.2,53,era5_archive
2017-02-07,17.1,4.7,10.6,0.0,0.0,4.47,17.02,26.3,28,era5_archive
2017-02-08,13.2,4.6,9.5,1.0,1.0,3.22,10.4,29.7,44,era5_archive
2017-02-09,16.0,1.9,8.2,0.0,0.0,2.66,17.07,13.2,65,era5_archive
2017-02-10,16.4,1.7,8.6,0.0,0.0,2.87,17.19,14.0,60,era5_archive
2017-02-11,15.9,3.0,9.7,0.0,0.0,2.86,16.58,19.9,57,era5_archive
2017-02-12,12.7,6.0,8.4,1.0,1.0,1.79,12.17,19.6,82,era5_archive
2017-02-13,11.8,3.4,7.3,0.7,0.7,1.78,13.56,23.1,81,era5_archive
2017-02-14,10.8,2.1,6.2,4.1,4.1,1.7,12.84,18.6,81,era5_archive
2017-02-15,9.6,2.1,5.4,3.6,3.6,1.72,14.67,27.2,81,era5_archive
2017-02-16,7.7,2.5,4.2,8.9,8.9,0.82,6.08,14.8,89,era5_archive
2017-02-17,9.4,-1.8,3.6,0.0,0.0,2.39,18.56,21.8,56,era5_archive
2017-02-18,10.9,-2.4,3.9,0.0,0.0,2.57,18.84,18.8,61,era5_archive
2017-02-19,12.0,-0.2,5.9,0.0,0.0,3.43,19.31,25.5,40,era5_archive
2017-02-20,14.4,0.6,6.8,0.0,0.0,3.49,19.33,21.7,37,era5_archive
2017-02-21,15.0,1.3,7.5,0.0,0.0,3.05,19.36,15.0,47,era5_archive
2017-02-22,16.9,0.6,8.4,0.0,0.0,3.38,18.15,22.9,51,era5_archive
2017-02-23,17.1,3.4,9.3,0.0,0.0,3.08,19.42,19.0,69,era5_archive
2017-02-24,18.8,2.1,10.1,0.0,0.0,3.33,19.69,12.5,50,era5_archive
2017-02-25,19.0,5.9,11.1,0.0,0.0,4.59,19.99,21.8,28,era5_archive
2017-02-26,20.5,6.2,12.5,0.0,0.0,4.9,20.21,19.2,23,era5_archive
2017-02-27,21.0,7.4,13.8,0.0,0.0,5.61,19.68,25.3,20,era5_archive
2017-02-28,21.8,12.0,15.5,1.1,1.1,5.11,12.08,29.0,24,era5_archive
2017-03-01,13.9,8.7,11.0,11.7,11.7,1.34,7.81,18.4,82,era5_archive
2017-03-02,16.9,5.5,11.0,0.1,0.1,2.33,14.38,21.0,81,era5_archive
2017-03-03,14.1,6.3,9.6,13.9,13.9,1.74,11.54,24.4,85,era5_archive
2017-03-04,15.3,6.1,10.2,0.0,0.0,2.84,19.67,17.4,76,era5_archive
2017-03-05,17.6,3.3,10.3,0.0,0.0,3.34,20.93,14.5,67,era5_archive
2017-03-06,18.6,5.0,11.8,0.0,0.0,3.81,21.18,21.7,59,era5_archive
2017-03-07,19.2,5.8,12.6,0.1,0.1,3.63,20.5,18.3,65,era5_archive
2017-03-08,19.9,7.0,12.8,0.0,0.0,3.48,21.0,11.2,69,era5_archive
2017-03-09,23.7,7.3,16.2,0.0,0.0,5.75,21.43,26.8,38,era5_archive
2017-03-10,21.6,12.7,17.4,0.0,0.0,6.1,21.54,31.3,35,era5_archive
2017-03-11,16.1,8.5,11.8,7.4,7.4,2.68,15.32,30.6,68,era5_archive
2017-03-12,20.5,8.0,13.2,1.1,1.1,4.08,19.12,29.7,55,era5_archive
2017-03-13,14.8,7.1,10.4,0.7,0.7,2.28,14.62,29.2,76,era5_archive
2017-03-14,15.0,6.0,10.4,0.0,0.0,2.49,14.47,21.6,73,era5_archive
2017-03-15,17.7,4.2,10.0,1.9,1.9,3.22,20.28,23.7,74,era5_archive
2017-03-16,13.3,5.8,9.3,0.3,0.3,2.13,12.64,20.6,76,era5_archive
2017-03-17,17.6,4.4,10.7,0.0,0.0,3.22,19.59,16.9,68,era5_archive
2017-03-18,21.8,9.2,14.3,0.0,0.0,3.37,14.72,13.2,50,era5_archive
2017-03-19,16.8,7.2,11.9,0.0,0.0,3.64,22.74,30.1,63,era5_archive
2017-03-20,16.2,6.9,10.6,0.0,0.0,3.06,19.15,31.0,72,era5_archive
2017-03-21,17.4,6.1,11.3,0.0,0.0,2.98,18.15,17.5,74,era5_archive
2017-03-22,19.3,6.5,13.0,0.4,0.4,3.25,16.55,19.1,61,era5_archive
2017-03-23,18.2,9.1,12.0,1.7,1.7,2.65,16.07,23.4,70,era5_archive
2017-03-24,18.4,6.4,12.2,0.2,0.2,3.65,20.91,17.2,65,era5_archive
2017-03-25,20.3,4.4,12.3,0.0,0.0,4.32,24.07,17.1,55,era5_archive
2017-03-26,21.6,5.6,14.0,0.0,0.0,4.46,24.24,16.8,48,era5_archive
2017-03-27,21.5,7.3,13.8,0.0,0.0,4.11,21.25,22.7,52,era5_archive
2017-03-28,19.7,6.2,12.5,0.0,0.0,4.14,24.31,19.3,60,era5_archive
2017-03-29,23.5,6.5,14.5,0.0,0.0,4.79,24.44,15.0,51,era5_archive
2017-03-30,25.6,11.0,17.3,0.4,0.4,5.08,17.01,21.3,33,era5_archive
2017-03-31,22.5,9.4,15.4,0.8,0.8,4.39,21.54,21.4,54,era5_archive
2017-04-01,20.2,9.0,13.7,1.2,1.2,4.01,20.54,23.8,59,era5_archive
2017-04-02,16.8,7.1,11.7,0.5,0.5,3.21,19.44,28.1,74,era5_archive
2017-04-03,17.3,8.9,12.6,0.6,0.6,2.62,13.73,20.6,75,era5_archive
2017-04-04,25.5,5.6,16.1,0.0,0.0,5.85,25.39,23.8,46,era5_archive
2017-04-05,27.7,15.3,20.8,0.0,0.0,8.04,25.34,32.4,27,era5_archive
2017-04-06,27.8,10.9,19.6,0.0,0.0,6.67,26.01,22.6,29,era5_archive
2017-04-07,20.2,9.9,14.4,0.0,0.0,4.24,23.1,25.6,66,era5_archive
2017-04-08,22.2,7.5,14.4,0.0,0.0,4.88,25.15,23.5,60,era5_archive
2017-04-09,20.3,8.1,13.6,0.0,0.0,4.35,24.14,29.1,63,era5_archive
2017-04-10,24.0,6.3,15.2,0.0,0.0,5.16,26.45,13.5,43,era5_archive
2017-04-11,28.3,11.9,19.7,0.8,0.8,4.77,19.38,15.2,36,era5_archive
2017-04-12,30.5,12.8,21.0,1.7,1.7,5.44,23.25,11.7,41,era5_archive
2017-04-13,28.5,14.1,20.6,11.2,11.2,5.35,16.1,44.0,55,era5_archive
2017-04-14,20.8,11.2,14.9,0.1,0.1,4.03,22.13,27.0,70,era5_archive
2017-04-15,19.9,9.6,14.0,0.2,0.2,4.04,22.44,24.9,71,era5_archive
2017-04-16,21.7,10.5,15.2,0.1,0.1,4.0,21.36,19.3,69,era5_archive
2017-04-17,25.2,9.3,17.0,0.0,0.0,5.42,26.05,18.6,54,era5_archive
2017-04-18,24.0,10.6,16.9,0.1,0.1,5.76,26.85,28.7,43,era5_archive
2017-04-19,26.4,10.6,17.7,0.0,0.0,5.81,27.74,20.4,33,era5_archive
2017-04-20,25.8,11.3,18.2,0.0,0.0,6.18,27.63,23.0,30,era5_archive
2017-04-21,31.2,11.3,21.3,0.0,0.0,7.15,27.24,19.7,24,era5_archive
2017-04-22,33.0,19.4,25.6,0.0,0.0,9.59,25.19,37.6,15,era5_archive
2017-04-23,22.6,9.8,17.4,0.1,0.1,5.55,26.48,33.1,49,era5_archive
2017-04-24,20.6,8.9,13.6,0.0,0.0,4.87,26.8,23.2,61,era5_archive
2017-04-25,25.3,7.0,16.0,0.0,0.0,5.48,28.22,15.2,51,era5_archive
2017-04-26,28.7,11.5,21.1,0.0,0.0,6.89,27.17,22.2,25,era5_archive
2017-04-27,30.0,15.8,22.4,0.0,0.0,7.41,27.6,26.1,25,era5_archive
2017-04-28,26.7,12.3,18.9,0.0,0.0,6.19,27.69,23.4,48,era5_archive
2017-04-29,27.9,10.6,19.3,0.0,0.0,6.35,28.82,20.7,35,era5_archive
2017-04-30,32.0,12.9,22.2,0.0,0.0,6.24,25.56,13.5,31,era5_archive
2017-05-01,29.1,14.0,21.4,0.4,0.4,6.66,25.43,24.1,35,era5_archive
2017-05-02,25.5,15.6,19.8,0.3,0.3,5.67,23.89,20.7,41,era5_archive
2017-05-03,24.7,11.1,17.3,0.0,0.0,5.38,27.84,23.7,62,era5_archive
2017-05-04,24.6,11.3,17.4,1.5,1.5,4.98,24.33,23.5,69,era5_archive
2017-05-05,25.3,11.8,18.3,0.9,0.9,5.5,26.3,24.5,60,era5_archive
2017-05-06,26.1,12.5,18.5,0.0,0.0,5.83,27.95,24.6,59,era5_archive
2017-05-07,26.6,11.5,19.0,0.0,0.0,6.39,28.56,27.8,51,era5_archive
2017-05-08,31.8,13.5,21.9,0.0,0.0,6.63,28.56,20.5,39,era5_archive
2017-05-09,35.0,14.9,26.2,0.0,0.0,7.32,28.32,19.5,23,era5_archive
2017-05-10,34.4,20.0,28.0,0.0,0.0,9.11,29.07,23.2,16,era5_archive
2017-05-11,29.6,15.1,22.8,0.0,0.0,7.43,28.63,27.0,30,era5_archive
2017-05-12,30.3,12.6,20.4,0.0,0.0,6.59,28.82,22.6,53,era5_archive
2017-05-13,32.7,14.7,23.4,0.0,0.0,7.08,28.99,20.6,37,era5_archive
2017-05-14,35.5,15.8,26.0,0.0,0.0,7.92,28.63,27.1,27,era5_archive
2017-05-15,33.2,17.9,24.6,0.0,0.0,8.51,29.09,34.9,29,era5_archive
2017-05-16,30.7,14.9,22.3,0.0,0.0,6.84,29.05,22.9,48,era5_archive
2017-05-17,32.2,16.3,23.2,0.0,0.0,7.1,29.53,25.4,34,era5_archive
2017-05-18,35.4,15.6,25.1,0.0,0.0,7.14,28.13,23.5,29,era5_archive
2017-05-19,31.2,16.0,23.9,0.0,0.0,8.38,28.82,31.0,36,era5_archive
2017-05-20,22.4,14.1,18.0,0.2,0.2,4.22,17.41,31.4,65,era5_archive
2017-05-21,23.5,12.7,17.4,0.0,0.0,5.83,28.27,25.6,56,era5_archive
2017-05-22,28.4,10.6,19.9,0.0,0.0,6.29,29.34,13.9,45,era5_archive
2017-05-23,24.5,14.7,19.5,0.2,0.2,5.98,26.58,31.3,49,era5_archive
2017-05-24,25.7,13.1,18.5,0.0,0.0,5.74,27.89,22.9,62,era5_archive
2017-05-25,29.8,11.6,20.5,0.0,0.0,6.58,29.05,21.0,48,era5_archive
2017-05-26,26.9,12.9,19.0,0.0,0.0,6.51,29.54,26.8,52,era5_archive
2017-05-27,30.6,12.7,22.0,0.0,0.0,6.8,29.43,17.1,37,era5_archive
2017-05-28,30.4,16.1,22.9,0.0,0.0,7.47,29.4,28.3,30,era5_archive
2017-05-29,33.4,14.3,24.2,0.0,0.0,7.55,29.21,22.5,30,era5_archive
2017-05-30,30.2,16.8,23.4,0.0,0.0,7.4,28.95,22.4,39,era5_archive
2017-05-31,29.3,15.5,21.7,0.0,0.0,7.49,29.32,28.7,34,era5_archive
2017-06-01,26.0,12.9,19.0,0.0,0.0,6.2,29.28,29.8,58,era5_archive
2017-06-02,28.2,14.9,20.5,0.1,0.1,6.24,28.19,27.7,64,era5_archive
2017-06-03,32.6,14.2,23.1,0.0,0.0,6.71,28.88,21.3,54,era5_archive
2017-06-04,34.8,16.9,25.6,0.0,0.0,7.4,28.9,23.1,40,era5_archive
2017-06-05,32.1,17.0,24.0,0.0,0.0,7.73,29.26,28.3,44,era5_archive
2017-06-06,31.3,14.6,23.1,0.0,0.0,7.76,30.11,26.0,34,era5_archive
2017-06-07,33.5,16.1,25.2,0.0,0.0,7.59,30.07,20.3,31,era5_archive
2017-06-08,37.3,18.1,27.4,0.0,0.0,7.76,29.64,22.6,30,era5_archive
2017-06-09,37.7,19.1,28.3,0.0,0.0,8.46,29.53,29.2,30,era5_archive
2017-06-10,30.5,17.8,22.9,0.0,0.0,6.87,29.2,28.0,61,era5_archive
2017-06-11,31.3,14.8,22.2,0.0,0.0,6.95,29.93,22.3,58,era5_archive
2017-06-12,32.1,14.2,22.6,0.0,0.0,7.07,29.84,23.8,56,era5_archive
2017-06-13,30.7,16.5,22.9,0.0,0.0,7.14,29.42,28.8,57,era5_archive
2017-06-14,31.0,17.0,23.5,0.0,0.0,7.22,28.29,27.1,44,era5_archive
2017-06-15,32.0,15.7,22.9,0.0,0.0,6.53,28.44,24.1,60,era5_archive
2017-06-16,33.1,16.3,24.2,0.0,0.0,7.37,29.44,26.0,48,era5_archive
2017-06-17,32.6,16.4,24.3,0.0,0.0,7.54,29.05,27.7,53,era5_archive
2017-06-18,32.4,18.4,24.8,0.0,0.0,7.35,29.22,23.0,50,era5_archive
2017-06-19,33.1,16.6,24.9,0.0,0.0,7.53,29.2,28.5,47,era5_archive
2017-06-20,29.3,17.7,22.8,0.0,0.0,6.58,27.88,28.6,60,era5_archive
2017-06-21,27.7,15.5,20.9,0.0,0.0,5.89,26.24,27.6,64,era5_archive
2017-06-22,29.0,15.9,21.7,0.0,0.0,6.43,28.52,23.9,62,era5_archive
2017-06-23,30.2,16.1,22.5,0.0,0.0,6.71,29.3,24.7,58,era5_archive
2017-06-24,33.4,16.3,24.2,0.0,0.0,6.95,29.01,23.9,58,era5_archive
2017-06-25,34.8,17.3,25.5,0.0,0.0,7.23,29.67,20.1,45,era5_archive
2017-06-26,37.0,18.0,27.2,0.0,0.0,7.41,29.17,19.3,43,era5_archive
2017-06-27,37.8,20.6,28.3,0.0,0.0,8.32,29.01,26.6,40,era5_archive
2017-06-28,35.4,18.8,26.6,0.0,0.0,8.1,29.39,23.7,42,era5_archive
2017-06-29,33.8,17.1,24.9,0.0,0.0,7.9,29.88,26.1,46,era5_archive
2017-06-30,34.5,17.9,25.5,0.0,0.0,7.55,28.8,32.0,55,era5_archive
2017-07-01,37.6,18.8,27.9,0.0,0.0,7.88,28.58,21.9,52,era5_archive
2017-07-02,40.6,21.1,30.8,0.0,0.0,8.83,28.51,26.8,34,era5_archive
2017-07-03,40.7,23.0,31.3,0.0,0.0,8.69,26.13,28.8,31,era5_archive
2017-07-04,40.0,23.5,30.8,0.0,0.0,8.91,27.15,33.4,29,era5_archive
2017-07-05,35.3,20.6,27.3,0.0,0.0,7.37,26.27,25.5,52,era5_archive
2017-07-06,32.9,20.0,25.0,0.0,0.0,6.8,27.47,27.9,65,era5_archive
2017-07-07,32.8,19.7,24.7,0.0,0.0,6.54,26.55,29.9,66,era5_archive
2017-07-08,34.3,19.4,25.5,0.0,0.0,7.12,28.33,26.8,61,era5_archive
2017-07-09,35.2,19.1,26.5,0.0,0.0,7.28,28.07,23.2,52,era5_archive
2017-07-10,37.3,19.2,28.1,0.0,0.0,8.13,28.58,23.2,41,era5_archive
2017-07-11,38.7,23.3,29.7,0.0,0.0,7.42,22.53,21.4,31,era5_archive
2017-07-12,37.1,21.9,28.7,0.0,0.0,8.15,28.05,24.1,40,era5_archive
2017-07-13,35.4,20.8,27.7,0.0,0.0,8.07,29.16,27.7,53,era5_archive
2017-07-14,36.7,19.8,28.1,0.0,0.0,8.34,29.94,25.2,44,era5_archive
2017-07-15,36.4,20.2,28.4,0.0,0.0,8.25,30.11,24.2,31,era5_archive
2017-07-16,37.5,20.6,29.3,0.0,0.0,8.26,30.13,21.6,26,era5_archive
2017-07-17,39.8,21.9,30.2,0.0,0.0,8.77,29.34,27.1,24,era5_archive
2017-07-18,36.4,21.1,28.0,0.0,0.0,8.35,29.35,26.1,40,era5_archive
2017-07-19,35.3,18.8,26.6,0.0,0.0,7.94,29.37,25.0,53,era5_archive
2017-07-20,34.1,19.3,26.1,0.0,0.0,7.22,28.75,21.6,57,era5_archive
2017-07-21,35.8,19.8,26.7,0.0,0.0,7.42,28.59,25.0,55,era5_archive
2017-07-22,34.6,19.8,26.3,0.0,0.0,7.23,28.54,24.3,56,era5_archive
2017-07-23,35.1,18.6,26.0,0.0,0.0,7.15,29.0,22.1,57,era5_archive
2017-07-24,36.6,18.7,26.9,0.0,0.0,7.1,28.71,22.5,62,era5_archive
2017-07-25,37.4,20.0,28.1,0.0,0.0,7.47,28.66,24.5,56,era5_archive
2017-07-26,38.8,22.4,29.8,0.0,0.0,7.8,28.86,23.3,38,era5_archive
2017-07-27,38.9,22.2,29.6,0.0,0.0,8.27,28.22,23.8,38,era5_archive
2017-07-28,35.1,21.5,27.3,0.0,0.0,7.93,28.18,31.6,53,era5_archive
2017-07-29,32.4,18.7,24.5,0.0,0.0,6.94,28.6,24.7,61,era5_archive
2017-07-30,34.1,16.4,24.9,0.0,0.0,6.85,28.97,19.5,60,era5_archive
2017-07-31,38.8,18.5,28.1,0.0,0.0,7.1,28.57,21.3,51,era5_archive
2017-08-01,37.2,21.1,28.6,0.0,0.0,8.01,28.1,23.8,50,era5_archive
2017-08-02,34.8,19.2,26.6,0.0,0.0,7.55,28.72,23.6,54,era5_archive
2017-08-03,33.7,17.9,25.2,0.0,0.0,6.93,28.06,25.0,64,era5_archive
2017-08-04,33.4,18.8,25.3,0.0,0.0,7.07,28.66,24.1,61,era5_archive
2017-08-05,34.2,17.9,25.3,0.0,0.0,6.92,28.69,25.1,55,era5_archive
2017-08-06,35.1,19.1,26.4,0.0,0.0,6.93,28.07,22.1,50,era5_archive
2017-08-07,37.2,20.2,28.1,0.0,0.0,7.5,27.77,18.4,44,era5_archive
2017-08-08,36.1,20.7,27.7,0.0,0.0,7.1,27.25,21.8,59,era5_archive
2017-08-09,37.1,20.7,28.0,0.0,0.0,7.18,27.21,21.9,60,era5_archive
2017-08-10,34.9,20.4,26.8,0.0,0.0,6.98,27.35,22.5,60,era5_archive
2017-08-11,34.4,18.9,25.6,0.0,0.0,6.69,27.37,22.3,64,era5_archive
2017-08-12,34.9,19.7,26.2,0.0,0.0,6.87,27.34,26.5,55,era5_archive
2017-08-13,35.7,19.6,27.0,0.0,0.0,7.31,27.1,23.5,56,era5_archive
2017-08-14,34.9,20.2,26.8,0.0,0.0,6.99,27.12,25.9,58,era5_archive
2017-08-15,34.4,20.5,26.2,0.0,0.0,6.62,26.74,23.9,64,era5_archive
2017-08-16,33.6,19.2,25.5,0.0,0.0,6.45,26.41,22.4,64,era5_archive
2017-08-17,35.3,18.1,25.4,0.0,0.0,6.53,26.99,23.5,64,era5_archive
2017-08-18,32.7,18.5,25.3,0.0,0.0,6.56,26.85,23.3,59,era5_archive
2017-08-19,34.0,18.3,26.2,0.0,0.0,6.66,25.25,19.3,44,era5_archive
2017-08-20,36.3,19.8,27.4,0.0,0.0,7.4,26.02,23.7,40,era5_archive
2017-08-21,32.3,19.5,25.1,0.0,0.0,6.56,25.94,24.6,58,era5_archive
2017-08-22,31.2,19.8,24.4,0.0,0.0,6.21,25.6,25.2,68,era5_archive
2017-08-23,32.4,19.2,24.5,0.0,0.0,6.19,25.86,21.6,66,era5_archive
2017-08-24,33.8,17.5,25.1,0.0,0.0,6.22,26.0,16.9,64,era5_archive
2017-08-25,35.7,19.4,26.9,0.0,0.0,6.45,25.62,19.8,57,era5_archive
2017-08-26,35.6,19.0,26.3,0.0,0.0,6.92,25.95,25.4,58,era5_archive
2017-08-27,33.8,18.7,25.5,0.0,0.0,6.94,25.77,23.8,54,era5_archive
2017-08-28,32.4,17.7,24.4,0.0,0.0,6.32,25.59,22.3,60,era5_archive
2017-08-29,32.6,16.4,23.6,0.0,0.0,6.19,26.26,18.9,60,era5_archive
2017-08-30,32.3,15.4,23.3,0.0,0.0,6.16,26.12,21.3,58,era5_archive
2017-08-31,31.4,15.6,22.8,0.0,0.0,6.19,25.99,24.0,58,era5_archive
2017-09-01,31.3,16.1,23.1,0.0,0.0,6.01,25.44,23.6,65,era5_archive
2017-09-02,34.0,18.6,25.7,0.0,0.0,5.88,24.61,16.6,62,era5_archive
2017-09-03,37.8,19.0,28.1,0.0,0.0,6.4,24.58,16.9,54,era5_archive
2017-09-04,35.3,21.8,27.8,0.0,0.0,6.36,23.8,19.9,59,era5_archive
2017-09-05,34.9,21.3,26.6,0.0,0.0,6.5,24.31,22.7,59,era5_archive
2017-09-06,31.9,19.1,24.1,0.0,0.0,6.13,23.88,24.9,61,era5_archive
2017-09-07,31.0,16.5,23.2,0.0,0.0,5.74,24.74,19.7,62,era5_archive
2017-09-08,36.6,17.2,26.5,0.0,0.0,5.74,24.55,10.7,48,era5_archive
2017-09-09,38.6,21.1,28.9,0.0,0.0,6.38,23.9,21.5,45,era5_archive
2017-09-10,35.4,19.6,26.9,0.0,0.0,6.28,23.91,19.8,56,era5_archive
2017-09-11,36.7,19.6,27.4,0.0,0.0,6.31,24.06,17.6,44,era5_archive
2017-09-12,37.0,20.3,28.2,0.0,0.0,6.62,24.12,18.1,33,era5_archive
2017-09-13,37.7,20.1,28.3,0.0,0.0,6.87,24.09,17.7,31,era5_archive
2017-09-14,39.3,20.2,28.3,0.0,0.0,6.46,23.48,22.7,40,era5_archive
2017-09-15,32.3,21.1,25.6,0.0,0.0,5.26,21.53,23.8,71,era5_archive
2017-09-16,30.5,19.1,23.4,0.0,0.0,5.27,22.58,24.0,69,era5_archive
2017-09-17,31.6,16.4,22.9,0.0,0.0,5.37,22.91,19.1,66,era5_archive
2017-09-18,33.4,16.8,24.3,0.0,0.0,5.78,22.98,17.9,54,era5_archive
2017-09-19,32.4,18.9,24.4,0.0,0.0,5.72,22.63,20.9,56,era5_archive
2017-09-20,29.3,18.3,23.0,0.0,0.0,5.15,22.37,22.8,62,era5_archive
2017-09-21,31.1,19.0,23.6,0.0,0.0,5.04,21.63,24.8,71,era5_archive
2017-09-22,31.6,18.0,23.4,0.0,0.0,5.07,21.03,25.1,73,era5_archive
2017-09-23,28.7,16.7,21.8,0.0,0.0,4.81,20.31,17.8,65,era5_archive
2017-09-24,30.0,16.5,21.9,0.2,0.2,5.27,21.4,32.3,61,era5_archive
2017-09-25,30.6,16.1,22.4,0.0,0.0,4.88,21.53,15.8,66,era5_archive
2017-09-26,29.0,17.0,21.9,0.0,0.0,4.85,20.97,23.1,69,era5_archive
2017-09-27,28.1,16.7,21.2,0.0,0.0,4.72,21.15,18.3,69,era5_archive
2017-09-28,28.2,13.5,20.3,0.0,0.0,4.68,21.52,13.9,65,era5_archive
2017-09-29,27.4,14.4,20.2,0.0,0.0,4.84,21.08,20.5,61,era5_archive
2017-09-30,27.2,15.0,20.2,0.0,0.0,4.4,19.23,24.7,67,era5_archive
2017-10-01,27.3,14.6,20.6,0.0,0.0,4.48,20.0,17.2,63,era5_archive
2017-10-02,32.1,14.8,23.8,0.0,0.0,5.42,20.45,15.6,35,era5_archive
2017-10-03,28.4,16.7,21.8,0.0,0.0,5.13,20.53,23.9,54,era5_archive
2017-10-04,27.5,16.8,21.0,0.0,0.0,4.25,19.18,21.4,72,era5_archive
2017-10-05,26.6,14.7,20.1,0.0,0.0,4.44,19.91,24.8,65,era5_archive
2017-10-06,26.6,14.1,19.7,0.0,0.0,4.34,19.92,19.2,66,era5_archive
2017-10-07,27.5,15.2,20.6,0.0,0.0,4.39,19.9,13.0,50,era5_archive
2017-10-08,28.5,17.5,21.7,0.0,0.0,4.77,16.41,22.9,50,era5_archive
2017-10-09,24.4,15.8,19.1,0.6,0.6,2.79,12.61,21.9,77,era5_archive
2017-10-10,24.2,14.9,18.5,0.1,0.1,3.83,17.48,22.4,69,era5_archive
2017-10-11,25.3,12.8,18.4,0.0,0.0,3.85,19.15,15.3,67,era5_archive
2017-10-12,26.6,12.3,18.6,0.0,0.0,4.06,19.0,16.5,65,era5_archive
2017-10-13,26.1,13.1,18.7,0.0,0.0,4.09,18.73,17.7,68,era5_archive
2017-10-14,24.7,13.8,18.3,0.0,0.0,3.8,17.91,25.0,69,era5_archive
2017-10-15,24.7,13.4,18.3,0.0,0.0,3.79,17.87,17.2,66,era5_archive
2017-10-16,23.3,12.8,17.6,0.0,0.0,3.41,15.72,25.2,66,era5_archive
2017-10-17,27.9,12.3,19.7,0.0,0.0,4.13,17.03,19.2,53,era5_archive
2017-10-18,27.1,12.3,20.0,0.0,0.0,4.16,18.15,10.9,36,era5_archive
2017-10-19,29.3,13.3,21.5,0.0,0.0,5.32,18.03,21.3,24,era5_archive
2017-10-20,29.8,13.3,21.3,0.0,0.0,4.57,17.91,17.2,38,era5_archive
2017-10-21,26.5,12.9,18.9,0.0,0.0,3.76,17.23,17.6,74,era5_archive
2017-10-22,25.0,13.0,18.0,0.0,0.0,3.55,17.24,15.8,72,era5_archive
2017-10-23,26.4,11.3,18.7,0.0,0.0,3.5,17.15,14.7,58,era5_archive
2017-10-24,24.9,12.2,18.0,0.0,0.0,3.37,16.24,14.5,69,era5_archive
2017-10-25,26.6,12.3,18.9,0.0,0.0,3.68,16.86,14.0,58,era5_archive
2017-10-26,27.3,12.3,19.8,0.0,0.0,3.82,16.98,10.9,44,era5_archive
2017-10-27,28.3,13.7,20.3,0.0,0.0,3.95,16.6,10.6,40,era5_archive
2017-10-28,22.5,15.0,17.9,0.7,0.7,2.51,11.22,21.7,65,era5_archive
2017-10-29,24.6,10.7,16.8,0.0,0.0,3.46,16.34,16.4,65,era5_archive
2017-10-30,21.6,12.0,16.1,0.3,0.3,2.38,10.1,24.8,71,era5_archive
2017-10-31,22.8,12.2,16.6,0.1,0.1,2.51,11.16,21.6,76,era5_archive
2017-11-01,21.6,12.5,16.6,0.2,0.2,3.12,15.42,19.5,69,era5_archive
2017-11-02,21.4,10.8,15.4,0.0,0.0,2.39,11.78,17.3,71,era5_archive
2017-11-03,21.0,11.2,15.4,0.0,0.0,2.73,13.91,12.7,71,era5_archive
2017-11-04,21.7,11.4,15.4,0.0,0.0,2.72,15.29,12.0,68,era5_archive
2017-11-05,23.6,9.8,16.0,0.0,0.0,3.36,15.45,20.1,57,era5_archive
2017-11-06,21.4,11.7,15.6,0.0,0.0,2.7,14.66,14.0,67,era5_archive
2017-11-07,24.2,9.1,16.4,0.0,0.0,3.12,14.53,16.6,63,era5_archive
2017-11-08,24.4,11.6,17.1,0.0,0.0,3.57,13.93,24.0,58,era5_archive
2017-11-09,21.5,12.5,16.0,0.0,0.0,2.59,13.08,17.8,75,era5_archive
2017-11-10,21.1,10.2,14.8,0.0,0.0,2.79,15.0,14.1,70,era5_archive
2017-11-11,21.4,8.3,14.3,0.0,0.0,2.83,14.86,10.2,60,era5_archive
2017-11-12,24.4,8.7,16.6,0.0,0.0,3.8,13.29,24.2,43,era5_archive
2017-11-13,24.8,15.6,19.5,0.0,0.0,4.84,12.15,32.4,37,era5_archive
2017-11-14,23.5,11.5,17.1,0.0,0.0,3.2,14.23,15.4,49,era5_archive
2017-11-15,23.7,9.2,16.2,0.0,0.0,2.87,14.86,8.6,48,era5_archive
2017-11-16,24.5,9.6,16.2,0.0,0.0,3.79,14.69,14.0,37,era5_archive
2017-11-17,26.0,10.4,17.7,0.0,0.0,4.4,13.98,22.2,31,era5_archive
2017-11-18,25.5,13.3,19.1,0.0,0.0,4.17,11.49,19.8,28,era5_archive
2017-11-19,22.3,12.8,17.3,0.0,0.0,3.23,13.12,19.0,52,era5_archive
2017-11-20,20.0,11.7,14.6,0.0,0.0,2.31,12.18,19.5,79,era5_archive
2017-11-21,15.7,10.5,12.5,16.2,16.2,1.64,7.37,27.8,79,era5_archive
2017-11-22,13.3,7.6,10.6,1.5,1.5,1.84,8.03,24.4,71,era5_archive
2017-11-23,15.0,5.5,9.6,0.0,0.0,1.86,11.16,20.0,72,era5_archive
2017-11-24,15.6,4.9,9.7,0.0,0.0,1.91,12.1,15.7,77,era5_archive
2017-11-25,17.8,7.3,11.6,0.0,0.0,2.31,10.5,19.5,62,era5_archive
2017-11-26,18.9,6.6,12.8,0.0,0.0,2.55,12.91,13.5,51,era5_archive
2017-11-27,17.9,7.4,12.6,0.0,0.0,2.06,11.9,10.9,62,era5_archive
2017-11-28,17.9,9.1,12.8,0.0,0.0,2.48,12.69,21.4,63,era5_archive
2017-11-29,17.6,7.6,12.2,0.0,0.0,1.94,10.59,16.9,71,era5_archive
2017-11-30,17.8,6.0,11.7,0.0,0.0,2.05,12.2,9.4,72,era5_archive
2017-12-01,19.0,7.6,13.0,0.0,0.0,2.78,12.92,22.1,54,era5_archive
2017-12-02,19.0,10.0,13.3,0.0,0.0,3.24,13.04,22.9,50,era5_archive
2017-12-03,20.0,8.3,13.1,0.0,0.0,3.41,13.02,20.6,44,era5_archive
2017-12-04,20.6,8.0,13.6,0.0,0.0,4.19,12.98,23.3,33,era5_archive
2017-12-05,22.0,10.4,14.9,0.3,0.3,3.7,11.38,19.9,41,era5_archive
2017-12-06,12.7,6.7,10.9,5.5,5.5,1.45,6.19,31.4,78,era5_archive
2017-12-07,12.4,4.3,8.0,0.1,0.1,2.15,12.11,23.7,68,era5_archive
2017-12-08,12.1,1.4,6.6,0.0,0.0,1.86,12.77,10.2,69,era5_archive
2017-12-09,14.2,4.0,8.4,0.0,0.0,2.85,12.84,23.5,50,era5_archive
2017-12-10,15.5,6.6,9.7,0.0,0.0,3.39,10.91,21.8,26,era5_archive
2017-12-11,17.7,4.9,11.1,0.0,0.0,2.77,12.2,11.3,27,era5_archive
2017-12-12,20.4,5.5,13.4,0.0,0.0,3.95,11.61,23.3,26,era5_archive
2017-12-13,19.2,9.8,13.6,0.0,0.0,3.5,12.27,22.1,44,era5_archive
2017-12-14,16.9,8.9,12.5,0.1,0.1,1.75,9.83,17.5,81,era5_archive
2017-12-15,17.4,9.2,12.2,0.0,0.0,1.86,11.05,13.5,79,era5_archive
2017-12-16,17.2,5.8,11.1,0.0,0.0,2.29,12.23,14.3,67,era5_archive
2017-12-17,17.9,8.8,12.7,0.0,0.0,3.12,10.8,26.1,47,era5_archive
2017-12-18,20.6,10.7,14.9,0.0,0.0,3.95,11.1,22.1,30,era5_archive
2017-12-19,20.1,12.1,15.5,0.1,0.1,3.1,7.44,17.4,29,era5_archive
2017-12-20,20.0,10.7,15.2,0.0,0.0,2.96,5.45,15.9,29,era5_archive
2017-12-21,21.3,12.5,16.4,0.0,0.0,3.34,5.85,16.4,24,era5_archive
2017-12-22,21.4,11.8,16.9,0.0,0.0,3.63,7.55,15.5,25,era5_archive
2017-12-23,21.6,12.4,15.9,0.0,0.0,3.06,7.86,17.6,47,era5_archive
2017-12-24,16.4,9.0,12.4,3.4,3.4,2.0,10.01,20.3,71,era5_archive
2017-12-25,11.5,5.4,8.1,7.6,7.6,1.23,7.73,21.5,81,era5_archive
2017-12-26,14.4,2.2,7.9,0.0,0.0,1.9,12.44,19.1,75,era5_archive
2017-12-27,15.8,7.3,10.9,0.0,0.0,2.73,11.26,26.6,55,era5_archive
2017-12-28,16.0,9.8,12.3,0.0,0.0,2.33,7.19,20.8,52,era5_archive
2017-12-29,17.9,9.0,12.3,0.7,0.7,1.45,4.98,11.7,60,era5_archive
2017-12-30,17.7,7.2,11.4,0.0,0.0,1.6,9.89,19.8,79,era5_archive
2017-12-31,12.4,3.6,7.6,0.0,0.0,0.8,4.55,9.5,80,era5_archive
2018-01-01,11.4,5.5,8.0,0.0,0.0,1.24,7.11,21.5,78,era5_archive
2018-01-02,13.3,7.6,10.4,2.8,2.8,1.02,6.12,26.9,86,era5_archive
2018-01-03,16.1,7.0,11.3,0.2,0.2,1.72,9.71,15.5,74,era5_archive
2018-01-04,13.5,4.7,8.6,0.1,0.1,1.78,10.59,22.2,72,era5_archive
2018-01-05,11.3,6.5,8.5,20.5,20.5,1.07,4.64,27.6,82,era5_archive
2018-01-06,13.9,7.5,9.3,9.4,9.4,1.26,8.22,16.8,86,era5_archive
2018-01-07,14.2,3.0,7.8,0.0,0.0,1.69,12.82,9.4,84,era5_archive
2018-01-08,13.9,1.5,6.7,0.0,0.0,1.87,13.2,11.0,71,era5_archive
2018-01-09,15.1,3.1,8.1,0.0,0.0,1.93,13.08,10.9,68,era5_archive
2018-01-10,14.1,4.7,9.2,0.0,0.0,1.64,11.34,14.0,84,era5_archive
2018-01-11,15.5,7.2,10.5,0.0,0.0,2.92,12.88,23.4,51,era5_archive
2018-01-12,16.0,6.0,10.2,0.0,0.0,2.22,12.56,17.6,64,era5_archive
2018-01-13,16.9,4.4,9.5,0.0,0.0,2.48,13.24,23.4,65,era5_archive
2018-01-14,13.1,5.7,9.0,3.5,3.5,1.61,9.8,25.2,72,era5_archive
2018-01-15,13.8,6.5,9.3,0.8,0.8,1.34,9.16,19.6,85,era5_archive
2018-01-16,13.5,4.9,8.8,0.0,0.0,1.4,9.03,12.5,81,era5_archive
2018-01-17,12.5,5.4,8.4,0.6,0.6,1.3,8.64,20.1,83,era5_archive
2018-01-18,14.7,5.2,10.0,0.5,0.5,2.15,10.48,34.8,74,era5_archive
2018-01-19,8.5,4.3,6.9,20.6,19.7,1.61,10.16,40.9,76,era5_archive
2018-01-20,13.0,3.2,7.7,0.0,0.0,1.87,13.81,16.4,76,era5_archive
2018-01-21,13.9,3.8,9.0,0.0,0.0,2.67,13.32,29.4,64,era5_archive
2018-01-22,15.7,5.7,9.9,0.0,0.0,3.0,14.1,27.3,53,era5_archive
2018-01-23,12.3,6.5,9.3,8.5,8.5,1.33,6.75,26.5,78,era5_archive
2018-01-24,11.2,7.1,9.0,8.0,8.0,0.63,3.51,13.0,90,era5_archive
2018-01-25,11.8,6.2,8.5,8.9,8.9,1.23,8.5,16.6,84,era5_archive
2018-01-26,8.2,4.6,6.3,4.7,4.6,1.12,7.88,21.5,80,era5_archive
2018-01-27,10.3,3.2,6.5,0.0,0.0,1.19,8.16,17.3,83,era5_archive
2018-01-28,11.5,4.1,7.4,0.2,0.2,1.24,8.14,16.1,84,era5_archive
2018-01-29,11.3,4.2,7.7,0.7,0.7,1.39,9.94,11.4,85,era5_archive
2018-01-30,12.6,3.7,8.3,0.0,0.0,1.83,13.35,15.3,80,era5_archive
2018-01-31,13.9,2.2,8.0,0.0,0.0,2.13,15.12,10.0,73,era5_archive
2018-02-01,16.0,1.7,8.1,0.0,0.0,2.35,15.17,10.1,70,era5_archive
2018-02-02,17.5,2.3,9.3,0.0,0.0,2.58,15.56,12.3,60,era5_archive
2018-02-03,19.0,5.7,11.0,0.0,0.0,3.15,15.3,16.7,47,era5_archive
2018-02-04,20.9,6.1,12.4,0.0,0.0,3.27,15.22,11.9,41,era5_archive
2018-02-05,20.8,8.8,13.9,0.0,0.0,3.34,13.6,15.9,36,era5_archive
2018-02-06,21.0,8.6,14.6,0.3,0.3,2.5,10.91,9.5,40,era5_archive
2018-02-07,21.1,5.2,12.8,0.0,0.0,2.96,15.13,12.3,45,era5_archive
2018-02-08,20.9,6.4,13.1,0.0,0.0,3.38,13.9,19.8,42,era5_archive
2018-02-09,25.0,11.1,16.3,0.0,0.0,4.22,15.05,21.6,41,era5_archive
2018-02-10,24.8,9.5,16.4,0.0,0.0,3.81,13.74,16.4,41,era5_archive
2018-02-11,24.9,13.5,18.2,0.0,0.0,3.7,8.31,21.0,36,era5_archive
2018-02-12,16.5,11.6,13.7,1.7,1.7,1.87,9.75,19.8,79,era5_archive
2018-02-13,11.4,8.5,10.3,19.4,19.4,1.05,7.95,28.1,89,era5_archive
2018-02-14,15.0,7.4,10.3,0.0,0.0,2.29,14.16,14.2,75,era5_archive
2018-02-15,17.9,8.2,12.7,0.1,0.1,2.78,10.09,21.9,55,era5_archive
2018-02-16,18.4,5.9,11.3,0.0,0.0,2.41,14.86,10.4,75,era5_archive
2018-02-17,11.2,6.9,8.8,22.1,22.1,1.16,8.31,26.6,88,era5_archive
2018-02-18,13.5,7.4,10.7,8.7,8.7,1.7,11.86,40.7,86,era5_archive
2018-02-19,15.2,7.3,10.8,0.1,0.1,2.34,15.8,20.1,80,era5_archive
2018-02-20,17.7,5.3,11.0,0.0,0.0,2.78,16.23,21.1,69,era5_archive
2018-02-21,17.6,8.1,11.8,0.0,0.0,2.84,17.87,11.8,69,era5_archive
2018-02-22,15.2,6.3,11.1,7.5,7.5,1.99,12.66,15.4,76,era5_archive
2018-02-23,14.7,5.9,10.2,3.9,3.9,1.57,10.02,16.3,82,era5_archive
2018-02-24,15.9,6.4,10.7,2.4,2.4,2.54,16.0,16.3,76,era5_archive
2018-02-25,18.6,5.8,11.3,0.0,0.0,2.61,14.21,25.9,75,era5_archive
2018-02-26,14.6,8.5,10.7,3.1,3.1,1.52,8.56,18.3,81,era5_archive
2018-02-27,14.4,6.3,10.3,5.1,5.1,1.8,11.66,22.7,81,era5_archive
2018-02-28,16.3,2.2,9.7,0.0,0.0,2.96,19.21,13.0,69,era5_archive
2018-03-01,18.2,4.1,10.8,0.0,0.0,3.25,19.18,13.2,63,era5_archive
2018-03-02,19.9,6.7,12.6,0.0,0.0,3.21,18.64,12.3,66,era5_archive
2018-03-03,22.1,8.4,14.2,0.0,0.0,3.67,19.5,14.5,61,era5_archive
2018-03-04,23.2,9.0,15.6,0.0,0.0,3.8,19.61,12.0,57,era5_archive
2018-03-05,25.4,11.9,17.5,0.0,0.0,4.69,19.9,17.9,48,era5_archive
2018-03-06,24.8,10.1,15.9,0.0,0.0,4.32,20.15,26.2,63,era5_archive
2018-03-07,21.8,8.9,14.3,0.0,0.0,3.76,20.25,18.0,65,era5_archive
2018-03-08,28.1,10.1,17.5,0.0,0.0,5.91,20.17,32.9,40,era5_archive
2018-03-09,16.3,10.3,12.7,0.0,0.0,2.97,17.88,32.6,72,era5_archive
2018-03-10,16.4,8.5,11.9,0.0,0.0,2.81,16.93,19.0,74,era5_archive
2018-03-11,19.0,6.2,11.9,0.0,0.0,3.27,19.83,17.6,76,era5_archive
2018-03-12,19.5,7.3,12.7,0.0,0.0,3.52,21.23,14.3,76,era5_archive
2018-03-13,20.4,7.0,13.4,0.0,0.0,3.74,21.26,18.6,69,era5_archive
2018-03-14,22.7,8.5,14.8,0.0,0.0,4.21,21.43,21.7,55,era5_archive
2018-03-15,20.3,7.3,12.8,1.3,1.3,3.2,17.29,22.6,63,era5_archive
2018-03-16,16.9,7.3,11.7,0.1,0.1,2.75,15.29,27.3,74,era5_archive
2018-03-17,19.4,5.5,11.9,0.0,0.0,3.74,22.13,14.4,67,era5_archive
2018-03-18,24.3,7.3,16.8,0.0,0.0,5.94,20.75,26.5,30,era5_archive
2018-03-19,28.2,15.0,20.7,0.0,0.0,6.96,22.63,23.6,19,era5_archive
2018-03-20,24.8,10.5,17.2,0.0,0.0,5.09,22.54,21.3,50,era5_archive
2018-03-21,24.7,8.9,16.4,0.0,0.0,4.89,23.05,16.6,38,era5_archive
2018-03-22,28.9,8.1,18.2,0.0,0.0,5.62,23.57,13.7,27,era5_archive
2018-03-23,31.2,18.3,23.7,0.0,0.0,7.84,20.68,31.6,18,era5_archive
2018-03-24,22.2,10.6,17.7,0.0,0.0,4.43,15.83,29.5,49,era5_archive
2018-03-25,20.5,7.6,13.4,0.0,0.0,4.04,22.48,15.2,59,era5_archive
2018-03-26,28.0,7.7,17.7,0.0,0.0,5.37,23.42,20.9,40,era5_archive
2018-03-27,28.8,14.6,21.8,0.0,0.0,6.57,23.85,18.2,29,era5_archive
2018-03-28,25.8,13.5,19.1,3.1,3.1,3.06,10.37,17.6,48,era5_archive
2018-03-29,21.5,10.1,16.1,2.9,2.9,4.0,17.97,35.3,57,era5_archive
2018-03-30,15.5,8.9,11.7,4.1,4.1,1.79,8.16,27.8,77,era5_archive
2018-03-31,20.2,9.9,14.1,0.0,0.0,3.89,22.78,9.0,69,era5_archive
2018-04-01,24.0,8.9,16.6,0.0,0.0,4.23,21.19,11.2,46,era5_archive
2018-04-02,27.5,9.9,17.9,0.0,0.0,5.58,24.29,21.9,40,era5_archive
2018-04-03,22.8,9.8,16.0,0.0,0.0,3.87,17.19,17.4,50,era5_archive
2018-04-04,26.6,9.0,17.7,0.0,0.0,5.27,24.57,14.3,46,era5_archive
2018-04-05,27.0,10.5,18.9,0.0,0.0,5.39,23.73,12.4,23,era5_archive
2018-04-06,27.6,11.7,19.5,0.0,0.0,5.87,25.2,16.6,19,era5_archive
2018-04-07,29.4,12.0,20.7,0.0,0.0,6.54,23.01,24.5,27,era5_archive
2018-04-08,24.3,12.5,17.3,2.8,2.8,4.55,21.85,23.3,60,era5_archive
2018-04-09,21.0,10.3,14.3,0.2,0.2,4.04,21.13,26.7,65,era5_archive
2018-04-10,17.3,9.4,12.8,1.5,1.5,3.08,17.58,22.9,71,era5_archive
2018-04-11,19.6,9.5,13.5,0.9,0.9,3.53,19.85,20.0,71,era5_archive
2018-04-12,22.9,8.3,15.3,0.0,0.0,4.54,23.97,23.2,67,era5_archive
2018-04-13,26.3,10.7,18.4,0.0,0.0,5.53,24.99,23.5,56,era5_archive
2018-04-14,27.9,13.9,19.8,0.0,0.0,5.61,24.61,26.0,51,era5_archive
2018-04-15,27.8,12.4,19.0,0.0,0.0,5.7,24.68,30.2,57,era5_archive
2018-04-16,27.3,12.4,19.4,0.0,0.0,5.7,26.11,19.7,43,era5_archive
2018-04-17,28.8,12.8,20.8,0.0,0.0,6.69,26.37,23.3,21,era5_archive
2018-04-18,32.2,13.3,23.0,0.0,0.0,7.34,26.4,18.9,19,era5_archive
2018-04-19,30.2,14.0,22.0,0.0,0.0,7.19,26.08,28.8,29,era5_archive
2018-04-20,25.6,12.5,18.2,0.0,0.0,6.14,25.51,36.6,51,era5_archive
2018-04-21,23.4,11.5,16.8,0.1,0.1,5.34,25.15,30.2,55,era5_archive
2018-04-22,20.5,11.0,14.9,0.9,0.9,4.75,24.2,27.6,60,era5_archive
2018-04-23,23.5,8.6,15.9,0.0,0.0,5.38,26.78,20.5,50,era5_archive
2018-04-24,27.9,9.8,19.9,0.0,0.0,6.93,26.98,22.1,35,era5_archive
2018-04-25,25.2,12.9,17.4,12.9,12.9,3.81,14.14,29.1,64,era5_archive
2018-04-26,18.8,10.8,14.3,8.4,8.4,2.41,14.62,16.5,85,era5_archive
2018-04-27,22.5,10.6,15.5,3.4,3.4,3.93,20.75,28.7,73,era5_archive
2018-04-28,21.7,12.4,16.6,0.1,0.1,3.58,18.12,20.6,72,era5_archive
2018-04-29,25.8,11.5,18.7,0.3,0.3,4.83,24.58,12.2,62,era5_archive
2018-04-30,26.3,13.2,19.8,0.0,0.0,5.53,24.04,19.8,55,era5_archive
2018-05-01,26.2,17.6,21.7,0.0,0.0,6.46,23.46,37.4,45,era5_archive
2018-05-02,30.0,16.1,22.1,0.8,0.8,5.9,24.02,22.2,48,era5_archive
2018-05-03,31.2,16.6,23.9,0.0,0.0,6.44,23.87,18.9,36,era5_archive
2018-05-04,33.6,17.7,25.7,1.1,1.1,6.68,23.99,17.1,31,era5_archive
2018-05-05,30.8,15.6,23.6,0.3,0.3,7.27,26.73,23.5,42,era5_archive
2018-05-06,30.7,14.7,22.5,0.6,0.6,5.76,18.53,24.6,43,era5_archive
2018-05-07,23.3,14.7,20.4,9.1,9.1,4.14,14.23,27.5,59,era5_archive
2018-05-08,21.0,13.6,16.4,0.2,0.2,3.69,16.17,26.4,64,era5_archive
2018-05-09,21.5,12.5,16.9,1.1,1.1,4.16,21.03,22.2,70,era5_archive
2018-05-10,28.6,11.3,19.4,0.7,0.7,4.85,22.38,24.3,55,era5_archive
2018-05-11,26.3,14.4,20.0,0.0,0.0,6.17,26.1,26.8,51,era5_archive
2018-05-12,21.3,14.1,17.2,0.1,0.1,3.97,19.34,26.1,69,era5_archive
2018-05-13,22.4,12.6,17.2,0.4,0.4,4.08,19.34,26.6,71,era5_archive
2018-05-14,24.3,13.0,17.8,0.4,0.4,4.19,20.12,23.3,71,era5_archive
2018-05-15,27.3,13.2,19.7,0.0,0.0,5.76,27.37,19.9,62,era5_archive
2018-05-16,30.5,13.8,22.7,0.0,0.0,6.22,28.34,14.4,46,era5_archive
2018-05-17,33.0,19.7,26.4,0.0,0.0,7.47,28.49,20.2,23,era5_archive
2018-05-18,35.2,20.5,28.6,0.0,0.0,9.0,27.28,22.4,20,era5_archive
2018-05-19,36.9,24.0,30.2,0.0,0.0,9.98,28.17,25.7,17,era5_archive
2018-05-20,36.2,20.9,28.5,0.1,0.1,8.08,23.91,24.4,21,era5_archive
2018-05-21,33.6,18.5,26.5,0.0,0.0,8.72,28.41,28.9,27,era5_archive
2018-05-22,35.6,18.6,27.4,0.0,0.0,6.53,21.72,18.4,23,era5_archive
2018-05-23,32.7,18.8,27.1,0.0,0.0,8.99,28.33,33.2,27,era5_archive
2018-05-24,31.4,17.2,23.2,0.0,0.0,6.76,26.82,26.3,58,era5_archive
2018-05-25,32.7,17.4,24.7,0.1,0.1,6.16,24.97,22.2,34,era5_archive
2018-05-26,33.3,18.6,25.7,0.1,0.1,6.9,25.21,20.6,33,era5_archive
2018-05-27,35.3,18.0,26.3,0.0,0.0,7.01,24.78,20.4,36,era5_archive
2018-05-28,32.0,20.6,25.2,0.2,0.2,5.34,17.82,20.8,43,era5_archive
2018-05-29,29.6,17.8,23.1,1.2,1.2,5.52,22.8,21.9,57,era5_archive
2018-05-30,27.6,16.4,21.0,0.1,0.1,5.58,25.51,25.3,62,era5_archive
2018-05-31,25.7,15.8,20.6,0.0,0.0,4.62,19.54,24.5,67,era5_archive
2018-06-01,25.9,14.8,20.3,0.1,0.1,5.4,25.58,21.8,66,era5_archive
2018-06-02,27.7,14.8,20.6,0.0,0.0,6.11,28.56,26.0,62,era5_archive
2018-06-03,28.3,15.4,21.3,0.0,0.0,6.18,28.47,26.0,64,era5_archive
2018-06-04,29.2,15.1,21.2,1.0,1.0,6.0,27.14,25.6,66,era5_archive
2018-06-05,31.1,15.9,22.9,0.0,0.0,6.56,29.07,23.1,62,era5_archive
2018-06-06,34.6,17.2,26.0,0.0,0.0,6.92,27.46,24.2,48,era5_archive
2018-06-07,39.4,21.5,29.9,0.0,0.0,9.16,29.55,29.5,33,era5_archive
2018-06-08,35.5,18.8,27.2,0.0,0.0,8.53,29.83,28.5,48,era5_archive
2018-06-09,34.4,18.1,25.5,0.0,0.0,8.17,29.88,28.9,47,era5_archive
2018-06-10,34.2,17.9,25.8,0.0,0.0,8.41,29.98,30.9,39,era5_archive
2018-06-11,30.6,16.6,23.2,0.0,0.0,6.92,29.45,28.8,58,era5_archive
2018-06-12,26.9,16.5,21.1,3.7,3.7,4.74,21.55,22.0,68,era5_archive
2018-06-13,28.1,16.8,21.5,1.4,1.4,5.1,24.45,25.0,72,era5_archive
2018-06-14,31.2,17.1,23.9,0.0,0.0,7.14,29.69,23.2,57,era5_archive
2018-06-15,31.7,16.4,24.0,0.0,0.0,7.57,30.61,25.5,43,era5_archive
2018-06-16,37.1,17.1,28.1,0.0,0.0,8.57,29.87,30.9,28,era5_archive
2018-06-17,32.1,19.6,26.1,0.0,0.0,8.16,29.56,27.3,41,era5_archive
2018-06-18,30.0,16.7,22.6,0.0,0.0,6.75,29.88,24.5,63,era5_archive
2018-06-19,30.7,16.6,23.3,0.0,0.0,7.0,29.63,22.0,58,era5_archive
2018-06-20,31.0,18.0,24.2,0.0,0.0,7.48,29.96,25.7,44,era5_archive
2018-06-21,30.7,17.5,23.3,0.0,0.0,7.06,29.67,25.7,61,era5_archive
2018-06-22,32.0,17.7,24.2,0.0,0.0,7.53,29.82,30.3,56,era5_archive
2018-06-23,31.1,18.9,24.3,0.0,0.0,7.92,30.1,30.9,46,era5_archive
2018-06-24,31.3,17.4,23.5,0.0,0.0,7.06,29.65,24.7,60,era5_archive
2018-06-25,32.3,16.6,23.9,0.0,0.0,7.13,30.16,21.7,61,era5_archive
2018-06-26,33.9,16.0,24.9,0.0,0.0,7.38,30.73,19.2,57,era5_archive
2018-06-27,37.7,17.9,27.4,0.0,0.0,8.17,30.79,23.9,41,era5_archive
2018-06-28,34.5,19.5,26.7,0.0,0.0,8.26,29.97,26.9,42,era5_archive
2018-06-29,29.5,18.1,22.9,0.0,0.0,6.7,29.59,27.0,64,era5_archive
2018-06-30,30.0,15.9,22.6,0.0,0.0,6.74,30.08,21.7,63,era5_archive
2018-07-01,32.9,15.9,24.0,0.0,0.0,6.9,30.11,19.1,59,era5_archive
2018-07-02,34.7,17.6,25.6,0.0,0.0,7.58,30.03,22.8,54,era5_archive
2018-07-03,34.5,17.5,25.3,0.0,0.0,7.39,30.07,21.7,55,era5_archive
2018-07-04,34.6,16.7,25.0,0.0,0.0,7.31,29.74,24.2,58,era5_archive
2018-07-05,34.4,18.4,26.1,0.0,0.0,7.84,29.51,28.1,55,era5_archive
2018-07-06,34.1,18.8,26.3,0.0,0.0,8.06,29.44,30.3,52,era5_archive
2018-07-07,34.1,18.5,26.3,0.0,0.0,7.75,29.51,23.5,53,era5_archive
2018-07-08,35.5,19.3,27.2,0.0,0.0,7.81,30.9,22.8,36,era5_archive
2018-07-09,35.5,19.5,27.1,0.0,0.0,7.98,30.05,25.0,40,era5_archive
2018-07-10,33.9,18.8,25.4,0.0,0.0,7.82,29.9,24.4,46,era5_archive
2018-07-11,33.2,19.3,24.7,0.0,0.0,7.23,29.57,24.1,63,era5_archive
2018-07-12,32.2,18.6,24.1,0.0,0.0,7.01,29.52,25.4,65,era5_archive
2018-07-13,32.2,18.8,24.4,0.1,0.1,6.81,27.9,31.3,65,era5_archive
2018-07-14,33.1,20.1,25.8,0.0,0.0,6.75,26.44,29.8,67,era5_archive
2018-07-15,33.6,19.6,25.9,0.0,0.0,7.4,28.72,28.2,61,era5_archive
2018-07-16,34.6,19.1,26.9,0.0,0.0,8.01,29.21,27.9,45,era5_archive
2018-07-17,34.0,19.1,26.0,0.0,0.0,7.28,28.75,26.3,57,era5_archive
2018-07-18,34.2,18.5,26.2,0.0,0.0,7.99,29.09,27.7,49,era5_archive
2018-07-19,34.7,19.7,26.2,0.0,0.0,7.47,29.25,26.7,54,era5_archive
2018-07-20,31.7,18.5,24.4,0.0,0.0,7.01,28.76,25.9,63,era5_archive
2018-07-21,31.1,19.6,24.4,0.0,0.0,6.91,28.56,28.0,64,era5_archive
2018-07-22,32.4,19.8,24.8,0.4,0.4,6.42,25.61,29.2,67,era5_archive
2018-07-23,32.9,20.7,26.3,0.0,0.0,6.99,26.17,30.3,61,era5_archive
2018-07-24,35.1,18.9,27.0,0.0,0.0,7.91,28.76,30.6,50,era5_archive
2018-07-25,38.7,20.5,29.6,0.0,0.0,8.53,28.88,23.6,36,era5_archive
2018-07-26,34.3,19.9,26.8,0.0,0.0,7.34,28.32,23.5,54,era5_archive
2018-07-27,32.8,18.6,24.7,0.0,0.0,7.15,29.16,26.8,63,era5_archive
2018-07-28,31.0,19.2,23.9,0.1,0.1,6.68,27.52,29.2,66,era5_archive
2018-07-29,31.2,19.9,24.3,0.3,0.3,6.14,24.58,27.9,66,era5_archive
2018-07-30,31.5,19.3,24.6,0.0,0.0,6.58,27.53,23.9,66,era5_archive
2018-07-31,31.8,19.2,24.4,0.0,0.0,6.75,28.17,26.5,65,era5_archive
2018-08-01,31.5,19.0,24.2,0.0,0.0,6.6,27.42,28.5,66,era5_archive
2018-08-02,31.0,19.5,24.4,0.7,0.7,5.23,19.9,30.6,71,era5_archive
2018-08-03,33.5,21.4,26.0,0.2,0.2,6.17,24.3,29.6,71,era5_archive
2018-08-04,33.9,20.4,26.1,0.0,0.0,6.74,26.98,25.8,65,era5_archive
2018-08-05,33.6,18.2,25.3,0.0,0.0,6.9,28.26,22.4,63,era5_archive
2018-08-06,33.0,19.2,25.1,0.0,0.0,6.86,28.12,23.5,66,era5_archive
2018-08-07,32.3,19.7,24.6,0.0,0.0,6.55,27.0,25.9,68,era5_archive
2018-08-08,32.8,19.9,25.1,0.0,0.0,6.42,26.27,27.1,69,era5_archive
2018-08-09,34.2,21.4,26.5,0.0,0.0,6.95,26.44,25.8,63,era5_archive
2018-08-10,34.2,19.1,26.3,0.0,0.0,7.04,27.24,23.8,59,era5_archive
2018-08-11,34.4,19.6,26.3,0.0,0.0,7.16,27.31,24.8,57,era5_archive
2018-08-12,33.6,20.1,26.0,0.0,0.0,7.15,27.14,27.2,56,era5_archive
2018-08-13,31.7,19.9,24.7,0.1,0.1,6.61,25.61,31.1,64,era5_archive
2018-08-14,31.2,19.8,24.1,0.0,0.0,5.88,23.43,28.7,67,era5_archive
2018-08-15,32.7,20.0,25.0,0.0,0.0,6.48,25.96,25.1,66,era5_archive
2018-08-16,33.9,18.8,25.1,0.0,0.0,6.63,26.44,24.4,65,era5_archive
2018-08-17,32.9,17.1,24.2,0.0,0.0,6.62,26.68,26.1,65,era5_archive
2018-08-18,32.0,19.0,24.1,0.0,0.0,6.22,25.56,26.9,69,era5_archive
2018-08-19,32.1,19.1,24.4,0.0,0.0,6.16,25.7,23.6,66,era5_archive
2018-08-20,32.4,17.5,24.5,0.0,0.0,6.3,26.6,19.9,64,era5_archive
2018-08-21,33.3,18.6,24.8,0.0,0.0,6.49,26.78,23.3,61,era5_archive
2018-08-22,32.5,17.9,24.3,0.0,0.0,6.15,25.91,22.5,68,era5_archive
2018-08-23,34.3,19.1,25.6,0.0,0.0,6.21,25.36,21.7,67,era5_archive
2018-08-24,36.6,19.0,26.9,0.0,0.0,6.71,26.21,19.7,59,era5_archive
2018-08-25,35.0,19.2,25.9,0.0,0.0,6.83,25.75,27.7,60,era5_archive
2018-08-26,31.0,19.8,24.0,0.0,0.0,6.1,24.82,29.8,69,era5_archive
2018-08-27,30.8,19.8,24.0,0.6,0.6,5.66,23.01,25.5,67,era5_archive
2018-08-28,31.8,20.2,25.1,0.3,0.3,5.92,24.96,19.3,65,era5_archive
2018-08-29,36.8,18.4,27.1,0.0,0.0,6.28,25.08,21.6,52,era5_archive
2018-08-30,35.2,19.3,26.7,0.0,0.0,6.47,24.94,20.9,59,era5_archive
2018-08-31,36.2,18.9,26.8,0.0,0.0,6.36,24.94,18.7,55,era5_archive
2018-09-01,37.4,19.4,27.6,0.0,0.0,6.64,24.91,18.6,51,era5_archive
2018-09-02,35.7,19.4,26.8,0.0,0.0,6.51,24.81,22.0,59,era5_archive
2018-09-03,35.4,18.1,26.1,0.0,0.0,6.62,24.87,24.2,57,era5_archive
2018-09-04,35.5,19.3,26.9,0.0,0.0,6.84,24.89,21.2,50,era5_archive
2018-09-05,33.9,19.3,26.3,0.0,0.0,6.74,24.65,25.6,51,era5_archive
2018-09-06,30.9,18.7,23.8,0.0,0.0,5.98,24.51,27.8,65,era5_archive
2018-09-07,29.3,17.9,22.9,0.5,0.5,5.17,20.54,27.0,65,era5_archive
2018-09-08,28.4,18.0,22.8,0.0,0.0,4.91,20.06,20.2,65,era5_archive
2018-09-09,29.6,16.8,22.6,0.0,0.0,5.29,22.67,23.6,66,era5_archive
2018-09-10,29.7,17.3,23.0,0.0,0.0,5.37,22.86,20.5,62,era5_archive
2018-09-11,32.6,17.1,24.4,0.0,0.0,5.55,24.36,13.4,50,era5_archive
2018-09-12,36.2,18.2,27.3,0.0,0.0,5.76,23.57,14.0,43,era5_archive
2018-09-13,34.5,20.9,26.7,0.0,0.0,6.24,22.36,24.3,50,era5_archive
2018-09-14,29.7,18.4,22.9,0.0,0.0,5.57,22.9,22.8,63,era5_archive
2018-09-15,29.3,15.7,22.1,0.0,0.0,5.18,23.43,18.2,65,era5_archive
2018-09-16,31.4,15.6,22.9,0.0,0.0,5.35,23.03,18.1,61,era5_archive
2018-09-17,32.6,16.7,23.7,0.0,0.0,5.37,23.0,20.4,66,era5_archive
2018-09-18,32.4,17.2,23.8,0.0,0.0,5.53,22.57,22.5,68,era5_archive
2018-09-19,30.4,17.2,23.2,0.0,0.0,5.22,21.7,23.2,69,era5_archive
2018-09-20,31.0,18.3,23.5,0.0,0.0,5.44,22.23,20.9,63,era5_archive
2018-09-21,30.6,15.4,22.7,0.0,0.0,5.27,22.53,19.2,58,era5_archive
2018-09-22,31.5,16.1,22.9,0.0,0.0,5.03,22.33,16.4,68,era5_archive
2018-09-23,32.6,15.7,23.6,0.0,0.0,5.26,22.16,15.4,62,era5_archive
2018-09-24,34.7,16.9,24.7,0.0,0.0,5.18,22.22,14.8,58,era5_archive
2018-09-25,32.4,16.8,24.1,0.0,0.0,5.32,21.82,21.1,59,era5_archive
2018-09-26,30.8,16.8,22.5,0.0,0.0,4.91,21.12,16.9,67,era5_archive
2018-09-27,30.2,16.1,22.6,0.0,0.0,4.86,21.66,12.0,62,era5_archive
2018-09-28,33.8,16.2,25.0,0.0,0.0,5.73,21.6,19.1,38,era5_archive
2018-09-29,35.3,18.0,26.9,0.0,0.0,5.41,20.89,16.5,33,era5_archive
2018-09-30,36.7,22.6,29.4,0.0,0.0,6.73,17.23,19.1,26,era5_archive
2018-10-01,29.8,22.2,25.7,0.0,0.0,3.22,7.94,15.2,43,era5_archive
2018-10-02,32.6,20.5,26.3,0.0,0.0,4.87,17.48,13.3,41,era5_archive
2018-10-03,33.7,19.6,26.2,0.2,0.2,4.84,19.13,12.0,46,era5_archive
2018-10-04,31.4,19.3,24.4,0.0,0.0,4.99,19.12,21.1,53,era5_archive
2018-10-05,28.8,16.2,21.6,0.0,0.0,4.51,19.71,19.4,68,era5_archive
2018-10-06,29.6,16.4,22.3,0.0,0.0,4.16,18.33,16.4,65,era5_archive
2018-10-07,29.9,16.5,22.4,0.0,0.0,4.35,18.44,21.7,64,era5_archive
2018-10-08,28.0,15.9,21.4,0.0,0.0,4.17,18.62,18.7,66,era5_archive
2018-10-09,27.8,16.4,21.2,0.0,0.0,4.13,18.05,18.2,68,era5_archive
2018-10-10,27.4,16.8,21.2,0.0,0.0,4.13,17.87,19.1,64,era5_archive
2018-10-11,27.7,15.4,20.9,0.0,0.0,4.06,17.65,19.9,70,era5_archive
2018-10-12,26.4,16.4,20.1,0.2,0.2,3.4,14.64,21.3,75,era5_archive
2018-10-13,27.5,12.9,19.9,0.0,0.0,4.08,18.96,14.2,61,era5_archive
2018-10-14,29.9,13.7,21.4,0.0,0.0,4.57,18.44,19.7,58,era5_archive
2018-10-15,27.9,14.5,20.7,0.0,0.0,4.14,17.81,18.2,70,era5_archive
2018-10-16,27.7,15.1,20.6,0.0,0.0,3.89,17.26,18.7,73,era5_archive
2018-10-17,27.5,15.1,20.3,0.2,0.2,3.54,16.29,17.4,75,era5_archive
2018-10-18,29.5,16.6,21.8,0.0,0.0,4.06,16.56,20.2,68,era5_archive
2018-10-19,28.9,15.8,21.1,0.0,0.0,3.79,16.58,19.8,72,era5_archive
2018-10-20,26.6,15.9,20.6,0.6,0.6,3.25,13.43,18.3,72,era5_archive
2018-10-21,25.7,15.4,19.7,0.1,0.1,3.32,15.51,19.0,71,era5_archive
2018-10-22,28.9,13.8,21.4,0.0,0.0,4.59,16.39,17.0,53,era5_archive
2018-10-23,31.4,20.0,24.6,0.0,0.0,5.49,13.46,23.8,28,era5_archive
2018-10-24,30.7,22.0,25.2,0.0,0.0,5.6,14.73,22.7,32,era5_archive
2018-10-25,24.8,16.7,20.6,6.3,6.3,3.38,11.8,29.4,62,era5_archive
2018-10-26,18.4,12.6,15.3,11.3,11.3,2.81,10.87,35.7,68,era5_archive
2018-10-27,18.7,8.4,13.9,0.0,0.0,2.95,16.77,12.2,61,era5_archive
2018-10-28,22.1,8.7,14.9,0.0,0.0,4.1,17.28,16.0,38,era5_archive
2018-10-29,23.1,11.5,16.3,0.0,0.0,4.54,17.0,21.3,39,era5_archive
2018-10-30,23.9,9.8,16.7,0.0,0.0,4.77,16.9,20.5,32,era5_archive
2018-10-31,24.7,14.2,18.7,0.0,0.0,5.39,16.5,22.6,32,era5_archive
2018-11-01,26.2,10.8,18.9,0.0,0.0,5.51,16.6,20.3,24,era5_archive
2018-11-02,25.6,10.7,17.8,0.0,0.0,4.89,16.47,18.7,24,era5_archive
2018-11-03,24.8,10.3,17.2,0.0,0.0,4.39,15.86,20.1,37,era5_archive
2018-11-04,21.9,9.4,14.8,0.4,0.4,2.9,14.44,24.1,60,era5_archive
2018-11-05,18.1,9.3,13.7,0.1,0.1,2.02,10.14,13.5,71,era5_archive
2018-11-06,19.6,12.3,15.2,1.1,1.1,2.22,11.9,18.1,79,era5_archive
2018-11-07,20.4,10.2,15.1,0.1,0.1,2.33,12.63,9.1,71,era5_archive
2018-11-08,20.7,9.9,15.5,0.2,0.2,2.41,12.75,8.6,63,era5_archive
2018-11-09,18.6,10.9,14.4,1.6,1.6,2.0,10.78,21.9,76,era5_archive
2018-11-10,18.7,11.1,14.5,5.3,5.3,1.99,10.29,21.7,76,era5_archive
2018-11-11,19.8,9.9,13.9,0.9,0.9,2.05,12.1,16.0,79,era5_archive
2018-11-12,19.4,10.1,13.8,0.6,0.6,2.07,12.18,13.7,75,era5_archive
2018-11-13,19.5,8.0,13.2,6.7,6.7,1.77,8.67,19.6,77,era5_archive
2018-11-14,17.6,10.0,13.5,6.5,6.5,1.54,9.22,11.6,85,era5_archive
2018-11-15,18.3,9.1,13.1,0.0,0.0,2.15,11.87,14.7,78,era5_archive
2018-11-16,17.6,9.0,13.1,5.4,5.4,1.48,8.22,19.0,84,era5_archive
2018-11-17,19.3,7.7,13.3,0.0,0.0,2.29,14.03,13.1,79,era5_archive
2018-11-18,20.3,10.2,14.9,0.0,0.0,2.92,13.47,23.7,65,era5_archive
2018-11-19,20.5,11.8,15.4,0.0,0.0,2.8,12.64,18.9,62,era5_archive
2018-11-20,21.3,10.3,15.0,0.0,0.0,2.52,13.58,16.8,73,era5_archive
2018-11-21,20.9,11.7,15.2,0.0,0.0,2.24,11.48,17.1,72,era5_archive
2018-11-22,20.6,11.6,15.1,0.0,0.0,2.12,10.72,21.0,73,era5_archive
2018-11-23,14.8,8.4,11.7,9.2,9.2,0.89,5.35,13.4,89,era5_archive
2018-11-24,16.4,7.7,11.2,0.1,0.1,1.81,11.52,10.8,78,era5_archive
2018-11-25,16.1,7.2,11.0,0.2,0.2,1.65,10.07,20.1,85,era5_archive
2018-11-26,16.9,9.1,12.3,0.7,0.7,1.41,8.72,10.1,85,era5_archive
2018-11-27,19.2,9.4,13.7,0.0,0.0,2.87,11.56,24.4,61,era5_archive
2018-11-28,20.4,11.7,15.1,0.0,0.0,2.93,12.56,23.5,63,era5_archive
2018-11-29,21.0,13.9,16.8,0.2,0.2,2.05,8.99,23.7,74,era5_archive
2018-11-30,20.4,10.3,14.8,0.4,0.4,2.19,11.98,14.8,77,era5_archive
2018-12-01,17.2,9.1,12.3,0.6,0.6,1.78,9.07,15.9,75,era5_archive
2018-12-02,17.9,7.3,12.0,0.0,0.0,2.34,11.37,19.6,66,era5_archive
2018-12-03,19.5,11.3,14.6,0.8,0.8,2.33,8.65,25.2,66,era5_archive
2018-12-04,17.5,7.5,12.9,3.5,3.5,1.76,9.9,17.6,81,era5_archive
2018-12-05,16.7,6.0,10.7,0.0,0.0,2.12,10.14,19.2,65,era5_archive
2018-12-06,13.9,8.1,10.4,2.0,2.0,1.49,6.14,23.3,72,era5_archive
2018-12-07,12.1,8.7,10.1,15.3,15.3,0.83,5.18,23.2,87,era5_archive
2018-12-08,13.1,8.3,10.5,8.6,8.6,0.82,4.22,16.1,87,era5_archive
2018-12-09,15.0,7.4,10.9,1.2,1.2,1.27,7.97,9.7,84,era5_archive
2018-12-10,15.8,6.6,9.9,0.2,0.2,1.57,10.25,13.8,80,era5_archive
2018-12-11,16.3,5.9,10.1,0.0,0.0,1.96,12.41,15.9,75,era5_archive
2018-12-12,16.4,7.7,11.7,2.2,2.2,2.06,11.04,24.0,73,era5_archive
2018-12-13,13.8,7.1,10.5,0.1,0.1,1.5,7.91,23.4,76,era5_archive
2018-12-14,14.2,2.8,8.4,0.0,0.0,1.75,12.45,8.8,74,era5_archive
2018-12-15,16.7,5.4,10.7,0.0,0.0,2.15,12.18,26.4,69,era5_archive
2018-12-16,16.6,9.9,12.4,2.3,2.3,1.73,7.0,25.5,73,era5_archive
2018-12-17,16.6,7.8,11.2,0.0,0.0,1.86,11.06,18.7,78,era5_archive
2018-12-18,16.0,9.0,11.4,3.0,3.0,1.43,8.24,15.7,77,era5_archive
2018-12-19,15.5,7.3,10.8,0.3,0.3,2.23,11.69,19.4,67,era5_archive
2018-12-20,13.3,7.3,9.7,4.7,4.7,1.32,8.33,22.0,83,era5_archive
2018-12-21,14.3,6.4,9.9,0.1,0.1,1.43,9.36,12.6,83,era5_archive
2018-12-22,14.8,4.0,8.9,0.0,0.0,1.65,11.56,10.9,81,era5_archive
2018-12-23,14.2,3.2,8.6,0.0,0.0,1.68,11.85,10.4,78,era5_archive
2018-12-24,14.7,4.2,9.2,0.3,0.3,1.12,7.22,22.9,86,era5_archive
2018-12-25,15.5,5.1,9.6,0.0,0.0,2.09,11.99,21.6,74,era5_archive
2018-12-26,15.8,5.1,9.6,0.0,0.0,1.73,9.82,17.4,73,era5_archive
2018-12-27,11.1,6.3,7.9,13.4,13.4,0.94,6.14,25.2,85,era5_archive
2018-12-28,10.9,6.0,7.7,4.6,4.6,1.13,7.62,28.0,83,era5_archive
2018-12-29,11.5,5.6,8.2,4.1,4.1,0.92,6.45,12.1,90,era5_archive
2018-12-30,12.9,4.6,8.5,1.1,1.1,1.43,10.15,15.2,85,era5_archive
2018-12-31,13.1,5.8,8.9,0.4,0.4,1.23,7.68,15.0,79,era5_archive
2019-01-01,14.0,4.3,9.2,0.0,0.0,2.29,12.39,27.0,63,era5_archive
2019-01-02,13.0,2.4,7.3,0.4,0.4,1.71,10.71,16.1,74,era5_archive
2019-01-03,12.4,4.8,7.9,0.2,0.2,1.47,8.21,18.3,71,era5_archive
2019-01-04,14.0,3.8,7.4,0.0,0.0,1.97,12.78,19.2,68,era5_archive
2019-01-05,13.3,5.9,9.0,0.0,0.0,2.24,12.24,17.6,59,era5_archive
2019-01-06,11.4,3.3,6.9,3.6,3.6,2.02,11.94,40.4,72,era5_archive
2019-01-07,10.0,3.2,6.1,2.3,2.3,1.85,11.0,26.9,69,era5_archive
2019-01-08,11.3,3.6,6.8,2.4,2.4,1.95,10.92,28.9,69,era5_archive
2019-01-09,8.4,4.4,5.8,4.1,4.1,1.19,9.43,30.8,83,era5_archive
2019-01-10,11.9,3.1,6.5,0.0,0.0,1.76,12.09,18.6,73,era5_archive
2019-01-11,12.5,3.3,6.8,0.0,0.0,2.13,13.17,23.2,61,era5_archive
2019-01-12,14.9,1.4,7.2,0.0,0.0,2.08,13.05,13.2,65,era5_archive
2019-01-13,13.8,4.5,8.5,0.0,0.0,2.58,13.45,23.4,59,era5_archive
2019-01-14,11.6,5.8,8.1,6.8,6.8,1.54,7.91,21.2,73,era5_archive
2019-01-15,13.8,3.8,7.8,0.6,0.6,2.03,13.44,24.5,71,era5_archive
2019-01-16,12.0,2.6,6.0,1.7,1.7,2.15,11.61,42.1,66,era5_archive
2019-01-17,10.8,3.7,6.8,3.7,3.7,1.68,9.24,40.2,74,era5_archive
2019-01-18,11.2,4.0,6.8,0.0,0.0,1.46,10.29,20.5,75,era5_archive
2019-01-19,11.5,-0.1,5.0,0.0,0.0,1.81,12.4,15.9,71,era5_archive
2019-01-20,12.5,1.6,6.7,0.0,0.0,2.07,12.24,25.7,62,era5_archive
2019-01-21,14.5,2.1,7.9,0.0,0.0,2.21,13.65,12.5,60,era5_archive
2019-01-22,15.6,4.5,8.9,0.0,0.0,2.33,13.99,16.6,61,era5_archive
2019-01-23,14.9,2.6,8.5,0.0,0.0,2.42,14.22,17.9,65,era5_archive
2019-01-24,17.8,7.5,11.5,0.0,0.0,3.27,13.26,24.1,48,era5_archive
2019-01-25,15.5,2.7,9.4,0.0,0.0,2.53,14.55,14.4,59,era5_archive
2019-01-26,19.3,7.7,12.2,0.0,0.0,3.25,14.37,19.5,50,era5_archive
2019-01-27,18.3,7.4,11.9,0.0,0.0,2.61,14.15,14.0,62,era5_archive
2019-01-28,11.0,4.2,7.8,1.2,1.2,1.48,9.43,28.3,80,era5_archive
2019-01-29,13.5,7.0,9.6,0.2,0.2,1.62,9.21,24.5,76,era5_archive
2019-01-30,16.2,7.4,10.7,0.0,0.0,2.92,14.61,30.4,59,era5_archive
2019-01-31,14.6,3.1,8.5,0.0,0.0,2.33,14.35,13.1,59,era5_archive
2019-02-01,14.5,2.5,8.0,0.0,0.0,2.32,14.54,19.0,62,era5_archive
2019-02-02,15.1,4.5,9.0,0.0,0.0,2.31,15.21,16.0,73,era5_archive
2019-02-03,17.1,1.9,9.2,0.0,0.0,2.98,15.55,21.4,60,era5_archive
2019-02-04,17.6,7.7,11.7,0.0,0.0,3.73,15.54,29.5,47,era5_archive
2019-02-05,19.3,7.6,13.4,0.4,0.4,4.48,15.54,29.9,43,era5_archive
2019-02-06,14.9,10.5,12.0,4.8,4.8,2.53,5.96,29.7,56,era5_archive
2019-02-07,15.7,8.4,12.2,13.2,13.2,2.05,10.0,29.5,76,era5_archive
2019-02-08,15.1,6.2,10.4,0.2,0.2,2.07,12.8,19.1,80,era5_archive
2019-02-09,13.2,5.6,8.7,6.1,6.1,1.8,12.7,23.2,80,era5_archive
2019-02-10,12.3,5.0,7.6,7.4,7.4,1.37,9.09,19.3,87,era5_archive
2019-02-11,12.8,4.9,8.0,1.0,1.0,1.76,11.97,22.4,79,era5_archive
2019-02-12,13.4,2.2,7.5,0.0,0.0,2.32,16.05,11.1,73,era5_archive
2019-02-13,17.3,6.2,11.0,0.0,0.0,3.5,16.19,30.4,51,era5_archive
2019-02-14,13.5,4.3,8.9,7.0,7.0,2.05,12.65,23.1,76,era5_archive
2019-02-15,11.6,3.2,7.1,0.3,0.3,2.17,13.02,19.9,63,era5_archive
2019-02-16,12.2,5.3,8.1,2.0,2.0,2.0,13.54,23.2,74,era5_archive
2019-02-17,12.6,1.6,6.9,0.1,0.1,1.98,13.69,16.3,77,era5_archive
2019-02-18,11.9,1.9,6.2,0.7,0.7,2.11,15.44,17.7,77,era5_archive
2019-02-19,12.3,3.8,7.9,0.0,0.0,1.53,10.29,19.3,85,era5_archive
2019-02-20,13.1,5.1,9.0,0.1,0.1,1.84,12.07,11.6,81,era5_archive
2019-02-21,13.3,4.4,8.1,1.3,1.3,1.76,11.69,15.5,81,era5_archive
2019-02-22,14.5,3.3,8.5,1.2,1.2,2.44,15.83,14.0,74,era5_archive
2019-02-23,14.6,4.3,8.9,0.2,0.2,2.5,16.48,14.2,77,era5_archive
2019-02-24,16.5,3.7,9.5,0.0,0.0,2.62,16.98,8.9,68,era5_archive
2019-02-25,21.0,4.8,13.3,0.0,0.0,4.53,18.77,25.0,43,era5_archive
2019-02-26,18.7,9.5,14.2,0.0,0.0,4.94,18.33,31.8,42,era5_archive
2019-02-27,13.3,8.2,10.2,2.7,2.7,2.29,13.48,33.4,74,era5_archive
2019-02-28,8.6,3.4,6.7,21.8,21.8,0.85,5.09,35.9,86,era5_archive
2019-03-01,10.6,2.3,6.6,0.5,0.5,1.88,12.03,29.6,74,era5_archive
2019-03-02,13.0,5.5,8.3,3.0,3.0,1.85,12.99,19.7,82,era5_archive
2019-03-03,14.3,3.9,8.2,0.1,0.1,2.51,16.25,23.2,71,era5_archive
2019-03-04,14.9,4.4,8.9,0.9,0.9,2.27,14.08,18.2,72,era5_archive
2019-03-05,14.9,3.1,8.4,2.8,2.8,1.94,12.52,11.7,80,era5_archive
2019-03-06,15.4,3.9,9.3,0.0,0.0,3.02,19.84,21.8,75,era5_archive
2019-03-07,13.4,4.3,8.7,0.7,0.7,1.79,12.12,31.4,84,era5_archive
2019-03-08,15.7,4.6,9.9,0.0,0.0,3.22,20.91,19.7,66,era5_archive
2019-03-09,17.4,1.1,8.7,0.0,0.0,3.53,21.33,12.2,54,era5_archive
2019-03-10,16.7,3.7,9.8,0.0,0.0,3.29,21.28,25.7,64,era5_archive
2019-03-11,16.1,7.2,10.6,0.0,0.0,3.04,20.24,11.8,78,era5_archive
2019-03-12,22.0,5.0,13.5,0.0,0.0,3.95,19.27,19.8,55,era5_archive
2019-03-13,21.9,9.5,15.5,0.0,0.0,5.17,18.14,33.3,34,era5_archive
2019-03-14,13.5,6.0,9.2,3.8,3.8,1.99,14.09,24.7,79,era5_archive
2019-03-15,15.2,6.7,10.8,1.1,1.1,2.01,11.17,19.3,77,era5_archive
2019-03-16,12.4,5.3,8.3,5.2,5.2,1.8,11.69,27.1,79,era5_archive
2019-03-17,15.0,7.1,10.1,0.6,0.6,2.46,16.04,38.6,79,era5_archive
2019-03-18,17.0,5.4,11.0,0.0,0.0,3.04,19.95,17.1,76,era5_archive
2019-03-19,21.4,5.6,12.8,0.0,0.0,4.04,22.58,11.8,58,era5_archive
2019-03-20,21.8,5.5,13.6,0.0,0.0,4.07,22.19,12.8,58,era5_archive
2019-03-21,21.6,7.3,14.6,0.0,0.0,3.87,20.15,17.7,55,era5_archive
2019-03-22,21.4,8.0,14.1,0.0,0.0,3.88,21.19,26.4,66,era5_archive
2019-03-23,21.5,8.2,14.5,0.0,0.0,3.77,19.77,20.3,66,era5_archive
2019-03-24,17.8,9.0,12.6,1.5,1.5,2.95,14.34,27.3,69,era5_archive
2019-03-25,12.5,6.6,9.3,1.3,1.3,2.26,14.67,25.4,73,era5_archive
2019-03-26,14.1,5.5,9.8,0.1,0.1,2.42,13.29,20.9,66,era5_archive
2019-03-27,15.3,5.4,9.8,0.7,0.7,2.75,18.06,28.0,75,era5_archive
2019-03-28,17.9,7.8,12.2,0.0,0.0,3.4,20.25,16.3,70,era5_archive
2019-03-29,16.6,9.8,12.5,8.0,8.0,2.05,8.03,24.5,69,era5_archive
2019-03-30,16.6,9.5,12.6,2.5,2.5,3.28,18.21,25.2,66,era5_archive
2019-03-31,12.6,6.6,9.5,11.0,11.0,1.6,10.1,23.8,83,era5_archive
2019-04-01,13.9,6.8,9.6,5.2,5.2,2.22,15.22,24.5,79,era5_archive
2019-04-02,15.1,6.4,10.4,0.8,0.8,2.59,15.75,16.0,73,era5_archive
2019-04-03,18.0,6.1,11.5,0.0,0.0,3.44,19.59,15.4,64,era5_archive
2019-04-04,20.2,6.7,13.5,0.2,0.2,3.99,21.43,15.9,61,era5_archive
2019-04-05,18.0,9.8,13.2,2.9,2.9,3.57,21.64,19.2,72,era5_archive
2019-04-06,20.1,6.5,14.2,0.8,0.8,3.35,18.12,16.3,66,era5_archive
2019-04-07,23.4,11.3,17.5,0.1,0.1,4.52,21.32,19.4,58,era5_archive
2019-04-08,24.3,11.8,17.3,0.0,0.0,5.01,24.18,19.0,54,era5_archive
2019-04-09,24.2,8.0,16.4,0.0,0.0,5.03,24.95,17.6,55,era5_archive
2019-04-10,18.8,9.4,13.5,0.0,0.0,4.19,24.62,21.5,70,era5_archive
2019-04-11,19.1,6.0,12.5,0.0,0.0,4.28,25.53,16.0,69,era5_archive
2019-04-12,24.2,7.3,15.3,0.0,0.0,4.7,25.0,11.0,58,era5_archive
2019-04-13,27.1,11.0,19.6,0.0,0.0,6.84,25.45,29.2,33,era5_archive
2019-04-14,25.3,10.9,19.7,0.0,0.0,7.17,23.92,31.2,39,era5_archive
2019-04-15,20.4,10.4,14.4,1.5,1.5,3.22,16.95,25.3,72,era5_archive
2019-04-16,17.8,9.1,13.8,18.2,18.2,2.71,15.48,31.8,78,era5_archive
2019-04-17,16.6,8.2,12.2,2.4,2.4,2.96,16.28,25.3,73,era5_archive
2019-04-18,15.8,7.9,11.4,1.0,1.0,2.66,15.79,21.3,77,era5_archive
2019-04-19,16.4,6.6,11.0,0.4,0.4,3.71,22.55,31.7,69,era5_archive
2019-04-20,15.9,6.5,10.9,0.5,0.5,2.82,15.91,24.9,72,era5_archive
2019-04-21,10.8,5.7,8.3,15.8,15.8,2.21,17.0,37.4,76,era5_archive
2019-04-22,13.3,5.5,9.5,1.5,1.5,2.79,18.23,30.7,70,era5_archive
2019-04-23,17.7,6.4,11.5,0.0,0.0,4.0,24.87,13.4,71,era5_archive
2019-04-24,22.2,6.0,14.6,0.0,0.0,4.74,26.5,9.5,56,era5_archive
2019-04-25,24.4,8.6,16.8,0.0,0.0,5.04,26.22,10.9,46,era5_archive
2019-04-26,24.9,11.3,18.1,0.0,0.0,5.49,26.79,10.7,38,era5_archive
2019-04-27,25.1,14.3,19.5,0.1,0.1,4.91,19.77,15.0,30,era5_archive
2019-04-28,27.4,11.1,19.1,0.0,0.0,5.89,27.11,19.2,40,era5_archive
2019-04-29,30.2,11.0,20.6,0.0,0.0,6.38,26.88,15.0,36,era5_archive
2019-04-30,30.4,14.2,21.5,0.0,0.0,6.74,26.03,28.0,34,era5_archive
2019-05-01,31.3,12.1,22.9,0.0,0.0,6.46,26.86,14.3,32,era5_archive
2019-05-02,30.8,19.5,25.1,0.0,0.0,6.51,17.93,29.3,26,era5_archive
2019-05-03,24.8,11.7,19.1,0.0,0.0,5.06,21.17,28.3,48,era5_archive
2019-05-04,23.9,10.8,16.3,0.0,0.0,5.21,27.49,18.7,67,era5_archive
2019-05-05,30.8,10.4,20.9,0.0,0.0,6.89,28.05,17.3,36,era5_archive
2019-05-06,34.8,19.1,25.7,0.0,0.0,8.6,21.65,33.8,20,era5_archive
2019-05-07,22.1,11.9,17.1,0.1,0.1,5.18,26.22,28.7,63,era5_archive
2019-05-08,21.7,11.0,15.2,0.0,0.0,4.82,25.71,23.6,64,era5_archive
2019-05-09,20.9,7.9,14.0,0.0,0.0,4.92,26.51,28.1,63,era5_archive
2019-05-10,21.7,8.5,14.5,0.0,0.0,5.05,27.62,22.6,64,era5_archive
2019-05-11,27.7,8.6,18.5,0.0,0.0,6.07,28.11,17.9,44,era5_archive
2019-05-12,31.7,12.7,23.1,0.0,0.0,6.99,28.14,22.8,25,era5_archive
2019-05-13,33.4,16.8,24.8,0.0,0.0,7.33,28.3,18.6,25,era5_archive
2019-05-14,35.5,17.0,27.0,0.0,0.0,6.84,28.54,15.2,21,era5_archive
2019-05-15,37.6,17.7,28.0,0.0,0.0,7.51,24.62,15.7,23,era5_archive
2019-05-16,35.4,18.6,27.0,0.0,0.0,8.06,28.27,25.0,31,era5_archive
2019-05-17,36.4,17.3,26.4,0.0,0.0,7.92,28.38,29.5,31,era5_archive
2019-05-18,27.9,14.5,20.7,0.0,0.0,6.88,28.99,26.9,50,era5_archive
2019-05-19,28.1,14.6,20.6,0.0,0.0,6.64,29.25,23.1,36,era5_archive
2019-05-20,31.6,13.3,22.4,0.0,0.0,6.97,28.95,23.0,43,era5_archive
2019-05-21,34.2,16.2,26.1,0.0,0.0,8.06,28.44,26.6,30,era5_archive
2019-05-22,36.0,19.4,27.9,0.0,0.0,8.66,28.73,26.3,21,era5_archive
2019-05-23,38.4,18.3,29.8,0.0,0.0,8.62,28.85,20.3,15,era5_archive
2019-05-24,39.6,23.9,31.5,0.0,0.0,10.76,26.79,27.3,14,era5_archive
2019-05-25,31.8,18.3,24.7,0.0,0.0,7.16,27.99,24.0,43,era5_archive
2019-05-26,31.1,14.5,22.6,0.0,0.0,7.3,30.01,22.4,36,era5_archive
2019-05-27,34.1,14.2,24.1,0.0,0.0,7.06,29.84,19.7,35,era5_archive
2019-05-28,36.6,15.3,26.0,0.0,0.0,8.22,29.37,28.2,41,era5_archive
2019-05-29,39.1,17.6,28.3,0.0,0.0,8.72,29.34,27.9,30,era5_archive
2019-05-30,39.4,21.7,30.7,0.0,0.0,8.92,29.53,24.2,17,era5_archive
2019-05-31,39.8,22.0,31.0,0.0,0.0,8.65,28.32,25.6,23,era5_archive
2019-06-01,35.7,20.9,27.9,0.0,0.0,8.85,29.23,28.4,30,era5_archive
2019-06-02,34.7,16.9,25.6,0.0,0.0,7.86,29.3,24.6,44,era5_archive
2019-06-03,36.0,17.9,27.2,0.0,0.0,8.34,29.6,26.3,36,era5_archive
2019-06-04,37.3,21.7,28.5,0.0,0.0,8.29,28.47,23.7,30,era5_archive
2019-06-05,36.9,20.0,29.2,0.0,0.0,8.28,27.0,23.0,29,era5_archive
2019-06-06,35.4,23.5,29.5,0.0,0.0,8.17,25.74,24.0,28,era5_archive
2019-06-07,34.1,22.8,28.4,0.0,0.0,7.37,27.0,18.3,36,era5_archive
2019-06-08,33.9,19.6,25.5,0.0,0.0,7.37,27.98,30.1,53,era5_archive
2019-06-09,30.9,18.5,23.5,0.0,0.0,6.35,26.97,24.1,64,era5_archive
2019-06-10,32.2,17.0,24.6,0.0,0.0,7.46,30.17,22.6,38,era5_archive
2019-06-11,33.0,18.6,26.3,0.0,0.0,7.73,29.55,25.0,31,era5_archive
2019-06-12,32.0,19.3,25.3,0.0,0.0,7.17,28.4,26.9,43,era5_archive
2019-06-13,29.2,17.3,22.1,0.0,0.0,6.13,27.2,23.9,66,era5_archive
2019-06-14,29.8,17.2,22.5,0.0,0.0,6.4,28.62,23.9,61,era5_archive
2019-06-15,30.6,16.6,23.4,0.0,0.0,6.68,29.58,24.0,56,era5_archive
2019-06-16,32.1,16.6,24.2,0.0,0.0,6.83,28.87,21.5,56,era5_archive
2019-06-17,31.2,19.6,24.3,0.0,0.0,6.46,26.62,26.1,55,era5_archive
2019-06-18,29.5,17.9,23.1,0.0,0.0,6.64,28.8,28.0,66,era5_archive
2019-06-19,30.3,16.7,23.4,0.0,0.0,7.07,29.81,27.4,58,era5_archive
2019-06-20,30.5,16.9,23.3,0.0,0.0,6.88,29.13,25.8,59,era5_archive
2019-06-21,31.2,16.4,23.4,0.0,0.0,7.12,30.35,25.4,62,era5_archive
2019-06-22,31.1,18.3,23.8,0.0,0.0,6.93,30.18,22.7,62,era5_archive
2019-06-23,34.1,16.3,24.7,0.0,0.0,7.16,30.52,20.8,57,era5_archive
2019-06-24,37.0,18.2,27.3,0.0,0.0,7.89,30.6,21.7,48,era5_archive
2019-06-25,39.4,19.9,29.2,0.0,0.0,8.58,30.12,25.1,42,era5_archive
2019-06-26,36.6,20.5,28.2,0.0,0.0,8.63,30.03,26.5,38,era5_archive
2019-06-27,34.2,19.0,26.1,0.0,0.0,8.5,30.81,29.0,42,era5_archive
2019-06-28,32.7,18.0,24.2,0.0,0.0,7.4,30.39,28.4,60,era5_archive
2019-06-29,32.4,18.9,24.8,0.0,0.0,6.84,28.86,28.2,67,era5_archive
2019-06-30,33.7,19.8,25.5,0.0,0.0,6.78,28.21,26.2,65,era5_archive
2019-07-01,33.4,19.7,26.0,0.0,0.0,7.71,30.04,25.1,48,era5_archive
2019-07-02,31.8,17.8,24.6,0.0,0.0,8.13,30.62,27.7,39,era5_archive
2019-07-03,31.9,18.1,24.5,0.0,0.0,7.36,29.73,25.0,58,era5_archive
2019-07-04,33.6,16.8,24.9,0.0,0.0,7.38,30.61,23.5,56,era5_archive
2019-07-05,33.4,16.9,24.7,0.0,0.0,7.35,30.04,24.4,57,era5_archive
2019-07-06,34.1,18.2,25.4,0.0,0.0,7.51,29.78,28.4,62,era5_archive
2019-07-07,33.9,18.3,25.7,0.0,0.0,7.6,29.47,28.8,58,era5_archive
2019-07-08,32.6,18.5,25.0,0.0,0.0,7.24,28.97,29.7,64,era5_archive
2019-07-09,33.6,18.2,25.5,0.0,0.0,7.72,29.4,31.9,56,era5_archive
2019-07-10,35.0,18.3,25.9,0.0,0.0,7.55,29.5,27.8,55,era5_archive
2019-07-11,35.0,19.1,27.0,0.0,0.0,8.11,29.56,28.6,49,era5_archive
2019-07-12,35.7,20.4,27.4,0.0,0.0,8.07,29.29,31.3,49,era5_archive
2019-07-13,31.5,19.3,24.4,0.0,0.0,7.07,29.04,28.2,63,era5_archive
2019-07-14,32.4,17.5,24.4,0.0,0.0,7.19,29.61,21.7,60,era5_archive
2019-07-15,30.8,17.2,23.6,0.0,0.0,6.89,29.39,25.5,64,era5_archive
2019-07-16,32.4,19.3,25.0,0.2,0.2,7.13,28.22,24.6,60,era5_archive
2019-07-17,38.5,20.5,29.3,0.0,0.0,8.8,27.27,33.0,37,era5_archive
2019-07-18,32.7,21.2,26.2,0.0,0.0,7.29,27.9,29.6,54,era5_archive
2019-07-19,31.5,19.2,24.4,0.0,0.0,6.74,28.74,26.8,65,era5_archive
2019-07-20,32.3,18.6,24.2,0.0,0.0,6.83,28.81,27.1,67,era5_archive
2019-07-21,32.3,19.8,24.8,0.0,0.0,6.72,28.41,28.1,67,era5_archive
2019-07-22,34.4,20.2,26.1,0.0,0.0,7.25,28.75,23.6,63,era5_archive
2019-07-23,34.1,18.6,26.0,0.0,0.0,7.67,29.12,25.5,51,era5_archive
2019-07-24,33.8,17.5,25.8,0.0,0.0,7.59,29.16,22.2,46,era5_archive
2019-07-25,34.7,18.0,26.2,0.0,0.0,7.47,29.28,22.1,43,era5_archive
2019-07-26,33.9,18.0,25.2,0.0,0.0,7.31,29.77,23.1,51,era5_archive
2019-07-27,33.3,19.4,25.3,0.0,0.0,6.95,28.14,27.2,66,era5_archive
2019-07-28,32.8,20.4,25.3,0.0,0.0,7.0,28.14,26.5,64,era5_archive
2019-07-29,33.8,17.5,25.3,0.0,0.0,7.17,29.0,23.3,60,era5_archive
2019-07-30,37.1,20.3,28.0,0.0,0.0,7.44,29.29,24.0,38,era5_archive
2019-07-31,37.9,20.4,29.2,0.0,0.0,8.09,28.79,21.6,33,era5_archive
2019-08-01,35.0,19.7,26.9,0.0,0.0,7.7,28.32,28.6,51,era5_archive
2019-08-02,32.4,19.0,24.7,0.0,0.0,6.73,27.29,29.7,67,era5_archive
2019-08-03,32.2,20.0,24.9,0.0,0.0,6.49,26.95,29.3,67,era5_archive
2019-08-04,34.2,19.0,25.8,0.0,0.0,6.96,27.2,29.6,64,era5_archive
2019-08-05,34.3,20.0,26.1,0.0,0.0,6.81,26.45,26.8,67,era5_archive
2019-08-06,32.5,19.8,25.1,0.0,0.0,6.81,28.07,24.4,63,era5_archive
2019-08-07,32.2,17.9,24.1,0.0,0.0,6.53,28.14,24.9,67,era5_archive
2019-08-08,32.6,19.4,24.8,0.0,0.0,6.7,27.79,26.7,67,era5_archive
2019-08-09,32.3,19.8,25.0,0.0,0.0,6.84,26.94,28.9,65,era5_archive
2019-08-10,31.8,19.5,24.6,0.0,0.0,6.56,26.96,27.7,67,era5_archive
2019-08-11,33.1,20.1,25.3,0.0,0.0,6.45,26.15,29.6,67,era5_archive
2019-08-12,34.3,19.7,26.0,0.0,0.0,7.3,26.99,31.2,59,era5_archive
2019-08-13,35.0,21.5,27.4,0.0,0.0,8.1,27.01,29.1,40,era5_archive
2019-08-14,33.7,20.1,26.6,0.0,0.0,7.66,26.19,26.2,41,era5_archive
2019-08-15,32.6,18.4,25.2,0.0,0.0,7.12,26.85,32.0,55,era5_archive
2019-08-16,36.5,20.4,27.7,0.0,0.0,8.52,27.05,29.6,33,era5_archive
2019-08-17,32.5,19.3,25.0,0.0,0.0,6.78,26.18,29.8,58,era5_archive
2019-08-18,31.7,20.2,25.2,0.1,0.1,6.38,25.84,24.1,65,era5_archive
2019-08-19,34.3,18.6,24.7,0.0,0.0,6.28,26.92,23.8,61,era5_archive
2019-08-20,31.5,17.6,24.2,0.0,0.0,6.58,26.86,24.8,53,era5_archive
2019-08-21,32.3,19.2,25.0,0.0,0.0,6.37,25.94,20.4,64,era5_archive
2019-08-22,34.4,18.0,25.6,0.0,0.0,6.62,26.65,18.4,52,era5_archive
2019-08-23,36.8,19.5,27.6,0.0,0.0,7.16,26.24,20.6,45,era5_archive
2019-08-24,35.7,20.2,27.1,0.0,0.0,7.02,25.72,27.2,55,era5_archive
2019-08-25,35.2,19.8,26.6,0.0,0.0,6.75,25.49,24.3,60,era5_archive
2019-08-26,35.8,19.9,27.0,0.0,0.0,6.82,25.91,20.5,47,era5_archive
2019-08-27,36.3,20.4,27.4,0.0,0.0,6.81,25.65,19.1,48,era5_archive
2019-08-28,34.1,19.9,26.2,0.0,0.0,6.33,24.88,23.7,65,era5_archive
2019-08-29,34.9,19.8,26.3,0.0,0.0,6.46,24.89,23.8,66,era5_archive
2019-08-30,34.1,20.1,25.7,0.0,0.0,6.43,25.05,26.5,66,era5_archive
2019-08-31,34.7,19.7,26.0,0.0,0.0,6.14,25.1,20.5,64,era5_archive
2019-09-01,35.1,19.7,26.7,0.0,0.0,6.31,25.15,18.4,53,era5_archive
2019-09-02,34.4,19.1,26.0,0.0,0.0,6.52,25.31,22.1,53,era5_archive
2019-09-03,32.7,16.9,24.0,0.0,0.0,6.08,25.58,21.3,64,era5_archive
2019-09-04,31.5,17.1,23.5,0.0,0.0,5.88,24.97,23.3,67,era5_archive
2019-09-05,31.1,19.0,23.9,0.0,0.0,5.62,23.88,25.3,68,era5_archive
2019-09-06,31.4,18.4,23.8,0.0,0.0,5.77,23.99,24.9,68,era5_archive
2019-09-07,30.1,18.8,23.2,0.0,0.0,5.45,22.9,28.1,71,era5_archive
2019-09-08,30.3,19.1,23.9,0.0,0.0,5.33,22.56,24.8,71,era5_archive
2019-09-09,31.2,19.8,24.3,0.1,0.1,5.45,23.28,23.1,70,era5_archive
2019-09-10,32.2,18.0,23.9,0.0,0.0,5.54,23.45,21.1,67,era5_archive
2019-09-11,31.7,17.2,23.5,0.0,0.0,5.58,23.85,21.4,68,era5_archive
2019-09-12,30.7,17.4,23.1,0.0,0.0,5.28,22.72,24.3,71,era5_archive
2019-09-13,31.3,17.9,23.8,0.1,0.1,5.27,22.82,19.9,68,era5_archive
2019-09-14,31.5,16.8,23.4,0.0,0.0,5.4,23.09,26.6,69,era5_archive
2019-09-15,29.6,18.4,22.5,0.0,0.0,4.75,20.81,27.5,70,era5_archive
2019-09-16,29.7,16.7,22.8,0.0,0.0,5.01,22.31,19.4,66,era5_archive
2019-09-17,32.2,16.9,24.0,0.0,0.0,5.89,23.41,18.4,53,era5_archive
2019-09-18,36.5,16.9,26.5,0.0,0.0,5.75,22.73,12.1,38,era5_archive
2019-09-19,37.7,21.1,28.1,0.0,0.0,5.93,22.49,19.5,45,era5_archive
2019-09-20,33.7,20.5,26.2,0.0,0.0,6.02,22.27,22.4,53,era5_archive
2019-09-21,30.1,17.4,22.7,0.0,0.0,5.49,22.6,22.9,62,era5_archive
2019-09-22,30.7,16.0,22.9,0.0,0.0,5.13,22.36,16.3,62,era5_archive
2019-09-23,30.9,15.9,22.6,0.0,0.0,5.75,22.73,20.7,48,era5_archive
2019-09-24,31.4,14.2,22.4,0.0,0.0,5.15,22.95,15.5,49,era5_archive
2019-09-25,31.5,14.8,22.6,0.0,0.0,5.57,22.53,19.9,54,era5_archive
2019-09-26,31.9,16.5,23.6,0.0,0.0,5.35,21.69,18.8,48,era5_archive
2019-09-27,34.8,16.7,25.2,0.0,0.0,5.25,21.75,17.2,41,era5_archive
2019-09-28,31.0,16.8,22.9,0.0,0.0,5.11,21.48,18.9,62,era5_archive
2019-09-29,30.3,16.0,21.9,0.0,0.0,4.87,21.43,18.4,68,era5_archive
2019-09-30,32.7,15.8,23.2,0.0,0.0,4.79,21.27,16.4,64,era5_archive
2019-10-01,32.0,16.2,22.9,0.0,0.0,5.03,20.68,21.1,69,era5_archive
2019-10-02,29.8,15.8,21.8,0.0,0.0,4.67,20.69,19.6,69,era5_archive
2019-10-03,28.7,15.1,21.0,0.0,0.0,4.78,20.89,21.2,63,era5_archive
2019-10-04,29.7,14.1,21.8,0.0,0.0,4.52,21.13,10.7,49,era5_archive
2019-10-05,31.4,15.6,23.1,0.0,0.0,4.83,18.55,16.6,41,era5_archive
2019-10-06,29.9,15.0,22.0,0.0,0.0,4.79,19.86,24.5,60,era5_archive
2019-10-07,29.1,15.7,21.8,0.0,0.0,4.1,19.74,14.1,64,era5_archive
2019-10-08,33.5,18.3,24.4,0.0,0.0,5.2,19.18,18.8,42,era5_archive
2019-10-09,32.3,16.9,24.0,0.0,0.0,4.73,18.99,17.4,44,era5_archive
2019-10-10,33.1,16.3,24.0,0.0,0.0,4.69,18.77,16.8,52,era5_archive
2019-10-11,31.9,17.3,23.8,0.0,0.0,4.56,17.69,20.0,53,era5_archive
2019-10-12,29.8,16.0,22.0,0.0,0.0,4.38,18.97,18.9,65,era5_archive
2019-10-13,33.7,15.5,24.9,0.0,0.0,4.92,18.4,15.1,48,era5_archive
2019-10-14,34.2,19.9,27.2,0.0,0.0,5.7,17.04,20.8,26,era5_archive
2019-10-15,33.1,21.8,26.4,0.0,0.0,5.39,13.08,24.5,36,era5_archive
2019-10-16,31.5,21.4,25.8,0.0,0.0,5.53,14.89,21.2,35,era5_archive
2019-10-17,30.1,18.8,23.1,0.0,0.0,3.35,14.8,15.9,71,era5_archive
2019-10-18,28.1,17.3,21.6,0.0,0.0,3.88,16.35,22.8,69,era5_archive
2019-10-19,27.1,14.6,19.9,0.0,0.0,3.91,17.57,23.3,73,era5_archive
2019-10-20,25.6,17.0,20.2,0.3,0.3,3.32,14.92,18.5,75,era5_archive
2019-10-21,26.2,15.0,19.9,0.0,0.0,3.56,16.23,17.8,69,era5_archive
2019-10-22,26.8,13.3,20.4,0.0,0.0,3.76,16.97,11.2,50,era5_archive
2019-10-23,27.6,15.0,20.4,0.5,0.5,4.05,15.42,27.6,56,era5_archive
2019-10-24,24.3,14.1,18.1,0.2,0.2,2.91,14.28,16.2,71,era5_archive
2019-10-25,25.1,12.5,18.4,0.0,0.0,3.35,15.85,11.9,65,era5_archive
2019-10-26,24.3,12.9,18.4,0.0,0.0,2.76,11.48,19.4,69,era5_archive
2019-10-27,25.1,13.2,18.6,0.0,0.0,2.96,14.27,14.0,67,era5_archive
2019-10-28,24.0,14.7,18.0,0.2,0.2,2.77,12.09,18.4,72,era5_archive
2019-10-29,21.8,12.7,16.7,0.1,0.1,2.66,12.5,18.5,76,era5_archive
2019-10-30,23.7,10.8,16.9,0.0,0.0,3.18,16.28,13.0,67,era5_archive
2019-10-31,24.2,11.9,17.8,0.0,0.0,3.5,16.29,14.5,54,era5_archive
2019-11-01,24.6,11.0,16.9,0.1,0.1,3.31,15.72,23.7,59,era5_archive
2019-11-02,22.8,12.5,17.0,0.0,0.0,2.81,14.08,18.5,75,era5_archive
2019-11-03,23.9,12.3,17.4,0.0,0.0,2.96,14.94,8.7,63,era5_archive
2019-11-04,25.8,10.7,17.7,0.0,0.0,3.44,15.5,14.0,59,era5_archive
2019-11-05,26.7,13.8,20.0,0.0,0.0,4.74,15.5,30.4,41,era5_archive
2019-11-06,27.4,16.3,21.5,0.0,0.0,4.81,13.78,21.7,37,era5_archive
2019-11-07,27.1,12.7,20.3,0.0,0.0,4.4,15.1,19.6,41,era5_archive
2019-11-08,27.6,15.4,21.5,0.0,0.0,4.52,14.77,23.0,38,era5_archive
2019-11-09,27.9,16.0,21.7,0.0,0.0,4.62,14.32,20.6,34,era5_archive
2019-11-10,27.5,14.9,21.3,0.0,0.0,5.25,11.47,20.4,21,era5_archive
2019-11-11,27.1,13.5,20.3,0.0,0.0,4.39,14.93,12.5,16,era5_archive
2019-11-12,25.6,10.3,18.2,0.0,0.0,3.91,14.93,19.8,33,era5_archive
2019-11-13,25.3,14.1,19.8,0.0,0.0,3.55,13.88,25.3,61,era5_archive
2019-11-14,24.9,17.2,20.2,0.2,0.2,3.12,10.41,19.4,58,era5_archive
2019-11-15,23.6,14.7,18.2,5.2,5.2,2.63,12.04,14.4,67,era5_archive
2019-11-16,19.2,10.8,14.9,8.6,8.6,1.7,10.27,11.6,84,era5_archive
2019-11-17,21.5,8.0,14.3,0.0,0.0,3.33,14.76,18.9,51,era5_archive
2019-11-18,18.6,5.0,11.2,0.0,0.0,3.6,14.9,19.2,30,era5_archive
2019-11-19,16.9,7.4,10.9,0.0,0.0,3.7,14.66,22.7,36,era5_archive
2019-11-20,16.7,5.0,10.1,0.0,0.0,3.48,14.55,18.9,40,era5_archive
2019-11-21,17.2,6.0,11.2,0.0,0.0,3.93,14.09,27.4,38,era5_archive
2019-11-22,17.3,7.8,11.5,0.0,0.0,3.46,12.34,23.8,39,era5_archive
2019-11-23,18.4,4.8,11.3,0.0,0.0,2.59,13.89,12.0,50,era5_archive
2019-11-24,18.9,4.7,11.7,0.0,0.0,2.5,13.56,8.4,51,era5_archive
2019-11-25,19.1,6.9,12.8,0.0,0.0,3.62,11.83,27.2,43,era5_archive
2019-11-26,22.2,11.4,15.8,0.0,0.0,4.33,13.3,27.7,39,era5_archive
2019-11-27,21.0,9.5,14.8,0.0,0.0,3.03,13.11,21.3,51,era5_archive
2019-11-28,18.9,7.1,12.4,0.0,0.0,2.12,12.33,12.6,72,era5_archive
2019-11-29,19.7,7.2,12.9,0.0,0.0,2.44,12.95,13.1,65,era5_archive
2019-11-30,20.3,7.3,12.9,0.0,0.0,2.79,12.93,19.0,56,era5_archive
2019-12-01,20.9,7.7,13.6,0.0,0.0,2.66,12.76,20.2,63,era5_archive
2019-12-02,16.9,8.1,12.9,2.3,2.3,2.02,11.02,24.9,79,era5_archive
2019-12-03,16.2,5.5,10.8,0.0,0.0,1.92,12.32,9.8,72,era5_archive
2019-12-04,16.8,4.9,10.6,0.0,0.0,2.05,12.87,9.7,70,era5_archive
2019-12-05,18.3,6.7,12.2,3.3,3.3,1.8,9.64,20.9,78,era5_archive
2019-12-06,14.4,6.0,10.8,1.4,1.4,1.82,10.39,20.3,75,era5_archive
2019-12-07,14.3,2.7,8.6,0.0,0.0,1.91,12.45,17.6,71,era5_archive
2019-12-08,13.6,4.0,9.2,4.5,4.5,1.13,7.11,13.4,85,era5_archive
2019-12-09,15.8,8.6,11.3,15.5,15.5,1.42,9.01,17.2,85,era5_archive
2019-12-10,14.7,8.2,10.6,0.3,0.3,1.15,7.66,13.1,87,era5_archive
2019-12-11,16.4,6.7,10.8,0.0,0.0,1.6,10.29,13.4,81,era5_archive
2019-12-12,16.4,6.7,10.7,3.5,3.5,1.66,9.96,18.3,79,era5_archive
2019-12-13,14.4,7.2,10.4,1.1,1.1,1.36,7.37,15.6,78,era5_archive
2019-12-14,15.0,5.9,9.5,0.0,0.0,1.87,10.97,18.0,71,era5_archive
2019-12-15,14.0,5.1,9.1,0.5,0.5,1.77,9.1,12.6,59,era5_archive
2019-12-16,15.0,2.3,8.6,0.0,0.0,1.94,12.2,21.3,71,era5_archive
2019-12-17,16.3,2.9,9.2,0.0,0.0,1.92,12.47,15.4,72,era5_archive
2019-12-18,16.2,3.1,8.4,0.0,0.0,1.9,12.51,10.2,73,era5_archive
2019-12-19,15.8,3.4,8.7,0.0,0.0,2.45,12.62,15.5,54,era5_archive
2019-12-20,16.4,4.6,9.0,0.0,0.0,2.83,12.79,20.1,48,era5_archive
2019-12-21,16.1,5.0,9.2,0.0,0.0,2.89,12.79,20.8,45,era5_archive
2019-12-22,16.5,4.0,8.9,0.0,0.0,2.67,12.75,14.7,45,era5_archive
2019-12-23,16.9,6.5,10.6,0.0,0.0,3.12,12.36,24.7,43,era5_archive
2019-12-24,17.1,5.1,10.3,0.0,0.0,2.77,12.39,21.6,51,era5_archive
2019-12-25,13.8,5.3,9.9,0.6,0.6,2.35,9.92,26.8,60,era5_archive
2019-12-26,10.8,8.3,9.0,16.7,16.7,1.07,5.13,30.8,81,era5_archive
2019-12-27,11.1,6.7,8.5,12.2,12.2,1.31,8.87,28.2,82,era5_archive
2019-12-28,9.9,5.3,7.7,3.0,3.0,0.51,2.76,15.6,91,era5_archive
2019-12-29,13.2,4.3,7.8,0.0,0.0,1.69,11.68,16.3,74,era5_archive
2019-12-30,13.7,3.7,7.8,0.1,0.1,1.81,10.8,19.2,71,era5_archive
2019-12-31,13.6,3.0,7.2,0.0,0.0,1.73,11.68,13.5,76,era5_archive
2020-01-01,13.7,3.3,7.8,0.0,0.0,1.53,10.91,9.1,77,era5_archive
2020-01-02,13.3,4.0,7.9,0.6,0.6,1.53,10.38,14.5,78,era5_archive
2020-01-03,12.3,3.9,8.0,1.0,1.0,1.64,11.58,20.7,77,era5_archive
2020-01-04,10.1,3.1,6.1,0.1,0.1,1.24,7.81,20.1,78,era5_archive
2020-01-05,11.8,5.0,8.1,6.8,6.8,1.18,7.91,26.3,83,era5_archive
2020-01-06,12.4,3.8,7.6,0.0,0.0,2.18,12.86,22.8,64,era5_archive
2020-01-07,13.3,4.1,8.1,0.5,0.5,2.13,10.92,21.9,64,era5_archive
2020-01-08,9.8,3.2,6.4,2.4,2.4,1.2,6.53,25.0,77,era5_archive
2020-01-09,10.2,5.3,6.8,10.3,10.3,0.8,5.25,18.8,87,era5_archive
2020-01-10,9.9,5.0,7.0,4.6,4.6,1.06,7.13,12.6,85,era5_archive
2020-01-11,11.7,3.2,6.8,0.0,0.0,1.37,9.75,19.7,85,era5_archive
2020-01-12,12.1,5.0,8.3,0.2,0.2,1.09,6.53,17.0,84,era5_archive
2020-01-13,12.5,6.1,9.0,2.4,2.4,1.13,8.39,21.5,89,era5_archive
2020-01-14,13.7,5.5,9.3,0.0,0.0,1.95,12.96,17.4,77,era5_archive
2020-01-15,14.0,7.4,10.1,0.0,0.0,2.38,10.85,24.9,56,era5_archive
2020-01-16,19.1,6.0,10.7,0.4,0.4,2.12,11.23,13.8,61,era5_archive
2020-01-17,12.5,2.9,7.6,3.0,3.0,1.71,12.32,11.4,76,era5_archive
2020-01-18,12.9,4.9,8.2,0.1,0.1,1.42,9.89,19.0,86,era5_archive
2020-01-19,12.5,4.9,8.6,6.1,6.1,1.37,9.2,21.9,85,era5_archive
2020-01-20,11.6,7.0,8.5,20.4,20.4,0.89,6.04,17.4,89,era5_archive
2020-01-21,7.9,3.4,5.7,6.1,6.1,1.25,11.21,22.2,86,era5_archive
2020-01-22,9.6,1.2,4.9,0.0,0.0,1.52,12.29,16.8,83,era5_archive
2020-01-23,10.9,1.5,6.2,0.6,0.6,1.29,9.01,22.8,81,era5_archive
2020-01-24,8.6,0.5,5.6,14.8,14.7,1.0,8.19,30.2,84,era5_archive
2020-01-25,10.0,-2.5,3.2,0.0,0.0,1.87,14.71,10.2,69,era5_archive
2020-01-26,11.7,-1.0,4.7,0.0,0.0,1.89,14.63,12.7,73,era5_archive
2020-01-27,12.2,0.9,6.1,0.0,0.0,1.83,12.76,13.4,74,era5_archive
2020-01-28,14.2,5.4,8.6,0.1,0.1,2.4,14.26,16.4,64,era5_archive
2020-01-29,12.8,6.3,9.1,1.4,1.4,1.42,10.47,23.1,87,era5_archive
2020-01-30,13.6,3.9,8.1,0.0,0.0,1.64,11.88,12.6,85,era5_archive
2020-01-31,11.4,6.3,8.2,2.9,2.9,1.99,10.7,46.8,72,era5_archive
2020-02-01,11.2,5.4,8.3,4.5,4.5,1.67,9.27,32.8,76,era5_archive
2020-02-02,13.5,6.5,9.7,1.5,1.5,1.26,7.9,11.9,87,era5_archive
2020-02-03,14.9,4.7,9.2,0.2,0.2,2.11,13.97,22.3,75,era5_archive
2020-02-04,14.6,5.5,9.5,0.0,0.0,1.98,13.91,19.2,84,era5_archive
2020-02-05,15.2,5.5,9.9,0.0,0.0,2.18,15.33,15.1,81,era5_archive
2020-02-06,18.0,6.3,11.3,0.0,0.0,2.76,15.82,16.4,66,era5_archive
2020-02-07,10.1,6.2,8.1,7.6,7.6,0.75,3.43,22.4,85,era5_archive
2020-02-08,9.0,4.3,6.6,10.5,10.5,1.4,10.45,47.9,82,era5_archive
2020-02-09,6.4,0.0,4.1,0.1,0.1,1.16,4.52,27.7,70,era5_archive
2020-02-10,6.2,-2.0,2.1,0.3,0.3,1.37,9.09,31.3,69,era5_archive
2020-02-11,8.9,-2.6,3.4,1.0,1.0,1.37,11.98,18.8,77,era5_archive
2020-02-12,13.6,5.3,8.6,3.9,3.9,1.03,5.66,17.6,84,era5_archive
2020-02-13,16.9,3.6,9.1,0.0,0.0,2.41,16.26,18.8,79,era5_archive
2020-02-14,16.2,4.1,9.0,0.0,0.0,2.13,12.65,27.1,76,era5_archive
2020-02-15,16.2,5.6,10.5,0.0,0.0,2.92,16.62,26.0,58,era5_archive
2020-02-16,15.5,3.2,8.3,0.1,0.1,2.46,15.29,20.2,68,era5_archive
2020-02-17,14.7,1.9,8.0,0.0,0.0,2.34,16.41,10.1,74,era5_archive
2020-02-18,18.4,5.9,11.5,0.6,0.6,2.63,13.42,19.4,63,era5_archive
2020-02-19,13.2,7.0,9.7,5.8,5.8,1.68,11.59,18.3,84,era5_archive
2020-02-20,13.5,6.3,9.9,0.5,0.5,1.69,10.68,24.9,84,era5_archive
2020-02-21,15.4,5.1,9.4,1.0,1.0,2.29,14.77,21.0,76,era5_archive
2020-02-22,14.0,6.5,9.3,2.6,2.6,1.88,11.96,18.6,79,era5_archive
2020-02-23,15.8,3.6,9.4,0.0,0.0,2.65,16.01,15.5,69,era5_archive
2020-02-24,17.0,4.1,9.9,0.0,0.0,2.71,17.05,20.1,73,era5_archive
2020-02-25,14.5,5.3,9.5,3.0,3.0,1.75,13.46,31.5,89,era5_archive
2020-02-26,14.2,7.6,10.7,0.6,0.6,1.86,12.12,20.2,83,era5_archive
2020-02-27,17.6,4.4,10.4,0.0,0.0,2.77,18.27,18.5,77,era5_archive
2020-02-28,19.8,7.3,12.8,0.0,0.0,3.32,19.06,16.2,65,era5_archive
2020-02-29,14.7,5.5,10.3,1.0,1.0,2.34,14.59,26.0,73,era5_archive
2020-03-01,13.1,6.6,9.2,15.5,15.5,2.1,13.73,34.7,77,era5_archive
2020-03-02,14.4,6.7,10.0,0.0,0.0,2.28,15.4,16.8,80,era5_archive
2020-03-03,18.3,2.6,10.4,0.0,0.0,3.14,20.01,11.6,68,era5_archive
2020-03-04,22.0,6.9,14.4,0.0,0.0,4.67,20.25,25.4,46,era5_archive
2020-03-05,22.4,10.9,15.8,0.0,0.0,4.86,19.47,26.2,39,era5_archive
2020-03-06,16.1,8.4,11.8,9.7,9.7,1.9,11.6,25.3,68,era5_archive
2020-03-07,15.5,8.6,11.3,0.8,0.8,1.91,11.64,28.0,85,era5_archive
2020-03-08,21.0,4.9,12.8,0.0,0.0,3.53,20.56,12.7,70,era5_archive
2020-03-09,23.8,10.6,16.9,0.0,0.0,5.28,19.65,28.1,46,era5_archive
2020-03-10,20.8,9.7,14.7,0.0,0.0,3.69,18.86,19.7,68,era5_archive
2020-03-11,25.8,8.4,16.5,0.0,0.0,3.97,20.52,14.5,65,era5_archive
2020-03-12,26.3,16.4,20.7,5.3,5.3,5.88,12.9,36.2,40,era5_archive
2020-03-13,19.5,11.9,15.5,16.8,16.8,4.18,14.31,54.7,62,era5_archive
2020-03-14,16.4,8.4,12.5,2.6,2.6,2.15,15.11,26.3,84,era5_archive
2020-03-15,18.6,10.9,13.7,0.5,0.5,2.35,13.8,10.4,81,era5_archive
2020-03-16,20.8,9.4,14.0,0.0,0.0,3.48,20.19,16.2,75,era5_archive
2020-03-17,17.6,8.2,11.5,7.0,7.0,2.74,17.52,25.0,80,era5_archive
2020-03-18,10.9,6.1,8.4,1.7,1.7,1.76,10.47,38.4,76,era5_archive
2020-03-19,12.5,5.3,8.8,7.4,7.4,2.15,15.28,32.4,78,era5_archive
2020-03-20,10.7,5.3,7.4,8.0,8.0,2.05,15.9,19.6,80,era5_archive
2020-03-21,11.2,5.0,6.9,6.8,6.8,1.71,13.41,20.6,82,era5_archive
2020-03-22,14.2,2.8,8.4,0.0,0.0,2.4,16.8,20.8,74,era5_archive
2020-03-23,18.4,2.8,10.9,0.0,0.0,3.81,21.37,18.1,63,era5_archive
2020-03-24,21.4,9.4,14.6,0.0,0.0,4.6,23.29,20.3,60,era5_archive
2020-03-25,17.7,8.2,12.3,0.0,0.0,3.56,23.13,20.2,75,era5_archive
2020-03-26,21.0,5.5,13.1,0.0,0.0,3.7,19.11,19.9,61,era5_archive
2020-03-27,22.0,11.7,15.9,0.2,0.2,3.95,21.06,20.9,63,era5_archive
2020-03-28,16.4,9.6,12.7,0.3,0.3,2.74,17.83,29.3,78,era5_archive
2020-03-29,17.0,8.7,12.6,0.3,0.3,3.71,19.62,34.0,63,era5_archive
2020-03-30,20.7,9.1,14.8,0.0,0.0,4.5,21.89,20.5,51,era5_archive
2020-03-31,25.1,10.7,17.1,0.5,0.5,5.02,17.29,29.8,42,era5_archive
2020-04-01,16.1,9.8,12.8,4.0,4.0,2.54,16.32,33.9,77,era5_archive
2020-04-02,17.7,7.7,12.4,0.1,0.1,3.69,22.44,19.7,73,era5_archive
2020-04-03,20.5,6.5,13.5,0.0,0.0,4.3,23.98,23.1,61,era5_archive
2020-04-04,25.2,8.5,16.9,0.0,0.0,4.89,24.21,16.6,47,era5_archive
2020-04-05,29.6,12.8,21.0,0.0,0.0,6.72,20.8,34.5,35,era5_archive
2020-04-06,20.4,9.4,14.3,0.0,0.0,3.77,21.6,20.3,75,era5_archive
2020-04-07,19.4,9.0,13.3,0.0,0.0,4.09,23.95,21.9,74,era5_archive
2020-04-08,18.7,7.7,12.4,0.0,0.0,3.83,22.52,25.0,72,era5_archive
2020-04-09,17.7,6.4,11.6,0.0,0.0,3.39,20.7,25.6,76,era5_archive
2020-04-10,15.7,7.7,11.2,2.5,2.5,2.88,18.85,25.8,77,era5_archive
2020-04-11,16.4,6.6,11.6,1.3,1.3,3.01,19.77,25.3,78,era5_archive
2020-04-12,18.8,9.0,13.2,0.0,0.0,3.97,23.64,17.6,73,era5_archive
2020-04-13,22.4,8.3,14.5,0.0,0.0,4.67,25.86,16.7,59,era5_archive
2020-04-14,24.6,7.9,16.7,0.0,0.0,4.65,23.34,14.8,53,era5_archive
2020-04-15,24.9,10.0,17.4,0.0,0.0,4.91,23.61,23.2,55,era5_archive
2020-04-16,24.9,12.3,17.9,0.3,0.3,5.08,22.44,19.7,51,era5_archive
2020-04-17,18.0,10.9,14.1,11.7,11.7,2.67,16.2,16.3,83,era5_archive
2020-04-18,25.4,9.5,17.4,0.0,0.0,4.43,21.85,16.3,65,era5_archive
2020-04-19,26.8,12.5,20.3,0.0,0.0,5.53,23.31,24.2,45,era5_archive
2020-04-20,28.3,13.4,21.2,0.0,0.0,5.65,22.96,20.8,41,era5_archive
2020-04-21,30.4,13.0,21.4,0.0,0.0,5.74,25.0,19.6,44,era5_archive
2020-04-22,29.4,14.7,21.8,0.0,0.0,6.39,26.15,23.5,47,era5_archive
2020-04-23,23.7,12.8,18.3,0.0,0.0,5.5,25.72,27.7,54,era5_archive
2020-04-24,27.3,11.2,18.6,0.1,0.1,4.49,16.93,21.9,53,era5_archive
2020-04-25,17.9,10.8,14.5,6.7,6.7,3.29,19.35,29.1,77,era5_archive
2020-04-26,20.1,10.0,13.8,0.2,0.2,4.37,24.18,24.5,66,era5_archive
2020-04-27,21.9,7.4,14.6,0.0,0.0,4.81,24.92,18.7,57,era5_archive
2020-04-28,25.0,7.7,16.2,0.0,0.0,5.62,27.24,19.5,48,era5_archive
2020-04-29,22.1,8.9,15.1,0.0,0.0,4.71,26.08,24.2,68,era5_archive
2020-04-30,25.0,11.4,16.5,0.0,0.0,5.04,25.35,20.9,69,era5_archive
2020-05-01,24.2,11.2,17.5,0.0,0.0,5.76,27.23,27.9,56,era5_archive
2020-05-02,23.0,9.8,16.4,0.0,0.0,5.29,27.43,23.5,62,era5_archive
2020-05-03,27.4,10.1,18.3,0.0,0.0,6.31,27.51,20.3,50,era5_archive
2020-05-04,25.7,10.2,17.8,0.0,0.0,5.76,27.49,24.4,53,era5_archive
2020-05-05,22.9,11.3,16.0,2.3,2.3,3.98,20.05,25.4,65,era5_archive
2020-05-06,20.4,11.1,14.9,3.8,3.8,4.03,22.92,33.1,74,era5_archive
2020-05-07,24.8,9.4,16.9,0.0,0.0,5.25,27.74,16.5,63,era5_archive
2020-05-08,31.1,12.1,22.0,0.0,0.0,6.86,27.82,15.9,37,era5_archive
2020-05-09,21.7,14.1,18.4,1.2,1.2,5.01,22.35,35.4,55,era5_archive
2020-05-10,23.5,12.0,16.9,0.0,0.0,5.15,26.65,22.1,64,era5_archive
2020-05-11,28.9,11.8,19.6,0.0,0.0,6.01,28.58,19.3,47,era5_archive
2020-05-12,32.4,12.4,22.7,0.0,0.0,6.58,28.43,19.2,37,era5_archive
2020-05-13,34.7,15.5,25.3,0.0,0.0,7.39,28.21,19.4,29,era5_archive
2020-05-14,36.5,18.7,27.5,0.0,0.0,7.29,27.38,20.4,25,era5_archive
2020-05-15,36.7,18.2,28.3,0.0,0.0,7.33,26.36,15.8,20,era5_archive
2020-05-16,36.8,19.4,28.9,0.0,0.0,7.98,28.29,16.3,16,era5_archive
2020-05-17,37.8,19.4,30.0,0.0,0.0,8.64,27.96,14.3,20,era5_archive
2020-05-18,37.5,21.6,30.3,0.0,0.0,9.1,28.79,21.1,16,era5_archive
2020-05-19,37.5,22.0,30.3,0.0,0.0,8.77,28.53,17.9,16,era5_archive
2020-05-20,37.1,20.3,29.7,0.0,0.0,8.63,28.74,21.3,18,era5_archive
2020-05-21,36.8,18.4,28.6,0.0,0.0,9.08,29.54,21.5,17,era5_archive
2020-05-22,35.8,18.5,27.0,0.0,0.0,8.03,28.09,31.1,31,era5_archive
2020-05-23,25.7,15.9,19.8,0.0,0.0,5.14,22.39,28.1,65,era5_archive
2020-05-24,19.7,13.2,16.2,1.7,1.7,4.7,22.31,36.9,59,era5_archive
2020-05-25,23.7,11.7,17.2,0.1,0.1,5.44,27.24,22.9,59,era5_archive
2020-05-26,29.8,11.6,21.4,0.0,0.0,6.21,29.39,12.8,47,era5_archive
2020-05-27,34.9,14.2,23.1,0.0,0.0,6.92,29.21,31.8,40,era5_archive
2020-05-28,25.6,14.0,18.8,0.0,0.0,5.91,28.7,26.8,64,era5_archive
2020-05-29,22.9,12.6,17.0,0.0,0.0,5.64,28.97,26.9,63,era5_archive
2020-05-30,25.7,9.7,17.6,0.0,0.0,6.02,30.23,20.9,59,era5_archive
2020-05-31,28.8,11.4,19.7,0.0,0.0,6.63,29.82,22.3,49,era5_archive
2020-06-01,29.0,11.5,20.2,0.0,0.0,6.63,29.48,23.1,53,era5_archive
2020-06-02,32.5,15.7,22.6,0.0,0.0,7.86,27.59,32.3,41,era5_archive
2020-06-03,25.6,13.8,19.2,0.0,0.0,6.0,28.55,20.6,56,era5_archive
2020-06-04,29.1,13.0,21.4,0.0,0.0,6.64,29.45,20.9,46,era5_archive
2020-06-05,32.6,15.6,24.1,0.0,0.0,6.71,27.15,19.4,40,era5_archive
2020-06-06,36.8,17.7,26.7,0.0,0.0,7.85,29.32,27.7,39,era5_archive
2020-06-07,36.2,18.1,26.4,0.0,0.0,7.96,29.5,26.4,41,era5_archive
2020-06-08,33.8,18.0,25.9,0.0,0.0,8.13,29.87,27.1,33,era5_archive
2020-06-09,32.9,16.3,24.3,0.0,0.0,7.75,30.34,24.2,39,era5_archive
2020-06-10,30.8,15.3,22.4,0.0,0.0,7.33,30.52,29.0,51,era5_archive
2020-06-11,29.8,16.9,22.5,0.0,0.0,7.6,30.39,31.1,45,era5_archive
2020-06-12,28.3,15.6,21.4,0.0,0.0,7.05,29.12,31.6,55,era5_archive
2020-06-13,32.6,15.8,24.6,0.0,0.0,7.96,29.85,21.9,36,era5_archive
2020-06-14,30.3,16.4,22.5,0.0,0.0,7.33,30.3,20.5,39,era5_archive
2020-06-15,29.1,14.9,21.2,0.0,0.0,6.7,30.31,23.8,59,era5_archive
2020-06-16,30.5,14.4,21.6,0.0,0.0,6.83,29.87,27.6,62,era5_archive
2020-06-17,32.9,15.9,24.5,0.0,0.0,7.99,30.29,26.0,44,era5_archive
2020-06-18,31.3,17.7,23.8,0.0,0.0,7.15,29.96,30.0,46,era5_archive
2020-06-19,27.1,16.8,21.1,0.0,0.0,6.09,26.82,30.7,65,era5_archive
2020-06-20,27.6,16.2,21.7,0.2,0.2,5.81,25.8,29.2,66,era5_archive
2020-06-21,31.4,15.9,24.1,0.0,0.0,6.96,29.65,20.7,55,era5_archive
2020-06-22,31.8,18.4,25.8,0.0,0.0,8.29,30.52,28.5,40,era5_archive
2020-06-23,31.2,14.8,22.7,0.0,0.0,7.39,30.96,26.0,53,era5_archive
2020-06-24,29.4,14.5,21.2,0.0,0.0,6.92,30.75,27.1,61,era5_archive
2020-06-25,30.5,15.6,21.8,0.0,0.0,6.48,30.19,21.6,67,era5_archive
2020-06-26,32.6,16.3,23.5,0.0,0.0,6.96,29.76,21.9,62,era5_archive
2020-06-27,33.9,16.3,25.4,0.0,0.0,7.83,30.32,25.2,50,era5_archive
2020-06-28,33.4,17.9,25.4,0.0,0.0,7.96,30.28,26.6,48,era5_archive
2020-06-29,32.0,17.9,24.2,0.0,0.0,7.26,29.02,31.2,58,era5_archive
2020-06-30,30.9,17.6,23.3,0.0,0.0,6.75,29.06,31.8,66,era5_archive
2020-07-01,32.4,17.9,24.0,0.0,0.0,7.25,29.82,29.3,60,era5_archive
2020-07-02,35.7,17.8,25.9,0.0,0.0,7.1,30.21,24.7,51,era5_archive
2020-07-03,38.1,19.3,28.0,0.0,0.0,7.89,30.11,26.7,41,era5_archive
2020-07-04,34.9,19.4,26.4,0.0,0.0,8.22,29.71,31.2,46,era5_archive
2020-07-05,33.1,18.8,25.2,0.0,0.0,7.25,29.25,27.0,60,era5_archive
2020-07-06,33.1,19.6,25.2,0.0,0.0,6.78,28.16,27.9,69,era5_archive
2020-07-07,33.2,20.5,25.0,0.0,0.0,7.12,28.33,30.6,63,era5_archive
2020-07-08,32.4,18.6,24.7,0.0,0.0,7.5,29.79,28.0,54,era5_archive
2020-07-09,31.3,17.3,24.0,0.0,0.0,6.8,29.45,27.4,60,era5_archive
2020-07-10,32.7,17.3,24.6,0.0,0.0,6.94,29.43,24.3,59,era5_archive
2020-07-11,33.5,18.0,24.8,0.0,0.0,7.05,29.21,27.9,65,era5_archive
2020-07-12,33.4,19.5,25.2,0.0,0.0,7.01,28.03,29.9,66,era5_archive
2020-07-13,32.9,18.6,24.7,0.0,0.0,6.89,28.74,29.6,68,era5_archive
2020-07-14,35.9,19.4,26.4,0.0,0.0,6.95,28.66,25.8,62,era5_archive
2020-07-15,36.0,19.3,27.4,0.0,0.0,7.74,29.88,25.4,52,era5_archive
2020-07-16,34.1,18.5,25.3,0.0,0.0,7.11,29.33,25.2,64,era5_archive
2020-07-17,33.3,18.2,24.6,0.0,0.0,7.04,29.27,23.1,61,era5_archive
2020-07-18,33.5,17.4,24.6,0.0,0.0,6.87,28.87,22.9,62,era5_archive
2020-07-19,37.8,18.7,27.7,0.0,0.0,7.81,29.38,19.9,44,era5_archive
2020-07-20,37.5,20.2,28.3,0.0,0.0,7.93,28.98,24.4,49,era5_archive
2020-07-21,34.7,19.7,26.2,0.0,0.0,7.74,29.04,27.1,59,era5_archive
2020-07-22,35.2,18.2,25.6,0.0,0.0,7.26,29.14,23.9,60,era5_archive
2020-07-23,36.3,18.8,26.7,0.0,0.0,7.54,28.98,25.0,55,era5_archive
2020-07-24,35.1,18.8,26.2,0.0,0.0,7.75,29.07,26.1,53,era5_archive
2020-07-25,34.7,19.5,26.5,0.0,0.0,7.42,29.22,22.5,51,era5_archive
2020-07-26,40.8,19.2,29.3,0.0,0.0,6.74,26.18,20.1,43,era5_archive
2020-07-27,42.0,23.3,30.8,0.0,0.0,7.6,27.1,22.7,49,era5_archive
2020-07-28,39.1,22.8,30.3,0.0,0.0,7.88,27.25,24.7,51,era5_archive
2020-07-29,38.8,22.7,30.1,0.0,0.0,8.09,27.45,24.4,46,era5_archive
2020-07-30,38.3,22.2,29.7,0.0,0.0,8.42,28.02,26.3,40,era5_archive
2020-07-31,36.5,20.4,27.7,0.0,0.0,8.4,28.55,29.1,47,era5_archive
2020-08-01,35.3,19.9,26.9,0.0,0.0,7.84,28.53,30.2,56,era5_archive
2020-08-02,35.2,18.7,26.4,0.0,0.0,7.31,28.82,25.4,51,era5_archive
2020-08-03,34.0,19.7,26.3,0.0,0.0,7.48,28.48,25.2,49,era5_archive
2020-08-04,33.1,20.5,25.6,0.0,0.0,6.87,25.84,31.4,64,era5_archive
2020-08-05,32.2,20.2,25.0,0.0,0.0,6.67,26.22,31.8,66,era5_archive
2020-08-06,33.2,18.3,25.1,0.0,0.0,6.78,27.7,31.7,65,era5_archive
2020-08-07,35.0,18.8,26.1,0.0,0.0,7.42,27.95,31.0,60,era5_archive
2020-08-08,33.7,19.6,25.3,0.0,0.0,6.82,26.53,31.9,66,era5_archive
2020-08-09,30.1,19.9,24.1,0.0,0.0,6.33,26.06,30.8,67,era5_archive
2020-08-10,30.2,19.4,23.7,0.0,0.0,5.45,21.84,28.6,67,era5_archive
2020-08-11,30.1,19.4,23.8,0.1,0.1,5.69,24.06,26.9,71,era5_archive
2020-08-12,31.4,19.3,24.3,0.2,0.2,5.75,24.19,26.5,71,era5_archive
2020-08-13,33.9,20.7,25.8,0.2,0.2,6.54,26.31,26.1,68,era5_archive
2020-08-14,33.7,20.3,25.7,0.0,0.0,6.82,26.06,29.8,67,era5_archive
2020-08-15,33.5,19.1,25.4,0.0,0.0,6.94,26.49,27.9,62,era5_archive
2020-08-16,33.6,17.7,25.2,0.0,0.0,7.18,27.49,27.4,57,era5_archive
2020-08-17,34.0,17.9,25.5,0.0,0.0,7.34,27.22,27.7,53,era5_archive
2020-08-18,33.1,19.9,25.3,0.0,0.0,6.81,26.91,26.8,54,era5_archive
2020-08-19,33.3,19.2,25.0,0.0,0.0,6.48,26.48,23.3,65,era5_archive
2020-08-20,34.1,18.3,24.9,0.0,0.0,6.78,27.44,25.1,55,era5_archive
2020-08-21,31.7,16.2,23.2,0.0,0.0,6.34,26.51,27.0,67,era5_archive
2020-08-22,31.6,19.6,24.3,0.0,0.0,6.02,25.31,27.2,69,era5_archive
2020-08-23,32.8,20.1,25.4,0.0,0.0,6.38,25.74,22.5,63,era5_archive
2020-08-24,35.0,19.1,26.1,0.0,0.0,6.68,26.39,23.9,46,era5_archive
2020-08-25,34.1,18.8,25.4,0.0,0.0,6.61,26.29,25.3,58,era5_archive
2020-08-26,33.1,18.3,24.9,0.0,0.0,6.57,26.05,26.1,57,era5_archive
2020-08-27,32.0,18.2,23.9,0.0,0.0,6.09,25.24,24.1,65,era5_archive
2020-08-28,34.2,16.8,24.8,0.0,0.0,5.89,26.1,15.6,60,era5_archive
2020-08-29,39.7,20.0,29.9,0.0,0.0,6.51,25.64,16.3,41,era5_archive
2020-08-30,41.5,23.4,32.8,0.0,0.0,7.35,25.37,15.4,24,era5_archive
2020-08-31,40.7,22.5,31.4,0.0,0.0,6.35,24.21,16.6,43,era5_archive
2020-09-01,40.0,21.2,28.9,0.0,0.0,6.23,22.81,26.6,58,era5_archive
2020-09-02,36.9,20.8,28.2,0.0,0.0,6.65,24.92,22.0,59,era5_archive
2020-09-03,42.2,19.9,31.2,0.0,0.0,7.58,24.92,20.7,38,era5_archive
2020-09-04,42.5,25.4,33.9,0.0,0.0,8.21,23.29,24.1,14,era5_archive
2020-09-05,42.1,25.0,32.6,0.0,0.0,7.8,24.24,26.0,21,era5_archive
2020-09-06,39.7,21.1,29.8,0.0,0.0,7.12,24.44,20.1,41,era5_archive
2020-09-07,41.5,21.6,31.0,0.0,0.0,6.42,23.42,21.3,36,era5_archive
2020-09-08,39.2,21.4,29.9,0.0,0.0,6.4,22.88,20.1,51,era5_archive
2020-09-09,38.2,21.5,29.1,0.0,0.0,5.5,21.13,12.9,56,era5_archive
2020-09-10,41.4,21.7,30.9,0.0,0.0,6.61,22.06,20.0,46,era5_archive
2020-09-11,36.0,21.7,28.4,0.0,0.0,5.95,23.01,17.8,54,era5_archive
2020-09-12,34.8,21.6,27.8,0.0,0.0,6.59,23.37,21.9,50,era5_archive
2020-09-13,33.9,20.9,26.5,0.0,0.0,6.18,23.62,20.3,44,era5_archive
2020-09-14,34.6,18.2,25.7,0.0,0.0,5.9,23.34,17.2,53,era5_archive
2020-09-15,37.6,19.6,27.7,0.0,0.0,6.07,23.16,16.6,53,era5_archive
2020-09-16,37.7,20.4,28.3,0.0,0.0,6.18,22.97,18.1,50,era5_archive
2020-09-17,37.0,20.8,27.9,0.0,0.0,6.23,22.58,19.8,50,era5_archive
2020-09-18,36.0,19.7,27.4,0.0,0.0,6.48,22.89,21.3,47,era5_archive
2020-09-19,36.2,19.2,27.7,0.0,0.0,6.06,22.58,17.9,40,era5_archive
2020-09-20,37.3,21.5,28.5,0.0,0.0,6.19,22.18,18.1,32,era5_archive
2020-09-21,33.7,20.4,25.9,0.0,0.0,5.82,22.13,19.7,51,era5_archive
2020-09-22,32.2,18.1,24.2,0.0,0.0,5.37,22.14,18.7,62,era5_archive
2020-09-23,31.0,18.7,23.6,0.0,0.0,5.09,21.54,21.6,70,era5_archive
2020-09-24,30.5,18.1,23.3,0.0,0.0,5.0,21.55,20.2,71,era5_archive
2020-09-25,29.8,16.7,22.4,0.0,0.0,4.98,21.75,22.1,70,era5_archive
2020-09-26,29.4,18.9,23.0,0.0,0.0,4.9,21.1,22.3,69,era5_archive
2020-09-27,33.9,16.8,25.1,0.0,0.0,5.13,21.3,19.3,54,era5_archive
2020-09-28,35.3,18.5,26.7,0.0,0.0,6.34,21.41,24.5,37,era5_archive
2020-09-29,36.0,18.9,26.9,0.0,0.0,6.28,21.18,23.5,38,era5_archive
2020-09-30,32.8,18.9,25.5,0.0,0.0,5.24,18.57,22.4,56,era5_archive
2020-10-01,32.3,19.8,24.3,0.0,0.0,4.7,19.25,19.5,61,era5_archive
2020-10-02,29.9,16.3,22.4,0.0,0.0,4.56,20.6,17.0,62,era5_archive
2020-10-03,29.4,16.6,21.6,0.0,0.0,4.62,20.53,21.4,64,era5_archive
2020-10-04,27.6,15.6,20.6,0.0,0.0,4.43,20.12,21.9,70,era5_archive
2020-10-05,30.8,15.5,22.8,0.0,0.0,4.59,19.97,19.3,58,era5_archive
2020-10-06,32.5,15.7,24.2,0.0,0.0,5.12,20.04,15.7,35,era5_archive
2020-10-07,33.0,18.0,25.4,0.0,0.0,5.54,19.88,16.0,25,era5_archive
2020-10-08,34.3,18.0,26.3,0.0,0.0,6.44,19.81,15.7,19,era5_archive
2020-10-09,33.7,20.1,26.8,0.0,0.0,6.44,16.55,23.6,18,era5_archive
2020-10-10,32.3,20.1,26.3,0.0,0.0,6.95,19.11,26.4,28,era5_archive
2020-10-11,30.7,16.6,22.7,0.0,0.0,4.3,18.78,17.1,67,era5_archive
2020-10-12,32.0,16.5,23.0,0.0,0.0,4.28,18.57,17.8,66,era5_archive
2020-10-13,28.4,15.8,21.2,0.0,0.0,4.21,18.39,17.7,67,era5_archive
2020-10-14,27.5,14.6,20.2,0.0,0.0,4.09,18.68,18.5,66,era5_archive
2020-10-15,29.1,14.5,21.1,0.0,0.0,4.26,18.43,21.5,70,era5_archive
2020-10-16,27.6,15.8,20.5,0.0,0.0,3.74,17.17,15.9,70,era5_archive
2020-10-17,29.7,14.0,21.2,0.0,0.0,3.98,18.38,10.5,53,era5_archive
2020-10-18,31.7,14.9,23.2,0.0,0.0,4.72,17.82,13.4,33,era5_archive
2020-10-19,31.9,15.8,24.0,0.0,0.0,4.61,17.86,12.1,28,era5_archive
2020-10-20,32.5,17.2,23.8,0.0,0.0,5.89,17.93,21.3,22,era5_archive
2020-10-21,29.7,15.2,21.8,0.0,0.0,4.26,17.38,18.8,43,era5_archive
2020-10-22,31.4,15.1,23.0,0.0,0.0,5.16,17.06,21.3,42,era5_archive
2020-10-23,31.2,17.8,24.3,0.0,0.0,6.99,17.46,24.7,15,era5_archive
2020-10-24,30.2,20.8,24.9,0.0,0.0,7.66,16.47,28.7,15,era5_archive
2020-10-25,28.0,19.7,23.4,0.0,0.0,5.22,9.4,25.2,20,era5_archive
2020-10-26,31.5,15.8,23.2,0.0,0.0,5.47,16.94,25.0,21,era5_archive
2020-10-27,31.8,18.7,25.1,0.0,0.0,6.26,16.53,19.3,20,era5_archive
2020-10-28,31.1,15.9,22.6,0.0,0.0,3.86,16.43,13.5,58,era5_archive
2020-10-29,31.8,17.1,23.2,0.0,0.0,3.61,15.57,12.5,62,era5_archive
2020-10-30,31.3,16.3,23.0,0.0,0.0,3.72,15.16,14.5,51,era5_archive
2020-10-31,29.7,17.3,21.9,0.0,0.0,3.37,15.26,14.8,68,era5_archive
2020-11-01,26.3,16.4,20.3,1.1,1.1,3.08,14.48,16.0,76,era5_archive
2020-11-02,23.7,15.1,18.2,4.1,4.1,2.71,14.0,22.5,79,era5_archive
2020-11-03,23.7,12.3,17.5,0.2,0.2,2.75,13.93,14.4,75,era5_archive
2020-11-04,21.2,12.5,16.3,3.1,3.1,2.24,11.42,20.2,79,era5_archive
2020-11-05,18.2,12.2,15.2,15.5,15.5,2.0,10.99,26.3,80,era5_archive
2020-11-06,19.5,11.2,14.7,1.0,1.0,2.12,12.18,8.8,79,era5_archive
2020-11-07,21.5,11.1,16.1,0.0,0.0,2.47,13.11,10.1,69,era5_archive
2020-11-08,22.9,13.4,17.8,2.8,2.8,3.22,13.33,25.7,61,era5_archive
2020-11-09,22.1,11.8,16.0,3.2,3.2,2.44,13.25,19.5,74,era5_archive
2020-11-10,21.5,9.5,15.2,0.0,0.0,2.44,13.29,12.1,74,era5_archive
2020-11-11,21.1,11.1,15.9,0.0,0.0,2.35,12.7,11.8,74,era5_archive
2020-11-12,21.1,9.9,15.1,0.0,0.0,2.34,12.77,9.2,72,era5_archive
2020-11-13,22.7,10.1,16.0,0.0,0.0,2.81,14.31,13.0,64,era5_archive
2020-11-14,22.0,12.5,17.1,0.0,0.0,2.56,10.74,20.0,57,era5_archive
2020-11-15,17.3,10.0,13.3,5.4,5.4,1.67,10.09,21.7,79,era5_archive
2020-11-16,17.6,8.9,12.7,0.0,0.0,1.99,12.48,8.4,79,era5_archive
2020-11-17,19.4,8.9,13.5,0.0,0.0,2.48,13.97,12.4,67,era5_archive
2020-11-18,19.7,8.4,13.7,0.0,0.0,2.89,13.74,24.3,60,era5_archive
2020-11-19,20.4,9.5,14.5,0.0,0.0,2.87,13.73,25.3,58,era5_archive
2020-11-20,18.6,9.3,13.2,2.6,2.6,1.99,11.31,15.1,75,era5_archive
2020-11-21,16.3,8.9,12.0,13.5,13.5,1.54,8.41,15.8,82,era5_archive
2020-11-22,18.3,7.1,12.1,0.0,0.0,2.01,12.5,12.9,78,era5_archive
2020-11-23,19.7,7.7,13.1,0.0,0.0,2.16,13.09,6.8,75,era5_archive
2020-11-24,20.1,9.3,14.4,0.0,0.0,3.02,12.66,21.8,57,era5_archive
2020-11-25,19.7,11.4,14.6,4.3,4.3,2.69,11.76,14.2,56,era5_archive
2020-11-26,15.8,9.6,12.1,2.0,2.0,1.55,9.41,23.0,84,era5_archive
2020-11-27,16.6,8.3,11.7,0.0,0.0,1.77,10.9,11.8,80,era5_archive
2020-11-28,15.9,7.2,10.8,3.7,3.7,1.47,9.58,9.8,83,era5_archive
2020-11-29,17.4,6.0,11.5,0.0,0.0,2.14,12.91,13.5,73,era5_archive
2020-11-30,18.1,9.5,12.9,0.0,0.0,2.65,12.64,24.8,63,era5_archive
2020-12-01,19.2,7.8,12.5,0.0,0.0,2.43,13.01,19.2,62,era5_archive
2020-12-02,17.1,7.1,11.4,0.7,0.7,1.82,12.11,13.4,79,era5_archive
2020-12-03,17.4,6.4,10.9,0.0,0.0,1.89,11.51,17.7,80,era5_archive
2020-12-04,17.3,7.0,11.8,0.3,0.3,1.87,11.26,25.1,76,era5_archive
2020-12-05,14.5,8.8,11.3,8.9,8.9,1.03,6.5,17.6,86,era5_archive
2020-12-06,15.9,7.5,10.8,0.2,0.2,1.65,10.65,13.2,84,era5_archive
2020-12-07,16.4,7.3,11.3,0.0,0.0,2.0,11.21,17.3,77,era5_archive
2020-12-08,19.5,8.6,13.2,1.2,1.2,2.57,12.47,16.6,63,era5_archive
2020-12-09,16.8,7.7,12.5,0.6,0.6,1.73,10.61,16.0,82,era5_archive
2020-12-10,17.4,5.4,10.8,0.0,0.0,2.14,12.25,18.3,74,era5_archive
2020-12-11,17.0,8.1,11.7,0.0,0.0,2.58,12.61,17.9,60,era5_archive
2020-12-12,18.9,9.8,13.2,0.0,0.0,3.14,11.46,22.2,49,era5_archive
2020-12-13,21.0,12.2,16.0,0.0,0.0,3.3,9.61,18.8,43,era5_archive
2020-12-14,23.0,11.4,16.1,3.3,3.3,3.4,8.93,28.7,49,era5_archive
2020-12-15,16.0,8.7,12.0,1.0,1.0,1.95,11.08,18.6,72,era5_archive
2020-12-16,15.8,8.9,11.7,5.1,5.1,1.6,8.65,19.6,78,era5_archive
2020-12-17,15.1,8.3,10.9,1.6,1.6,1.37,8.84,19.2,86,era5_archive
2020-12-18,16.4,7.8,11.1,0.0,0.0,1.6,10.67,9.0,82,era5_archive
2020-12-19,15.6,5.4,9.7,0.0,0.0,1.82,12.24,12.7,78,era5_archive
2020-12-20,16.9,5.6,10.2,0.0,0.0,1.98,12.09,22.1,73,era5_archive
2020-12-21,17.8,5.5,11.0,0.0,0.0,2.15,12.15,21.1,69,era5_archive
2020-12-22,17.2,7.7,11.6,0.0,0.0,2.02,11.95,19.6,76,era5_archive
2020-12-23,14.9,7.8,10.8,3.8,3.8,1.31,8.7,20.4,87,era5_archive
2020-12-24,14.3,7.2,10.5,1.0,1.0,1.5,9.97,14.3,82,era5_archive
2020-12-25,14.7,3.7,8.6,0.0,0.0,1.91,12.18,21.3,76,era5_archive
2020-12-26,15.6,7.0,10.6,0.0,0.0,3.16,12.4,27.1,46,era5_archive
2020-12-27,13.7,6.9,9.6,0.0,0.0,3.0,11.44,26.2,45,era5_archive
2020-12-28,13.7,4.4,8.4,0.0,0.0,2.12,11.96,25.2,70,era5_archive
2020-12-29,15.3,5.4,9.6,0.0,0.0,1.87,12.41,15.0,73,era5_archive
2020-12-30,17.5,3.2,9.8,0.0,0.0,2.12,12.47,13.2,69,era5_archive
2020-12-31,17.2,5.0,10.5,0.0,0.0,2.12,12.18,17.1,69,era5_archive
2021-01-01,17.2,8.5,11.9,0.0,0.0,1.98,12.11,17.7,76,era5_archive
2021-01-02,17.7,8.7,12.3,0.0,0.0,2.03,10.07,17.2,71,era5_archive
2021-01-03,19.6,8.6,13.2,0.0,0.0,1.91,11.4,11.3,71,era5_archive
2021-01-04,19.7,6.2,12.8,0.0,0.0,2.49,12.03,17.2,66,era5_archive
2021-01-05,18.9,10.7,13.8,0.0,0.0,2.65,12.05,22.7,63,era5_archive
2021-01-06,18.3,7.7,12.8,0.0,0.0,2.39,11.88,20.5,65,era5_archive
2021-01-07,18.5,10.4,13.7,0.0,0.0,3.17,11.84,20.1,46,era5_archive
2021-01-08,18.1,7.6,12.0,0.0,0.0,3.45,12.9,20.8,37,era5_archive
2021-01-09,18.6,7.5,12.1,0.0,0.0,3.15,12.97,16.0,36,era5_archive
2021-01-10,18.7,6.0,11.5,0.0,0.0,2.54,12.81,13.8,55,era5_archive
2021-01-11,19.4,7.1,12.2,0.0,0.0,2.76,12.94,17.5,54,era5_archive
2021-01-12,19.8,9.2,13.8,0.0,0.0,3.67,13.05,23.8,46,era5_archive
2021-01-13,18.1,10.8,14.6,0.0,0.0,3.96,8.99,27.5,41,era5_archive
2021-01-14,13.8,8.3,11.0,10.8,10.8,1.47,8.32,25.6,81,era5_archive
2021-01-15,14.0,7.6,10.4,2.0,2.0,1.43,8.57,17.9,81,era5_archive
2021-01-16,13.7,5.2,8.7,7.0,7.0,1.5,10.86,14.9,85,era5_archive
2021-01-17,13.8,6.8,9.8,0.8,0.8,2.28,11.34,29.3,67,era5_archive
2021-01-18,12.1,6.2,8.7,5.3,5.3,1.38,9.41,22.3,80,era5_archive
2021-01-19,13.0,3.7,7.9,3.7,3.7,1.59,9.78,23.6,79,era5_archive
2021-01-20,7.6,2.3,5.5,16.7,16.6,0.76,7.15,31.6,90,era5_archive
2021-01-21,9.9,0.0,4.6,0.0,0.0,1.67,13.79,10.1,80,era5_archive
2021-01-22,10.7,0.6,5.1,0.0,0.0,2.34,14.46,25.7,55,era5_archive
2021-01-23,12.2,2.4,6.3,0.0,0.0,2.82,14.01,24.6,41,era5_archive
2021-01-24,13.7,0.8,7.4,0.0,0.0,2.6,14.76,19.0,46,era5_archive
2021-01-25,16.1,1.5,7.6,0.0,0.0,2.24,14.48,10.7,58,era5_archive
2021-01-26,15.2,1.1,8.1,0.0,0.0,2.16,12.73,11.8,58,era5_archive
2021-01-27,17.8,6.0,11.6,0.0,0.0,3.62,12.35,32.4,43,era5_archive
2021-01-28,12.7,6.2,8.9,3.8,3.8,1.55,10.11,22.3,80,era5_archive
2021-01-29,8.9,4.8,6.3,5.6,5.6,0.97,7.27,28.4,87,era5_archive
2021-01-30,10.2,5.9,7.5,2.6,2.6,0.8,3.97,20.2,84,era5_archive
2021-01-31,15.4,5.3,10.2,0.0,0.0,1.96,9.02,19.1,69,era5_archive
2021-02-01,19.0,7.1,11.6,0.0,0.0,2.77,15.15,24.1,68,era5_archive
2021-02-02,21.0,7.0,14.0,0.0,0.0,3.17,15.08,23.7,53,era5_archive
2021-02-03,20.4,6.8,13.1,0.0,0.0,2.73,15.27,10.9,58,era5_archive
2021-02-04,18.2,6.0,11.3,25.4,25.4,1.22,6.49,25.3,79,era5_archive
2021-02-05,16.2,9.6,11.8,5.1,5.1,1.41,7.82,24.5,85,era5_archive
2021-02-06,16.6,6.1,10.8,0.0,0.0,2.42,15.96,16.4,78,era5_archive
2021-02-07,16.5,7.7,11.6,0.0,0.0,2.26,14.9,8.4,83,era5_archive
2021-02-08,18.5,7.8,12.7,0.0,0.0,3.05,16.05,25.5,69,era5_archive
2021-02-09,18.4,10.3,13.8,0.0,0.0,3.66,16.31,24.0,57,era5_archive
2021-02-10,20.8,8.4,13.2,0.0,0.0,3.21,16.63,19.4,66,era5_archive
2021-02-11,18.0,4.9,11.0,0.0,0.0,2.89,17.07,12.7,61,era5_archive
2021-02-12,19.6,5.5,11.5,0.0,0.0,3.23,17.09,18.9,61,era5_archive
2021-02-13,17.1,5.4,10.8,0.0,0.0,2.64,17.2,10.2,76,era5_archive
2021-02-14,20.9,4.5,12.1,0.0,0.0,3.47,17.49,22.2,54,era5_archive
2021-02-15,16.9,6.4,10.8,0.0,0.0,2.44,15.64,12.5,78,era5_archive
2021-02-16,17.9,5.3,10.8,0.8,0.8,2.98,16.48,23.2,66,era5_archive
2021-02-17,8.1,3.3,5.4,5.3,5.3,1.89,16.49,45.0,75,era5_archive
2021-02-18,8.3,2.3,4.9,4.2,4.2,1.22,9.97,23.7,83,era5_archive
2021-02-19,10.0,4.0,6.4,6.4,6.4,1.01,6.98,19.3,86,era5_archive
2021-02-20,11.7,3.1,6.6,0.0,0.0,2.31,16.9,17.4,76,era5_archive
2021-02-21,13.2,-0.7,6.1,0.0,0.0,2.34,15.71,14.6,65,era5_archive
2021-02-22,15.0,1.7,8.1,0.3,0.3,2.53,14.68,16.5,62,era5_archive
2021-02-23,17.3,3.2,10.4,0.0,0.0,3.43,18.43,22.9,52,era5_archive
2021-02-24,15.8,3.3,9.4,0.0,0.0,3.04,18.81,18.4,64,era5_archive
2021-02-25,16.4,5.8,10.4,0.0,0.0,2.73,17.84,15.2,78,era5_archive
2021-02-26,17.8,3.3,10.3,0.0,0.0,3.16,19.26,11.4,62,era5_archive
2021-02-27,19.1,6.1,12.1,0.0,0.0,4.08,19.51,19.6,40,era5_archive
2021-02-28,19.0,5.6,11.7,0.0,0.0,3.63,19.62,23.7,54,era5_archive
2021-03-01,15.6,6.1,10.8,0.0,0.0,2.19,12.77,19.5,79,era5_archive
2021-03-02,17.1,5.4,10.3,0.0,0.0,2.89,17.71,14.7,74,era5_archive
2021-03-03,15.4,3.6,9.0,0.0,0.0,2.47,15.95,22.6,77,era5_archive
2021-03-04,11.2,5.0,7.6,1.2,1.2,1.83,14.33,30.4,84,era5_archive
2021-03-05,15.5,6.0,10.1,0.0,0.0,2.49,15.8,21.6,77,era5_archive
2021-03-06,19.2,2.6,10.7,0.0,0.0,3.61,20.94,15.9,57,era5_archive
2021-03-07,19.3,5.7,11.6,0.0,0.0,3.96,20.97,21.3,53,era5_archive
2021-03-08,16.5,6.4,10.7,0.2,0.2,2.47,14.41,24.3,77,era5_archive
2021-03-09,20.2,6.2,12.7,0.0,0.0,3.53,20.39,12.2,64,era5_archive
2021-03-10,28.2,10.5,19.1,0.0,0.0,5.89,19.88,29.0,32,era5_archive
2021-03-11,21.1,11.7,15.9,0.0,0.0,4.38,18.77,28.5,48,era5_archive
2021-03-12,14.2,7.5,11.0,11.4,11.4,2.38,14.2,45.6,75,era5_archive
2021-03-13,16.8,5.7,11.2,0.0,0.0,3.22,20.98,11.6,68,era5_archive
2021-03-14,20.9,4.4,12.5,0.0,0.0,3.54,20.67,12.9,63,era5_archive
2021-03-15,22.6,9.2,15.1,0.2,0.2,4.14,19.81,20.8,58,era5_archive
2021-03-16,19.4,9.3,13.6,0.0,0.0,3.67,21.38,24.7,62,era5_archive
2021-03-17,19.1,6.1,12.2,0.0,0.0,3.96,22.17,22.1,66,era5_archive
2021-03-18,15.8,6.8,11.1,0.3,0.3,2.95,16.78,25.3,65,era5_archive
2021-03-19,17.9,7.2,11.9,0.0,0.0,3.42,21.01,13.5,68,era5_archive
2021-03-20,24.2,6.3,14.9,0.0,0.0,4.15,20.15,15.0,52,era5_archive
2021-03-21,26.3,11.9,19.0,0.0,0.0,4.83,22.59,15.6,37,era5_archive
2021-03-22,27.2,15.5,20.1,0.7,0.7,3.85,10.77,23.3,47,era5_archive
2021-03-23,29.2,15.6,21.4,0.0,0.0,5.9,13.03,39.1,43,era5_archive
2021-03-24,16.9,9.1,12.9,0.3,0.3,3.97,19.5,35.7,62,era5_archive
2021-03-25,14.5,7.3,10.3,0.1,0.1,2.82,15.69,26.2,68,era5_archive
2021-03-26,12.8,4.5,8.6,6.5,6.5,2.36,15.48,24.8,77,era5_archive
2021-03-27,13.9,3.3,8.4,0.0,0.0,3.2,20.5,26.1,62,era5_archive
2021-03-28,16.6,2.0,9.1,0.0,0.0,3.72,23.41,19.4,66,era5_archive
2021-03-29,18.9,4.7,11.2,0.0,0.0,3.94,24.07,11.9,59,era5_archive
2021-03-30,22.2,5.6,13.5,0.0,0.0,4.61,23.9,26.2,54,era5_archive
2021-03-31,18.1,8.2,12.4,0.0,0.0,3.88,22.81,22.9,70,era5_archive
2021-04-01,18.0,5.8,11.3,0.0,0.0,3.63,19.41,24.0,66,era5_archive
2021-04-02,14.4,5.3,9.6,0.8,0.8,2.76,16.36,31.0,68,era5_archive
2021-04-03,17.0,7.1,11.3,1.0,1.0,3.14,18.44,21.4,70,era5_archive
2021-04-04,20.7,3.9,12.5,0.0,0.0,4.49,25.17,18.0,56,era5_archive
2021-04-05,26.6,6.6,16.3,0.0,0.0,5.66,24.82,15.4,35,era5_archive
2021-04-06,29.7,14.7,22.1,0.0,0.0,8.44,25.21,30.2,17,era5_archive
2021-04-07,30.4,15.5,22.9,0.0,0.0,7.56,24.12,22.4,17,era5_archive
2021-04-08,26.7,12.2,19.0,0.0,0.0,6.1,25.07,25.6,32,era5_archive
2021-04-09,20.4,9.4,14.0,0.2,0.2,4.45,24.23,29.4,66,era5_archive
2021-04-10,13.8,7.7,10.2,0.2,0.2,2.5,11.73,31.0,68,era5_archive
2021-04-11,15.4,6.8,10.3,0.2,0.2,3.17,15.87,27.1,58,era5_archive
2021-04-12,16.8,5.7,10.5,0.0,0.0,3.37,18.58,25.9,63,era5_archive
2021-04-13,18.5,3.8,11.2,0.0,0.0,4.3,25.73,19.8,62,era5_archive
2021-04-14,24.1,6.7,14.8,0.0,0.0,5.07,25.93,15.1,39,era5_archive
2021-04-15,28.3,9.1,18.6,0.0,0.0,5.71,25.86,14.7,29,era5_archive
2021-04-16,30.9,11.5,21.8,0.0,0.0,5.9,24.89,13.8,27,era5_archive
2021-04-17,32.4,14.8,23.4,0.0,0.0,6.22,25.83,16.5,26,era5_archive
2021-04-18,34.9,16.3,25.9,0.0,0.0,6.46,25.9,11.9,21,era5_archive
2021-04-19,36.1,20.3,28.5,0.0,0.0,8.72,23.14,26.1,17,era5_archive
2021-04-20,36.0,19.1,27.6,0.0,0.0,8.41,21.95,31.7,22,era5_archive
2021-04-21,27.4,13.3,19.7,0.0,0.0,6.25,25.75,23.2,43,era5_archive
2021-04-22,26.6,11.1,18.2,0.0,0.0,6.09,26.7,20.8,41,era5_archive
2021-04-23,32.3,11.0,21.6,0.0,0.0,6.14,26.7,16.1,33,era5_archive
2021-04-24,34.6,17.7,25.2,0.0,0.0,6.7,21.09,24.2,27,era5_archive
2021-04-25,33.4,14.1,23.5,0.0,0.0,6.59,26.58,19.7,42,era5_archive
2021-04-26,26.6,13.9,20.6,0.0,0.0,6.4,26.85,32.4,48,era5_archive
2021-04-27,24.5,12.5,17.2,0.1,0.1,5.06,25.56,25.7,66,era5_archive
2021-04-28,29.7,9.8,19.7,0.0,0.0,5.87,27.21,20.0,51,era5_archive
2021-04-29,33.8,14.8,24.5,0.0,0.0,7.29,26.88,24.1,32,era5_archive
2021-04-30,35.1,17.8,26.3,0.0,0.0,7.91,26.95,28.3,26,era5_archive
2021-05-01,31.3,19.0,24.4,0.0,0.0,8.09,27.41,31.8,25,era5_archive
2021-05-02,31.1,17.4,23.8,0.0,0.0,7.51,27.17,25.1,31,era5_archive
2021-05-03,33.0,18.1,24.8,0.0,0.0,7.81,26.92,33.4,28,era5_archive
2021-05-04,34.5,17.8,25.3,0.0,0.0,7.94,27.41,32.3,26,era5_archive
2021-05-05,32.4,19.5,25.5,0.0,0.0,8.16,27.71,31.2,24,era5_archive
2021-05-06,30.3,15.4,22.2,0.0,0.0,7.96,27.58,34.2,33,era5_archive
2021-05-07,28.9,15.9,22.0,0.0,0.0,7.45,28.21,25.1,35,era5_archive
2021-05-08,33.3,14.5,24.1,0.0,0.0,6.89,28.0,19.3,32,era5_archive
2021-05-09,35.9,18.6,27.5,0.0,0.0,7.28,21.68,31.4,20,era5_archive
2021-05-10,33.7,17.6,25.4,0.0,0.0,7.62,27.72,26.0,33,era5_archive
2021-05-11,32.2,16.6,23.9,0.0,0.0,7.34,28.34,20.2,34,era5_archive
2021-05-12,30.7,14.7,22.6,0.0,0.0,7.22,28.31,23.4,36,era5_archive
2021-05-13,29.5,13.4,21.2,0.0,0.0,6.79,28.35,26.3,46,era5_archive
2021-05-14,30.1,13.2,21.1,0.0,0.0,6.82,28.49,25.1,47,era5_archive
2021-05-15,30.7,13.2,21.3,0.0,0.0,6.69,28.43,25.3,52,era5_archive
2021-05-16,31.1,12.5,22.1,0.0,0.0,7.27,29.32,23.4,38,era5_archive
2021-05-17,32.3,16.9,23.6,0.0,0.0,7.86,28.34,28.4,32,era5_archive
2021-05-18,30.1,12.7,20.9,0.0,0.0,6.55,28.52,22.7,56,era5_archive
2021-05-19,33.5,16.0,24.2,0.0,0.0,6.97,28.89,16.4,43,era5_archive
2021-05-20,38.1,17.7,27.4,0.0,0.0,7.3,28.49,20.9,40,era5_archive
2021-05-21,32.2,17.2,23.7,0.0,0.0,7.44,28.21,29.6,51,era5_archive
2021-05-22,25.8,14.7,19.3,0.0,0.0,5.84,27.35,29.9,64,era5_archive
2021-05-23,26.4,13.9,18.9,0.0,0.0,5.79,27.13,27.3,63,era5_archive
2021-05-24,27.5,14.8,20.4,0.0,0.0,6.2,28.3,26.7,62,era5_archive
2021-05-25,32.2,14.3,23.1,0.0,0.0,7.51,29.11,26.6,50,era5_archive
2021-05-26,33.9,16.0,24.9,0.0,0.0,7.67,29.62,25.5,33,era5_archive
2021-05-27,33.0,19.6,25.7,0.0,0.0,8.05,29.71,24.6,29,era5_archive
2021-05-28,31.2,15.8,23.7,0.0,0.0,7.55,29.67,25.6,40,era5_archive
2021-05-29,29.1,15.1,21.8,0.0,0.0,6.85,29.4,24.5,57,era5_archive
2021-05-30,30.5,14.8,22.3,0.0,0.0,6.83,29.94,19.8,50,era5_archive
2021-05-31,37.3,17.3,27.1,0.0,0.0,9.37,28.97,27.5,29,era5_archive
2021-06-01,31.8,15.6,23.3,0.0,0.0,7.59,29.52,26.1,49,era5_archive
2021-06-02,28.2,15.5,20.9,0.0,0.0,6.7,29.35,26.5,57,era5_archive
2021-06-03,29.4,12.1,20.1,0.0,0.0,6.89,30.29,25.2,54,era5_archive
2021-06-04,29.0,13.5,20.2,0.0,0.0,6.61,29.75,23.9,61,era5_archive
2021-06-05,29.2,13.7,20.5,0.0,0.0,6.66,30.19,24.0,62,era5_archive
2021-06-06,29.9,14.5,21.6,0.0,0.0,7.03,30.11,24.7,56,era5_archive
2021-06-07,31.5,14.0,22.1,0.0,0.0,7.24,30.81,23.8,47,era5_archive
2021-06-08,30.4,12.7,21.5,0.0,0.0,7.32,30.72,25.4,48,era5_archive
2021-06-09,32.3,14.1,23.5,0.0,0.0,7.53,29.78,25.7,52,era5_archive
2021-06-10,33.7,17.8,25.5,0.0,0.0,8.36,29.64,33.4,36,era5_archive
2021-06-11,29.6,16.2,22.2,0.0,0.0,6.92,29.81,24.6,54,era5_archive
2021-06-12,32.2,15.2,23.9,0.0,0.0,7.68,29.94,24.1,41,era5_archive
2021-06-13,35.5,20.3,27.1,0.0,0.0,8.07,29.73,21.9,27,era5_archive
2021-06-14,30.2,17.3,22.8,0.0,0.0,7.17,29.77,28.4,54,era5_archive
2021-06-15,29.6,14.7,21.5,0.0,0.0,6.87,30.43,24.6,62,era5_archive
2021-06-16,28.5,14.5,20.8,0.0,0.0,6.51,29.74,28.7,66,era5_archive
2021-06-17,28.0,14.5,20.7,0.0,0.0,6.39,29.98,25.2,65,era5_archive
2021-06-18,30.2,13.3,21.2,0.0,0.0,6.9,30.64,25.6,63,era5_archive
2021-06-19,30.0,15.7,21.7,0.0,0.0,6.74,29.79,26.4,65,era5_archive
2021-06-20,31.0,15.6,22.4,0.0,0.0,7.0,30.6,26.4,62,era5_archive
2021-06-21,30.2,15.7,22.7,0.0,0.0,7.05,30.28,27.0,57,era5_archive
2021-06-22,30.4,16.1,23.5,0.0,0.0,6.93,30.03,23.2,54,era5_archive
2021-06-23,31.4,16.1,23.2,0.0,0.0,6.9,30.03,26.4,62,era5_archive
2021-06-24,32.6,16.3,24.3,0.0,0.0,7.22,30.33,23.0,55,era5_archive
2021-06-25,34.2,18.3,26.2,0.0,0.0,7.67,30.47,24.2,46,era5_archive
2021-06-26,34.3,18.1,25.9,0.0,0.0,7.7,30.19,27.6,48,era5_archive
2021-06-27,35.4,18.0,26.4,0.0,0.0,7.65,30.19,24.7,51,era5_archive
2021-06-28,36.3,21.0,28.1,0.0,0.0,8.1,30.26,24.7,40,era5_archive
2021-06-29,36.7,19.4,28.1,0.0,0.0,8.25,30.54,25.7,40,era5_archive
2021-06-30,36.1,21.4,28.2,0.0,0.0,8.25,30.28,24.6,42,era5_archive
2021-07-01,35.9,20.1,27.7,0.0,0.0,8.75,30.16,27.5,40,era5_archive
2021-07-02,36.9,19.8,28.3,0.0,0.0,9.03,30.43,27.7,37,era5_archive
2021-07-03,36.7,21.2,28.5,0.0,0.0,8.63,30.49,29.7,37,era5_archive
2021-07-04,32.6,19.3,25.2,0.0,0.0,7.78,29.97,27.9,54,era5_archive
2021-07-05,33.0,19.9,25.1,0.0,0.0,6.9,28.55,25.3,62,era5_archive
2021-07-06,32.5,16.8,24.2,0.0,0.0,7.12,29.89,25.8,61,era5_archive
2021-07-07,34.3,16.9,25.5,0.0,0.0,7.47,29.95,23.0,55,era5_archive
2021-07-08,36.7,20.0,27.6,0.0,0.0,7.59,30.05,24.0,42,era5_archive
2021-07-09,35.2,18.9,26.6,0.0,0.0,7.88,30.15,26.2,51,era5_archive
2021-07-10,34.4,18.9,26.0,0.0,0.0,7.43,29.41,27.9,60,era5_archive
2021-07-11,35.5,19.2,26.4,0.0,0.0,7.43,29.34,26.1,58,era5_archive
2021-07-12,35.3,20.1,27.0,0.0,0.0,7.68,29.86,26.1,52,era5_archive
2021-07-13,35.0,19.5,26.4,0.0,0.0,7.79,29.67,30.1,56,era5_archive
2021-07-14,34.6,18.5,25.8,0.0,0.0,7.52,29.46,29.3,59,era5_archive
2021-07-15,34.9,20.0,26.5,0.0,0.0,7.59,28.76,30.2,63,era5_archive
2021-07-16,35.6,19.9,27.1,0.0,0.0,7.83,29.05,28.7,56,era5_archive
2021-07-17,36.4,20.2,27.9,0.0,0.0,7.83,28.97,26.2,50,era5_archive
2021-07-18,39.0,21.6,30.1,0.0,0.0,7.91,29.99,20.4,29,era5_archive
2021-07-19,39.2,21.4,30.2,0.0,0.0,8.82,29.1,24.5,32,era5_archive
2021-07-20,36.0,21.2,27.4,0.0,0.0,8.04,28.42,26.0,53,era5_archive
2021-07-21,33.6,19.8,25.6,0.0,0.0,7.39,28.58,27.7,62,era5_archive
2021-07-22,32.7,20.3,25.0,0.0,0.0,6.91,27.93,27.7,65,era5_archive
2021-07-23,33.0,19.3,25.2,0.0,0.0,6.87,27.93,27.6,64,era5_archive
2021-07-24,31.4,19.6,24.9,0.0,0.0,5.93,24.79,27.6,69,era5_archive
2021-07-25,35.4,20.7,27.1,0.0,0.0,6.7,27.82,24.5,63,era5_archive
2021-07-26,35.4,20.7,27.5,0.0,0.0,7.58,28.22,26.5,59,era5_archive
2021-07-27,35.0,19.5,26.7,0.0,0.0,7.75,29.28,28.1,56,era5_archive
2021-07-28,35.2,19.6,26.9,0.0,0.0,7.95,28.54,29.7,56,era5_archive
2021-07-29,35.4,21.1,26.9,0.0,0.0,7.62,27.77,29.6,58,era5_archive
2021-07-30,34.7,19.7,26.4,0.0,0.0,7.19,28.05,26.3,62,era5_archive
2021-07-31,35.5,19.6,26.6,0.0,0.0,7.66,28.4,27.3,54,era5_archive
2021-08-01,36.1,19.7,27.9,0.0,0.0,7.98,28.58,28.1,42,era5_archive
2021-08-02,36.7,20.7,28.4,0.0,0.0,8.41,28.32,26.6,37,era5_archive
2021-08-03,38.2,20.3,29.6,0.0,0.0,7.96,29.0,26.8,27,era5_archive
2021-08-04,38.5,22.4,30.4,0.0,0.0,8.34,28.39,24.8,30,era5_archive
2021-08-05,37.5,21.5,29.6,0.0,0.0,8.52,27.99,28.6,31,era5_archive
2021-08-06,36.4,22.5,29.5,0.0,0.0,9.0,26.91,31.4,25,era5_archive
2021-08-07,37.9,21.3,30.0,0.0,0.0,8.22,28.12,25.0,27,era5_archive
2021-08-08,34.0,20.7,26.7,0.0,0.0,7.15,27.53,26.6,60,era5_archive
2021-08-09,33.5,20.6,26.1,0.0,0.0,6.7,26.47,24.7,65,era5_archive
2021-08-10,33.6,21.1,26.5,0.0,0.0,6.7,26.3,24.5,64,era5_archive
2021-08-11,34.8,19.8,26.7,0.0,0.0,6.96,27.17,24.4,59,era5_archive
2021-08-12,33.7,19.7,26.5,0.0,0.0,7.0,26.86,23.9,59,era5_archive
2021-08-13,34.2,20.8,27.3,0.0,0.0,7.46,27.11,26.8,47,era5_archive
2021-08-14,34.5,19.9,27.2,0.0,0.0,7.5,27.41,25.0,46,era5_archive
2021-08-15,34.0,19.3,26.5,0.0,0.0,7.4,27.43,25.6,52,era5_archive
2021-08-16,33.1,19.8,25.7,0.0,0.0,7.15,26.32,29.1,57,era5_archive
2021-08-17,33.1,20.5,25.4,0.0,0.0,6.73,26.22,26.5,64,era5_archive
2021-08-18,32.7,18.6,24.6,0.0,0.0,6.72,27.24,25.2,64,era5_archive
2021-08-19,32.9,18.2,24.6,0.0,0.0,6.36,26.4,23.9,65,era5_archive
2021-08-20,36.6,17.9,26.4,0.0,0.0,6.39,27.03,20.3,56,era5_archive
2021-08-21,38.8,18.9,28.5,0.0,0.0,6.82,26.58,25.1,51,era5_archive
2021-08-22,35.7,20.2,27.0,0.0,0.0,7.06,26.19,28.1,60,era5_archive
2021-08-23,33.8,20.4,25.8,0.0,0.0,6.48,25.88,23.8,65,era5_archive
2021-08-24,34.7,17.0,25.7,0.0,0.0,6.56,26.71,17.6,54,era5_archive
2021-08-25,37.0,18.9,28.0,0.0,0.0,6.66,26.08,16.0,45,era5_archive
2021-08-26,38.8,21.1,29.3,0.0,0.0,6.7,25.89,15.8,46,era5_archive
2021-08-27,39.1,21.5,29.9,0.0,0.0,7.3,25.22,18.8,47,era5_archive
2021-08-28,37.8,23.0,29.3,0.0,0.0,7.59,25.36,23.1,42,era5_archive
2021-08-29,34.4,19.8,26.1,0.0,0.0,6.66,25.35,25.4,59,era5_archive
2021-08-30,34.6,17.4,25.6,0.0,0.0,6.63,25.5,23.3,61,era5_archive
2021-08-31,35.2,18.4,25.7,0.0,0.0,6.22,25.34,21.6,60,era5_archive
2021-09-01,36.5,18.9,26.8,0.0,0.0,6.61,25.06,21.0,50,era5_archive
2021-09-02,33.9,17.8,25.2,0.0,0.0,6.45,25.4,22.1,57,era5_archive
2021-09-03,33.7,18.6,24.9,0.0,0.0,6.08,25.08,20.7,65,era5_archive
2021-09-04,33.2,17.8,24.9,0.0,0.0,6.53,25.34,22.6,56,era5_archive
2021-09-05,33.1,18.5,24.6,0.0,0.0,6.03,24.88,24.6,57,era5_archive
2021-09-06,31.4,17.6,23.8,0.0,0.0,5.87,24.69,23.6,67,era5_archive
2021-09-07,31.0,16.6,23.4,0.0,0.0,5.65,24.35,21.1,68,era5_archive
2021-09-08,31.9,18.1,24.1,0.0,0.0,6.06,24.53,21.5,61,era5_archive
2021-09-09,33.9,17.6,26.0,0.0,0.0,6.91,24.34,26.0,44,era5_archive
2021-09-10,30.4,19.4,24.1,0.0,0.0,5.32,21.05,25.3,61,era5_archive
2021-09-11,28.7,18.8,22.6,0.0,0.0,5.54,22.63,25.7,64,era5_archive
2021-09-12,29.3,17.1,22.4,0.0,0.0,5.26,23.03,24.7,64,era5_archive
2021-09-13,31.3,17.6,23.9,0.0,0.0,5.65,23.59,22.4,58,era5_archive
2021-09-14,31.6,18.7,24.5,0.0,0.0,6.0,23.34,24.4,49,era5_archive
2021-09-15,29.4,17.2,22.9,0.0,0.0,4.9,20.75,24.8,66,era5_archive
2021-09-16,28.6,17.4,22.2,0.0,0.0,5.05,22.48,22.6,68,era5_archive
2021-09-17,29.7,14.9,22.1,0.0,0.0,5.27,23.35,16.6,61,era5_archive
2021-09-18,31.6,17.1,23.4,0.0,0.0,5.34,23.12,18.2,55,era5_archive
2021-09-19,31.9,17.3,23.6,0.0,0.0,5.58,23.11,18.7,56,era5_archive
2021-09-20,33.2,17.6,24.8,0.0,0.0,5.64,22.65,19.5,50,era5_archive
2021-09-21,33.8,19.0,26.0,0.0,0.0,5.7,22.6,18.7,43,era5_archive
2021-09-22,31.2,18.7,24.3,0.0,0.0,5.77,22.44,25.6,53,era5_archive
2021-09-23,28.4,16.8,22.1,0.0,0.0,4.85,18.96,34.2,67,era5_archive
2021-09-24,24.8,17.0,20.7,1.6,1.6,4.19,17.14,24.7,65,era5_archive
2021-09-25,27.8,13.8,20.7,0.0,0.0,4.62,21.93,10.5,53,era5_archive
2021-09-26,31.8,14.7,23.7,0.0,0.0,5.37,21.97,12.6,32,era5_archive
2021-09-27,32.3,17.5,23.7,0.0,0.0,5.68,21.29,29.3,41,era5_archive
2021-09-28,28.2,16.9,21.4,0.0,0.0,4.64,20.74,25.5,71,era5_archive
2021-09-29,28.6,15.7,21.5,0.0,0.0,4.62,20.62,23.5,71,era5_archive
2021-09-30,29.4,15.8,21.7,0.0,0.0,4.79,21.11,18.7,66,era5_archive
2021-10-01,31.7,16.6,23.3,0.0,0.0,4.8,20.88,16.6,55,era5_archive
2021-10-02,29.6,16.5,22.0,0.0,0.0,4.8,20.44,23.3,69,era5_archive
2021-10-03,26.5,17.4,20.8,0.0,0.0,3.92,16.76,22.6,73,era5_archive
2021-10-04,27.7,15.3,20.6,0.0,0.0,4.34,19.97,18.7,69,era5_archive
2021-10-05,27.9,14.5,20.3,0.0,0.0,4.74,20.68,19.0,60,era5_archive
2021-10-06,27.7,14.6,20.0,0.0,0.0,4.52,20.69,13.4,57,era5_archive
2021-10-07,30.0,13.6,21.6,0.0,0.0,4.47,20.22,11.8,39,era5_archive
2021-10-08,32.4,13.8,23.6,0.0,0.0,5.01,19.75,14.5,26,era5_archive
2021-10-09,31.8,15.4,23.0,0.0,0.0,4.84,19.86,15.8,41,era5_archive
2021-10-10,31.7,16.6,22.9,0.0,0.0,4.63,19.67,16.6,57,era5_archive
2021-10-11,31.2,15.5,23.1,0.0,0.0,4.67,19.43,15.9,39,era5_archive
2021-10-12,28.0,16.7,22.4,0.3,0.3,3.15,10.67,20.5,51,era5_archive
2021-10-13,29.1,17.4,22.1,0.6,0.6,3.8,14.57,14.7,55,era5_archive
2021-10-14,30.3,15.6,22.1,0.0,0.0,4.5,17.89,14.6,48,era5_archive
2021-10-15,32.1,17.5,23.6,0.0,0.0,4.35,17.15,16.8,45,era5_archive
2021-10-16,26.8,15.2,19.9,0.3,0.3,3.24,11.91,19.0,55,era5_archive
2021-10-17,25.0,14.4,19.0,0.0,0.0,3.82,16.0,25.3,63,era5_archive
2021-10-18,23.9,14.2,18.4,0.5,0.5,3.33,15.54,18.1,72,era5_archive
2021-10-19,23.6,14.2,18.1,0.0,0.0,3.61,16.87,24.0,68,era5_archive
2021-10-20,24.2,11.6,17.8,0.0,0.0,3.44,16.87,17.9,71,era5_archive
2021-10-21,25.7,12.0,18.4,0.0,0.0,3.5,17.15,9.4,61,era5_archive
2021-10-22,26.9,12.1,18.8,0.0,0.0,3.73,17.31,18.7,55,era5_archive
2021-10-23,25.2,12.0,18.0,0.0,0.0,3.84,17.3,21.5,67,era5_archive
2021-10-24,25.9,13.0,18.3,0.0,0.0,3.63,17.32,13.8,67,era5_archive
2021-10-25,25.8,13.6,18.5,0.0,0.0,3.41,17.07,14.1,63,era5_archive
2021-10-26,25.1,12.1,18.3,0.0,0.0,3.46,16.75,15.5,65,era5_archive
2021-10-27,26.0,13.4,18.7,0.0,0.0,3.69,16.64,15.1,63,era5_archive
2021-10-28,27.5,11.7,19.4,0.0,0.0,3.83,15.59,12.4,42,era5_archive
2021-10-29,29.0,15.6,21.0,0.0,0.0,4.94,14.9,22.7,33,era5_archive
2021-10-30,25.9,13.9,19.5,0.0,0.0,3.35,14.11,15.4,48,era5_archive
2021-10-31,19.4,14.9,16.8,4.6,4.6,1.44,4.45,21.0,71,era5_archive
2021-11-01,23.4,13.0,17.3,1.6,1.6,2.07,9.76,21.6,75,era5_archive
2021-11-02,23.4,12.8,17.3,0.0,0.0,2.76,13.94,17.9,75,era5_archive
2021-11-03,23.1,11.6,16.7,0.0,0.0,2.81,15.19,13.8,78,era5_archive
2021-11-04,23.9,11.7,17.3,0.0,0.0,2.96,15.53,10.1,70,era5_archive
2021-11-05,24.9,10.9,17.4,0.0,0.0,3.21,15.58,10.9,60,era5_archive
2021-11-06,26.4,11.9,18.2,0.0,0.0,3.79,15.54,11.9,44,era5_archive
2021-11-07,25.3,11.3,17.8,0.0,0.0,3.68,15.45,11.3,44,era5_archive
2021-11-08,24.4,12.1,18.2,0.0,0.0,4.42,15.49,20.3,33,era5_archive
2021-11-09,24.1,14.0,17.9,0.0,0.0,4.98,15.45,23.5,28,era5_archive
2021-11-10,25.0,12.2,16.9,0.0,0.0,4.79,15.39,25.4,34,era5_archive
2021-11-11,22.1,7.4,14.4,0.0,0.0,3.14,15.16,13.7,51,era5_archive
2021-11-12,21.8,8.3,15.1,0.0,0.0,4.33,14.68,23.5,32,era5_archive
2021-11-13,22.5,14.3,18.0,0.0,0.0,5.32,13.49,28.4,25,era5_archive
2021-11-14,22.8,15.3,18.1,0.2,0.2,3.8,6.54,21.8,31,era5_archive
2021-11-15,23.2,11.7,16.8,0.0,0.0,3.32,14.07,18.6,47,era5_archive
2021-11-16,23.3,10.3,16.5,0.0,0.0,3.23,13.91,11.2,43,era5_archive
2021-11-17,23.8,12.9,17.4,0.0,0.0,3.86,12.84,19.6,37,era5_archive
2021-11-18,23.1,11.2,16.2,0.0,0.0,3.29,13.68,14.4,47,era5_archive
2021-11-19,19.2,11.5,14.3,6.3,6.3,1.78,10.63,13.2,86,era5_archive
2021-11-20,16.1,10.2,12.4,0.7,0.7,1.41,8.91,18.7,85,era5_archive
2021-11-21,15.6,8.0,11.4,3.1,3.1,1.71,10.65,20.7,79,era5_archive
2021-11-22,17.0,7.1,11.0,0.0,0.0,1.99,13.3,11.3,79,era5_archive
2021-11-23,18.4,7.2,12.1,0.0,0.0,2.34,13.44,13.0,71,era5_archive
2021-11-24,18.7,9.4,13.1,0.0,0.0,2.61,13.02,22.9,65,era5_archive
2021-11-25,20.4,9.0,13.5,0.0,0.0,2.22,11.07,12.8,62,era5_archive
2021-11-26,19.8,8.3,13.5,0.0,0.0,2.21,13.02,9.4,71,era5_archive
2021-11-27,21.7,7.7,13.8,0.0,0.0,2.89,13.19,15.9,60,era5_archive
2021-11-28,22.4,12.5,16.0,0.0,0.0,3.51,13.04,20.3,47,era5_archive
2021-11-29,24.0,9.9,17.1,0.0,0.0,3.17,12.99,16.3,43,era5_archive
2021-11-30,24.4,12.6,17.5,0.0,0.0,4.15,12.69,24.4,43,era5_archive
2021-12-01,15.6,10.5,13.5,10.1,10.1,1.16,8.13,29.0,89,era5_archive
2021-12-02,16.1,6.7,11.5,0.1,0.1,1.76,10.83,18.0,78,era5_archive
2021-12-03,17.1,5.1,10.9,0.0,0.0,2.46,12.24,20.0,65,era5_archive
2021-12-04,18.7,10.9,13.7,0.0,0.0,2.98,10.07,22.8,47,era5_archive
2021-12-05,19.0,9.7,13.8,0.0,0.0,2.99,12.43,21.6,56,era5_archive
2021-12-06,18.5,7.6,12.6,0.0,0.0,2.6,12.48,20.5,69,era5_archive
2021-12-07,16.3,12.7,14.5,0.0,0.0,3.5,4.8,31.7,42,era5_archive
2021-12-08,14.9,9.3,11.9,1.1,1.1,2.98,12.19,30.8,54,era5_archive
2021-12-09,15.8,8.2,11.4,1.8,1.8,1.63,9.37,25.2,80,era5_archive
2021-12-10,17.2,6.1,11.3,0.0,0.0,2.54,12.49,26.0,66,era5_archive
2021-12-11,19.5,9.6,13.3,0.0,0.0,3.24,12.59,23.7,49,era5_archive
2021-12-12,21.8,8.1,14.0,0.0,0.0,3.2,11.13,20.5,47,era5_archive
2021-12-13,22.0,13.4,16.9,0.0,0.0,4.36,10.75,27.3,36,era5_archive
2021-12-14,20.5,11.0,15.4,0.0,0.0,3.37,12.11,16.8,42,era5_archive
2021-12-15,17.5,7.9,12.0,0.3,0.3,1.94,11.71,16.1,77,era5_archive
2021-12-16,15.9,4.4,9.3,0.0,0.0,1.86,11.38,11.5,71,era5_archive
2021-12-17,15.1,4.5,9.0,0.3,0.3,1.63,10.05,16.0,80,era5_archive
2021-12-18,13.7,6.1,8.9,1.1,1.1,1.62,10.56,21.5,77,era5_archive
2021-12-19,13.9,4.3,8.2,0.0,0.0,2.27,12.14,23.7,60,era5_archive
2021-12-20,10.3,4.6,7.0,7.3,6.9,1.73,9.64,31.2,69,era5_archive
2021-12-21,11.4,6.7,8.0,5.2,5.2,1.16,8.52,23.9,85,era5_archive
2021-12-22,13.1,7.0,9.4,2.9,2.9,1.05,7.15,17.9,86,era5_archive
2021-12-23,12.4,4.9,8.7,1.9,1.9,1.31,9.73,19.6,87,era5_archive
2021-12-24,11.7,4.9,8.4,0.6,0.6,1.37,9.78,20.8,83,era5_archive
2021-12-25,12.1,3.2,6.7,0.0,0.0,1.61,12.15,9.6,79,era5_archive
2021-12-26,13.5,1.3,6.7,0.0,0.0,1.88,12.46,14.7,69,era5_archive
2021-12-27,14.0,3.4,8.0,0.0,0.0,2.11,12.43,22.2,64,era5_archive
2021-12-28,14.5,5.4,8.9,0.0,0.0,2.14,10.1,22.7,59,era5_archive
2021-12-29,13.6,2.8,8.0,0.0,0.0,1.76,11.67,12.0,62,era5_archive
2021-12-30,14.4,4.2,9.1,0.0,0.0,2.12,11.51,15.2,63,era5_archive
2021-12-31,15.2,8.7,11.6,0.0,0.0,2.08,7.59,23.9,62,era5_archive
2022-01-01,15.0,8.1,11.2,2.7,2.7,1.75,8.59,19.6,71,era5_archive
2022-01-02,14.4,6.8,9.8,0.8,0.8,1.54,10.13,13.4,83,era5_archive
2022-01-03,13.4,5.9,9.1,0.3,0.3,1.36,8.97,15.3,84,era5_archive
2022-01-04,14.7,4.4,9.4,0.8,0.8,1.64,10.75,23.9,80,era5_archive
2022-01-05,14.9,6.7,9.8,0.0,0.0,1.27,8.44,10.1,87,era5_archive
2022-01-06,15.8,5.9,10.4,0.0,0.0,2.14,12.79,21.6,74,era5_archive
2022-01-07,16.0,5.1,10.5,0.0,0.0,2.18,13.0,19.9,70,era5_archive
2022-01-08,18.1,4.2,10.3,0.0,0.0,2.5,13.08,15.8,62,era5_archive
2022-01-09,18.8,9.4,12.6,0.0,0.0,2.56,12.53,20.2,61,era5_archive
2022-01-10,14.6,4.6,9.0,0.2,0.2,2.12,13.3,15.5,64,era5_archive
2022-01-11,15.5,3.0,8.3,0.0,0.0,2.26,13.2,12.2,59,era5_archive
2022-01-12,17.6,5.5,10.4,0.0,0.0,2.24,11.96,15.4,61,era5_archive
2022-01-13,16.5,5.5,10.1,0.0,0.0,2.28,10.92,17.8,54,era5_archive
2022-01-14,12.0,6.6,8.6,12.7,12.7,1.24,9.1,21.7,84,era5_archive
2022-01-15,10.7,4.9,7.5,1.9,1.9,1.12,7.23,20.7,83,era5_archive
2022-01-16,8.1,2.7,6.3,10.3,10.3,0.49,2.74,19.1,90,era5_archive
2022-01-17,7.3,-3.3,2.5,0.0,0.0,1.73,14.34,13.3,56,era5_archive
2022-01-18,8.1,-2.2,2.2,0.0,0.0,2.1,14.32,19.7,52,era5_archive
2022-01-19,8.0,1.0,4.0,9.7,9.6,1.16,6.58,30.7,78,era5_archive
2022-01-20,8.0,-2.9,2.4,0.0,0.0,1.58,12.35,25.1,72,era5_archive
2022-01-21,9.1,-2.0,3.2,0.0,0.0,1.67,13.97,14.5,76,era5_archive
2022-01-22,10.2,1.8,4.9,0.0,0.0,2.19,14.5,20.0,59,era5_archive
2022-01-23,12.2,1.3,6.1,2.5,2.5,1.71,11.21,26.3,76,era5_archive
2022-01-24,7.9,4.0,5.7,3.3,3.3,0.68,4.23,20.3,86,era5_archive
2022-01-25,11.0,-1.2,4.5,0.0,0.0,1.71,13.92,15.0,76,era5_archive
2022-01-26,10.0,0.3,5.0,4.7,4.3,1.59,11.06,24.7,75,era5_archive
2022-01-27,6.8,2.4,4.2,6.8,6.3,1.07,10.53,31.1,86,era5_archive
2022-01-28,9.0,4.5,6.1,17.8,17.8,1.15,9.77,21.9,87,era5_archive
2022-01-29,10.4,1.9,5.8,1.5,1.5,1.37,10.61,7.7,84,era5_archive
2022-01-30,12.7,0.9,5.9,0.0,0.0,2.2,15.06,15.3,69,era5_archive
2022-01-31,11.3,1.2,5.4,0.1,0.1,1.85,11.68,15.5,67,era5_archive
2022-02-01,12.5,2.0,6.6,0.3,0.3,1.55,10.62,13.6,80,era5_archive
2022-02-02,14.9,4.8,10.0,0.0,0.0,3.28,14.61,28.0,53,era5_archive
2022-02-03,16.5,4.8,10.7,1.0,1.0,3.11,15.19,22.5,52,era5_archive
2022-02-04,10.6,4.2,7.0,3.3,3.3,1.83,13.87,23.5,76,era5_archive
2022-02-05,11.2,5.3,8.0,0.4,0.4,1.63,12.45,20.0,82,era5_archive
2022-02-06,13.1,4.7,8.5,0.7,0.7,1.71,11.77,18.5,82,era5_archive
2022-02-07,14.7,5.9,9.9,0.5,0.5,1.68,10.59,12.2,81,era5_archive
2022-02-08,16.7,4.6,9.3,0.0,0.0,2.44,16.19,14.5,74,era5_archive
2022-02-09,16.9,5.1,9.5,3.8,3.8,2.89,16.36,25.9,65,era5_archive
2022-02-10,10.1,4.0,6.5,10.3,10.3,1.34,10.43,23.9,82,era5_archive
2022-02-11,12.3,2.1,6.8,0.2,0.2,1.99,14.77,12.4,80,era5_archive
2022-02-12,14.7,0.8,7.2,0.0,0.0,2.48,17.04,9.1,72,era5_archive
2022-02-13,16.8,3.0,9.1,0.0,0.0,2.95,17.51,19.0,59,era5_archive
2022-02-14,13.8,4.9,9.2,0.6,0.6,1.76,11.53,22.9,80,era5_archive
2022-02-15,14.5,6.1,9.3,0.2,0.2,1.85,12.04,15.9,84,era5_archive
2022-02-16,14.5,4.8,8.9,0.0,0.0,2.21,14.8,16.1,80,era5_archive
2022-02-17,16.3,3.2,9.6,0.0,0.0,2.64,16.51,16.6,66,era5_archive
2022-02-18,18.2,5.0,11.3,0.0,0.0,2.98,17.88,9.8,53,era5_archive
2022-02-19,13.9,6.3,9.3,1.2,1.2,1.58,8.77,21.7,71,era5_archive
2022-02-20,14.4,6.8,9.7,0.3,0.3,1.74,11.68,26.2,85,era5_archive
2022-02-21,15.2,8.2,10.7,0.2,0.2,1.96,13.06,21.1,83,era5_archive
2022-02-22,18.5,5.1,10.6,0.0,0.0,2.72,16.14,16.0,70,era5_archive
2022-02-23,22.7,5.3,13.8,0.0,0.0,4.3,18.25,20.0,46,era5_archive
2022-02-24,19.4,7.5,14.6,5.8,5.8,4.41,18.19,25.4,50,era5_archive
2022-02-25,12.1,6.2,8.5,13.2,13.2,1.55,10.49,29.4,80,era5_archive
2022-02-26,13.5,6.2,9.7,5.4,5.4,1.67,11.44,20.5,83,era5_archive
2022-02-27,15.9,5.6,10.6,0.0,0.0,2.5,16.57,9.8,77,era5_archive
2022-02-28,17.2,6.1,11.0,0.0,0.0,2.93,19.12,12.3,73,era5_archive
2022-03-01,18.6,5.7,11.7,0.0,0.0,2.98,18.31,17.6,72,era5_archive
2022-03-02,21.4,7.7,14.0,0.0,0.0,2.59,11.67,20.1,64,era5_archive
2022-03-03,13.2,7.1,10.5,4.7,4.7,2.23,15.43,40.6,73,era5_archive
2022-03-04,13.1,5.5,8.6,0.2,0.2,2.24,14.53,30.2,74,era5_archive
2022-03-05,15.1,2.9,8.8,0.0,0.0,2.89,20.01,9.5,72,era5_archive
2022-03-06,21.2,5.3,11.4,0.6,0.6,2.9,15.44,14.3,61,era5_archive
2022-03-07,16.8,3.4,10.1,0.0,0.0,3.18,20.42,19.9,71,era5_archive
2022-03-08,16.8,6.7,11.5,0.0,0.0,2.63,15.64,10.0,70,era5_archive
2022-03-09,15.8,9.2,11.8,2.9,2.9,1.97,11.15,20.9,77,era5_archive
2022-03-10,14.1,5.7,9.7,8.5,8.5,2.29,13.71,30.2,77,era5_archive
2022-03-11,9.3,4.5,6.6,5.4,5.4,1.83,13.69,49.0,76,era5_archive
2022-03-12,8.8,1.5,5.7,2.1,2.1,1.62,10.31,25.0,75,era5_archive
2022-03-13,10.4,0.4,5.1,1.2,1.2,1.69,12.52,26.1,79,era5_archive
2022-03-14,8.1,-0.5,3.9,0.0,0.0,2.02,15.21,23.2,70,era5_archive
2022-03-15,7.3,-1.3,2.8,1.1,0.5,2.2,18.45,28.2,66,era5_archive
2022-03-16,10.4,-2.0,3.8,0.0,0.0,2.55,19.34,20.4,64,era5_archive
2022-03-17,13.2,-2.4,5.2,0.0,0.0,3.02,21.83,20.5,67,era5_archive
2022-03-18,12.4,2.8,7.9,1.2,1.2,1.76,13.35,21.8,82,era5_archive
2022-03-19,12.9,3.6,8.1,0.9,0.9,2.36,16.42,29.3,78,era5_archive
2022-03-20,10.3,0.4,5.0,0.0,0.0,2.54,19.3,11.6,68,era5_archive
2022-03-21,11.5,1.7,5.8,3.8,3.6,2.13,13.91,11.2,65,era5_archive
2022-03-22,12.5,-0.5,5.9,0.0,0.0,2.97,20.57,17.3,62,era5_archive
2022-03-23,11.3,0.4,6.0,3.8,3.7,2.35,18.14,18.8,69,era5_archive
2022-03-24,11.7,0.5,6.0,13.4,12.4,2.22,18.54,32.6,78,era5_archive
2022-03-25,9.5,3.5,6.6,17.0,16.4,1.85,15.63,27.4,80,era5_archive
2022-03-26,14.5,2.8,8.4,0.2,0.2,3.37,23.22,20.9,67,era5_archive
2022-03-27,14.8,3.7,9.2,0.3,0.3,2.75,18.06,19.6,75,era5_archive
2022-03-28,18.7,1.5,10.2,0.0,0.0,4.04,24.07,13.4,63,era5_archive
2022-03-29,21.5,9.8,15.3,0.0,0.0,6.13,22.83,29.9,30,era5_archive
2022-03-30,21.3,8.8,15.2,0.0,0.0,5.18,24.18,22.9,45,era5_archive
2022-03-31,23.4,5.9,14.1,0.0,0.0,4.56,24.54,10.9,50,era5_archive
2022-04-01,28.3,10.5,19.7,0.0,0.0,6.81,24.45,24.2,25,era5_archive
2022-04-02,30.6,15.7,22.1,0.0,0.0,6.78,24.15,18.1,27,era5_archive
2022-04-03,25.3,14.3,19.3,0.0,0.0,4.5,18.68,15.7,36,era5_archive
2022-04-04,27.3,10.6,18.8,0.0,0.0,5.68,24.89,15.9,36,era5_archive
2022-04-05,29.5,11.1,19.7,0.0,0.0,6.28,24.85,17.3,29,era5_archive
2022-04-06,31.2,13.5,21.3,0.0,0.0,7.85,24.84,36.8,30,era5_archive
2022-04-07,24.4,9.4,17.2,0.0,0.0,4.9,24.36,22.0,61,era5_archive
2022-04-08,28.3,11.4,20.7,0.0,0.0,6.26,19.25,31.2,40,era5_archive
2022-04-09,24.1,10.3,15.6,0.0,0.0,4.46,24.52,18.0,73,era5_archive
2022-04-10,29.9,9.9,19.1,0.0,0.0,5.95,25.18,26.1,46,era5_archive
2022-04-11,23.9,11.5,17.5,0.0,0.0,5.2,25.38,26.5,48,era5_archive
2022-04-12,17.1,9.0,12.5,0.0,0.0,4.02,23.71,27.0,65,era5_archive
2022-04-13,20.0,5.1,12.2,0.0,0.0,4.37,25.83,14.5,66,era5_archive
2022-04-14,23.3,6.6,15.0,0.0,0.0,5.04,25.28,15.7,51,era5_archive
2022-04-15,25.1,7.3,16.4,0.0,0.0,5.53,26.2,20.3,38,era5_archive
2022-04-16,25.8,7.2,17.1,0.0,0.0,5.6,26.91,12.7,31,era5_archive
2022-04-17,30.0,10.5,21.0,0.0,0.0,7.6,25.61,23.7,19,era5_archive
2022-04-18,36.1,19.4,26.4,0.0,0.0,10.26,21.47,34.3,13,era5_archive
2022-04-19,21.0,11.4,17.3,0.0,0.0,4.19,18.24,30.0,57,era5_archive
2022-04-20,20.7,7.9,13.9,0.0,0.0,4.49,25.52,22.1,69,era5_archive
2022-04-21,23.2,8.0,14.8,0.0,0.0,5.15,27.22,13.5,57,era5_archive
2022-04-22,30.2,8.2,19.7,0.0,0.0,6.06,24.91,14.2,32,era5_archive
2022-04-23,32.7,15.6,24.3,0.0,0.0,7.45,24.94,23.6,25,era5_archive
2022-04-24,29.3,17.2,22.6,1.1,1.1,5.3,20.01,16.0,39,era5_archive
2022-04-25,30.2,14.8,22.4,0.3,0.3,6.11,26.07,15.0,40,era5_archive
2022-04-26,30.2,15.5,22.7,0.0,0.0,6.29,24.75,15.9,32,era5_archive
2022-04-27,31.3,15.1,22.7,0.0,0.0,6.63,25.1,19.9,33,era5_archive
2022-04-28,29.1,14.2,21.8,0.0,0.0,5.86,25.51,21.2,37,era5_archive
2022-04-29,31.2,18.0,24.0,0.0,0.0,6.98,26.8,21.4,36,era5_archive
2022-04-30,33.2,16.8,25.0,0.0,0.0,9.69,27.45,35.9,33,era5_archive
2022-05-01,25.0,12.2,17.9,0.0,0.0,5.33,26.62,29.5,67,era5_archive
2022-05-02,28.3,11.8,19.4,0.2,0.2,5.85,25.93,20.1,59,era5_archive
2022-05-03,33.6,17.5,24.1,0.0,0.0,8.2,26.83,30.6,31,era5_archive
2022-05-04,24.6,13.1,18.4,0.0,0.0,5.56,26.1,29.8,56,era5_archive
2022-05-05,21.8,11.4,15.6,0.2,0.2,4.31,20.11,30.2,64,era5_archive
2022-05-06,20.1,10.9,14.9,0.5,0.5,4.75,23.1,29.9,60,era5_archive
2022-05-07,21.7,9.7,15.3,0.0,0.0,4.93,23.56,28.8,59,era5_archive
2022-05-08,23.2,8.0,16.0,0.0,0.0,5.48,28.21,14.8,59,era5_archive
2022-05-09,27.0,11.2,19.6,0.2,0.2,5.91,27.35,15.9,38,era5_archive
2022-05-10,25.4,13.0,19.2,0.0,0.0,6.83,28.4,24.8,37,era5_archive
2022-05-11,25.6,11.2,18.7,0.0,0.0,6.01,26.54,25.0,43,era5_archive
2022-05-12,24.6,10.9,17.6,0.0,0.0,6.07,28.59,24.1,46,era5_archive
2022-05-13,30.0,12.0,21.2,0.0,0.0,6.06,28.29,12.9,32,era5_archive
2022-05-14,34.5,16.4,26.2,0.0,0.0,8.26,26.31,24.2,23,era5_archive
2022-05-15,27.6,14.3,22.1,0.0,0.0,6.97,26.11,35.3,43,era5_archive
2022-05-16,25.4,12.5,18.5,0.0,0.0,5.62,26.22,23.2,62,era5_archive
2022-05-17,28.4,13.9,20.2,0.0,0.0,6.4,28.79,22.8,54,era5_archive
2022-05-18,29.3,12.4,20.9,0.0,0.0,6.64,29.07,20.9,46,era5_archive
2022-05-19,29.3,13.6,21.6,0.0,0.0,6.92,29.4,22.7,40,era5_archive
2022-05-20,31.5,13.3,23.3,0.0,0.0,6.86,28.77,12.2,30,era5_archive
2022-05-21,33.6,17.7,26.1,0.0,0.0,7.85,25.6,22.7,23,era5_archive
2022-05-22,25.0,15.4,20.7,0.0,0.0,6.47,26.8,27.7,47,era5_archive
2022-05-23,25.0,13.3,18.8,0.0,0.0,5.96,27.44,32.4,56,era5_archive
2022-05-24,28.0,12.6,20.1,0.0,0.0,6.58,28.92,28.0,54,era5_archive
2022-05-25,30.4,13.9,22.6,0.0,0.0,6.55,28.56,21.3,39,era5_archive
2022-05-26,32.3,15.1,24.9,0.0,0.0,6.92,29.37,15.9,30,era5_archive
2022-05-27,34.3,19.0,26.9,0.0,0.0,7.02,27.67,13.2,25,era5_archive
2022-05-28,35.8,18.7,27.6,0.0,0.0,7.39,26.78,15.6,24,era5_archive
2022-05-29,37.3,19.6,28.0,0.0,0.0,7.44,26.13,27.1,28,era5_archive
2022-05-30,36.8,19.4,28.0,0.0,0.0,8.62,28.86,24.8,31,era5_archive
2022-05-31,34.5,18.9,26.1,0.0,0.0,8.32,29.64,25.7,35,era5_archive
2022-06-01,34.1,16.5,24.3,0.0,0.0,7.24,29.52,24.7,46,era5_archive
2022-06-02,30.8,15.9,23.0,0.0,0.0,7.06,29.55,26.3,51,era5_archive
2022-06-03,33.1,17.7,24.4,0.0,0.0,7.37,29.77,22.8,38,era5_archive
2022-06-04,33.5,17.5,25.2,0.0,0.0,7.65,29.96,22.2,31,era5_archive
2022-06-05,33.8,18.9,25.5,0.0,0.0,7.31,29.35,24.0,31,era5_archive
2022-06-06,30.9,16.4,23.7,0.0,0.0,7.55,30.19,21.9,39,era5_archive
2022-06-07,30.7,16.5,23.5,0.0,0.0,6.9,29.49,22.4,53,era5_archive
2022-06-08,31.8,16.2,23.9,0.0,0.0,7.32,29.93,24.8,50,era5_archive
2022-06-09,32.7,16.8,25.0,0.0,0.0,7.71,30.18,25.0,41,era5_archive
2022-06-10,33.7,18.5,26.4,0.0,0.0,8.26,30.43,24.6,31,era5_archive
2022-06-11,35.4,17.6,27.3,0.0,0.0,8.55,30.21,26.9,29,era5_archive
2022-06-12,32.1,19.0,25.6,0.0,0.0,8.02,29.73,27.9,37,era5_archive
2022-06-13,27.8,17.2,21.8,0.7,0.7,5.33,21.96,26.1,65,era5_archive
2022-06-14,30.0,16.1,22.2,0.0,0.0,6.44,28.36,24.2,63,era5_archive
2022-06-15,30.3,16.4,22.8,0.0,0.0,6.65,30.18,21.3,61,era5_archive
2022-06-16,35.4,15.4,25.6,0.0,0.0,7.11,30.25,18.4,51,era5_archive
2022-06-17,39.4,19.4,28.4,0.0,0.0,7.98,29.93,25.0,45,era5_archive
2022-06-18,34.3,19.6,26.1,0.0,0.0,7.82,29.83,26.3,52,era5_archive
2022-06-19,32.9,17.4,24.5,0.0,0.0,7.48,30.26,24.6,54,era5_archive
2022-06-20,31.9,14.6,22.7,0.0,0.0,7.29,31.04,25.8,56,era5_archive
2022-06-21,28.7,16.5,21.5,0.0,0.0,6.63,29.88,31.0,66,era5_archive
2022-06-22,29.9,16.9,22.5,0.0,0.0,6.83,28.06,29.8,60,era5_archive
2022-06-23,33.0,17.7,24.9,0.0,0.0,7.33,29.87,25.2,59,era5_archive
2022-06-24,34.2,19.2,26.5,0.0,0.0,8.02,30.12,26.2,41,era5_archive
2022-06-25,30.2,19.3,24.6,0.0,0.0,7.37,27.75,33.1,45,era5_archive
2022-06-26,30.3,16.7,23.0,0.2,0.2,7.15,29.38,30.2,60,era5_archive
2022-06-27,31.1,16.8,23.9,0.0,0.0,7.09,29.46,23.3,55,era5_archive
2022-06-28,32.5,18.8,25.0,0.0,0.0,7.19,30.28,22.9,45,era5_archive
2022-06-29,32.7,17.9,24.7,0.0,0.0,7.43,30.37,24.6,49,era5_archive
2022-06-30,32.3,18.3,24.5,0.0,0.0,7.49,30.43,24.9,49,era5_archive
2022-07-01,31.4,18.3,24.3,0.0,0.0,7.4,30.33,25.9,52,era5_archive
2022-07-02,31.7,16.7,23.8,0.0,0.0,7.02,29.77,28.9,65,era5_archive
2022-07-03,32.8,18.2,24.8,0.0,0.0,6.97,28.82,26.0,65,era5_archive
2022-07-04,33.6,18.5,25.5,0.0,0.0,7.55,29.49,28.2,58,era5_archive
2022-07-05,32.6,18.6,25.4,0.0,0.0,8.04,30.09,27.8,49,era5_archive
2022-07-06,31.5,17.5,24.3,0.0,0.0,7.33,29.76,28.6,56,era5_archive
2022-07-07,33.1,17.3,24.4,0.0,0.0,7.39,29.7,27.5,58,era5_archive
2022-07-08,33.6,17.1,25.3,0.0,0.0,7.67,30.59,24.1,45,era5_archive
2022-07-09,33.3,18.0,25.3,0.0,0.0,7.81,30.32,27.9,44,era5_archive
2022-07-10,32.5,18.8,24.5,0.1,0.1,7.16,29.03,26.6,62,era5_archive
2022-07-11,31.2,19.1,24.0,0.4,0.4,6.76,29.61,24.3,66,era5_archive
2022-07-12,33.3,16.3,24.1,0.0,0.0,6.99,30.06,22.8,66,era5_archive
2022-07-13,33.5,17.3,24.8,0.0,0.0,7.44,29.79,27.2,63,era5_archive
2022-07-14,32.8,16.9,24.1,0.0,0.0,7.11,29.3,28.6,62,era5_archive
2022-07-15,32.7,18.1,24.5,0.0,0.0,6.94,28.59,28.3,65,era5_archive
2022-07-16,32.5,17.8,24.3,0.0,0.0,7.16,29.95,25.3,59,era5_archive
2022-07-17,33.6,16.5,24.9,0.0,0.0,7.24,29.69,22.7,55,era5_archive
2022-07-18,35.7,18.2,26.1,0.0,0.0,7.25,29.07,24.6,61,era5_archive
2022-07-19,37.9,18.7,27.8,0.0,0.0,7.6,29.23,23.5,49,era5_archive
2022-07-20,35.8,22.1,27.9,0.0,0.0,8.16,29.32,26.4,43,era5_archive
2022-07-21,33.2,18.5,25.5,0.0,0.0,7.47,29.79,26.5,60,era5_archive
2022-07-22,33.9,17.8,25.3,0.0,0.0,7.25,29.37,25.6,63,era5_archive
2022-07-23,34.6,18.3,25.5,0.0,0.0,7.52,29.61,26.5,56,era5_archive
2022-07-24,34.9,18.4,25.9,0.0,0.0,7.41,28.95,26.6,58,era5_archive
2022-07-25,34.7,20.0,26.4,0.0,0.0,7.38,29.48,24.8,50,era5_archive
2022-07-26,34.2,18.9,26.2,0.0,0.0,7.84,29.66,25.2,45,era5_archive
2022-07-27,36.8,19.9,27.2,0.0,0.0,7.62,29.57,23.7,39,era5_archive
2022-07-28,39.2,19.1,28.8,0.0,0.0,7.48,29.13,26.0,44,era5_archive
2022-07-29,39.1,20.9,29.2,0.0,0.0,8.56,28.93,26.5,37,era5_archive
2022-07-30,36.5,20.5,27.6,0.0,0.0,8.33,28.54,26.9,42,era5_archive
2022-07-31,34.4,18.6,25.9,0.0,0.0,7.28,28.27,25.0,55,era5_archive
2022-08-01,33.8,16.9,25.0,0.0,0.0,6.84,28.62,25.7,63,era5_archive
2022-08-02,34.6,19.0,26.3,0.0,0.0,7.09,28.0,23.3,63,era5_archive
2022-08-03,36.9,20.1,28.1,0.0,0.0,7.26,28.27,20.1,44,era5_archive
2022-08-04,38.7,21.4,30.2,0.0,0.0,7.7,27.35,19.3,40,era5_archive
2022-08-05,38.1,22.2,29.4,0.0,0.0,7.91,27.35,25.5,50,era5_archive
2022-08-06,36.0,21.7,28.4,0.0,0.0,7.6,27.2,24.6,49,era5_archive
2022-08-07,35.0,20.8,27.0,0.0,0.0,7.33,27.12,23.4,52,era5_archive
2022-08-08,33.5,20.0,25.9,0.0,0.0,6.92,27.27,23.3,53,era5_archive
2022-08-09,32.9,18.2,24.9,0.0,0.0,6.67,27.23,25.2,62,era5_archive
2022-08-10,32.4,19.4,25.0,0.0,0.0,6.55,26.69,24.8,66,era5_archive
2022-08-11,32.3,19.9,25.3,0.0,0.0,6.58,26.45,24.3,66,era5_archive
2022-08-12,33.6,18.8,25.3,0.0,0.0,6.95,27.62,23.4,58,era5_archive
2022-08-13,31.9,18.4,24.1,0.0,0.0,6.51,27.25,27.8,68,era5_archive
2022-08-14,32.0,19.8,24.7,0.6,0.6,6.23,25.98,26.1,69,era5_archive
2022-08-15,32.6,19.2,24.7,0.0,0.0,6.55,26.96,21.3,64,era5_archive
2022-08-16,35.9,16.5,25.6,0.0,0.0,6.84,27.01,20.0,55,era5_archive
2022-08-17,35.7,18.7,26.4,0.0,0.0,7.0,26.79,21.4,54,era5_archive
2022-08-18,35.8,18.6,26.3,0.0,0.0,6.95,26.88,21.9,50,era5_archive
2022-08-19,32.9,18.6,25.1,0.0,0.0,6.69,27.01,23.5,57,era5_archive
2022-08-20,32.5,18.1,24.7,0.0,0.0,6.44,27.11,28.2,63,era5_archive
2022-08-21,33.9,19.3,26.1,0.0,0.0,6.86,25.92,27.4,59,era5_archive
2022-08-22,32.6,17.8,25.0,0.0,0.0,6.66,26.7,24.6,51,era5_archive
2022-08-23,31.8,19.3,24.6,0.1,0.1,6.09,25.01,26.2,67,era5_archive
2022-08-24,34.0,18.3,25.1,0.0,0.0,6.83,27.0,20.4,55,era5_archive
2022-08-25,34.5,19.4,27.3,0.0,0.0,7.08,25.74,20.5,36,era5_archive
2022-08-26,35.6,20.3,28.1,0.0,0.0,6.54,25.82,18.3,38,era5_archive
2022-08-27,39.2,19.5,28.8,0.0,0.0,6.76,25.89,20.6,48,era5_archive
2022-08-28,40.1,21.0,31.0,0.0,0.0,7.63,26.09,16.0,24,era5_archive
2022-08-29,40.7,22.8,31.7,0.0,0.0,7.08,25.52,18.7,29,era5_archive
2022-08-30,41.3,21.7,31.4,0.0,0.0,7.05,25.53,17.0,35,era5_archive
2022-08-31,41.4,21.4,30.5,0.0,0.0,7.05,23.79,23.5,42,era5_archive
2022-09-01,38.5,21.0,28.4,0.0,0.0,6.24,22.49,24.2,58,era5_archive
2022-09-02,39.5,20.3,28.3,0.0,0.0,6.26,23.44,24.2,61,era5_archive
2022-09-03,36.7,21.0,27.7,0.0,0.0,6.26,24.17,23.4,67,era5_archive
2022-09-04,34.8,20.6,26.4,0.0,0.0,6.13,24.24,22.4,66,era5_archive
2022-09-05,33.4,19.9,25.6,0.0,0.0,6.1,24.25,23.6,65,era5_archive
2022-09-06,31.0,19.0,24.0,0.1,0.1,5.66,23.67,25.1,70,era5_archive
2022-09-07,31.0,19.3,24.3,0.0,0.0,5.51,23.72,20.6,66,era5_archive
2022-09-08,33.1,18.3,25.3,0.0,0.0,5.55,24.25,14.5,62,era5_archive
2022-09-09,36.8,18.5,27.2,0.0,0.0,6.82,24.26,20.8,50,era5_archive
2022-09-10,35.2,18.3,26.1,0.0,0.0,6.62,24.14,22.0,49,era5_archive
2022-09-11,34.0,17.3,24.7,0.0,0.0,6.23,24.64,21.2,55,era5_archive
2022-09-12,32.8,17.1,23.9,0.0,0.0,6.04,24.47,23.2,56,era5_archive
2022-09-13,31.1,18.5,23.8,0.1,0.1,5.39,22.62,24.6,72,era5_archive
2022-09-14,29.9,18.8,23.4,0.0,0.0,5.38,22.97,22.8,67,era5_archive
2022-09-15,29.8,15.1,22.5,0.0,0.0,5.22,23.75,14.1,59,era5_archive
2022-09-16,33.9,16.1,24.9,0.0,0.0,5.58,23.27,15.9,51,era5_archive
2022-09-17,35.7,18.4,26.2,0.0,0.0,5.81,23.19,20.6,49,era5_archive
2022-09-18,32.8,17.4,24.3,0.0,0.0,5.64,22.4,27.4,66,era5_archive
2022-09-19,30.4,19.1,23.1,0.0,0.0,4.92,21.02,26.4,73,era5_archive
2022-09-20,29.8,17.7,22.4,0.0,0.0,4.95,21.19,26.2,72,era5_archive
2022-09-21,28.1,17.4,21.7,0.0,0.0,5.03,21.39,26.0,66,era5_archive
2022-09-22,28.0,15.1,21.5,0.0,0.0,5.11,21.99,20.6,60,era5_archive
2022-09-23,30.7,15.9,22.8,0.0,0.0,4.95,19.86,21.3,59,era5_archive
2022-09-24,32.2,17.3,24.1,0.0,0.0,5.62,21.63,20.6,46,era5_archive
2022-09-25,32.4,18.6,25.2,0.0,0.0,5.74,21.48,20.3,37,era5_archive
2022-09-26,33.3,19.3,25.9,0.0,0.0,6.03,21.58,21.2,29,era5_archive
2022-09-27,31.4,18.6,24.8,0.0,0.0,5.86,21.55,21.3,36,era5_archive
2022-09-28,29.8,15.9,22.4,0.0,0.0,5.72,21.69,24.8,47,era5_archive
2022-09-29,32.3,17.5,24.2,0.0,0.0,5.64,20.78,24.5,55,era5_archive
2022-09-30,35.2,17.2,25.7,0.0,0.0,5.22,20.99,14.3,48,era5_archive
2022-10-01,35.2,19.1,26.9,0.0,0.0,5.87,20.61,21.7,40,era5_archive
2022-10-02,32.8,17.5,24.8,0.0,0.0,5.31,20.67,20.7,54,era5_archive
2022-10-03,33.2,17.3,24.3,0.0,0.0,4.87,20.58,19.3,56,era5_archive
2022-10-04,33.3,17.8,24.3,0.0,0.0,4.67,19.76,16.1,66,era5_archive
2022-10-05,32.5,17.2,23.4,0.0,0.0,4.67,19.47,20.8,65,era5_archive
2022-10-06,32.6,16.0,23.3,0.0,0.0,4.69,19.87,20.4,50,era5_archive
2022-10-07,28.7,16.7,21.7,0.0,0.0,4.39,19.28,19.6,65,era5_archive
2022-10-08,26.2,15.5,20.3,0.0,0.0,4.41,19.36,20.1,61,era5_archive
2022-10-09,25.9,14.6,19.6,0.0,0.0,4.06,18.73,16.2,64,era5_archive
2022-10-10,26.2,12.5,19.4,0.0,0.0,4.03,19.51,10.8,61,era5_archive
2022-10-11,29.1,15.3,21.2,0.0,0.0,4.23,19.36,16.2,57,era5_archive
2022-10-12,29.6,15.6,21.6,0.0,0.0,4.3,18.81,17.9,59,era5_archive
2022-10-13,25.9,14.7,19.6,0.0,0.0,3.52,15.26,19.9,74,era5_archive
2022-10-14,26.0,13.0,19.0,0.0,0.0,3.67,18.16,17.3,70,era5_archive
2022-10-15,26.0,13.4,19.5,0.0,0.0,3.46,17.96,8.7,66,era5_archive
2022-10-16,30.1,14.9,21.8,0.0,0.0,4.49,17.63,12.9,43,era5_archive
2022-10-17,29.0,15.1,21.7,0.0,0.0,4.27,17.1,20.0,49,era5_archive
2022-10-18,27.3,14.5,20.1,0.0,0.0,3.64,17.6,12.4,63,era5_archive
2022-10-19,29.0,15.2,20.8,0.0,0.0,3.93,17.15,17.9,63,era5_archive
2022-10-20,25.4,14.0,19.6,4.2,4.2,3.74,17.31,18.2,69,era5_archive
2022-10-21,24.9,15.7,19.3,4.6,4.6,2.43,11.21,18.9,74,era5_archive
2022-10-22,24.9,15.1,19.4,0.0,0.0,3.29,15.95,13.3,70,era5_archive
2022-10-23,26.9,12.7,18.8,0.1,0.1,3.54,16.43,22.1,67,era5_archive
2022-10-24,26.1,12.4,18.6,0.0,0.0,3.45,16.86,12.8,65,era5_archive
2022-10-25,25.9,13.5,19.9,0.6,0.6,3.69,11.04,26.7,58,era5_archive
2022-10-26,25.1,14.7,19.0,1.5,1.5,3.24,12.64,26.6,62,era5_archive
2022-10-27,25.9,12.5,18.4,0.0,0.0,3.71,16.7,17.3,63,era5_archive
2022-10-28,26.8,11.9,19.0,0.0,0.0,3.52,16.5,10.9,52,era5_archive
2022-10-29,28.3,12.8,20.1,0.0,0.0,3.8,15.93,10.5,44,era5_archive
2022-10-30,26.9,15.4,20.3,0.0,0.0,3.67,15.84,13.4,49,era5_archive
2022-10-31,23.9,13.3,18.3,0.0,0.0,3.3,15.24,16.5,72,era5_archive
2022-11-01,23.1,11.4,16.9,0.0,0.0,3.06,15.21,15.4,72,era5_archive
2022-11-02,22.2,12.0,16.6,0.0,0.0,2.91,14.86,18.1,68,era5_archive
2022-11-03,23.2,10.1,16.5,0.0,0.0,3.14,15.75,15.0,67,era5_archive
2022-11-04,23.5,10.4,16.8,0.0,0.0,3.06,15.12,13.5,61,era5_archive
2022-11-05,25.3,10.2,17.3,0.0,0.0,3.69,15.37,14.7,47,era5_archive
2022-11-06,25.8,13.2,19.3,0.0,0.0,4.41,15.31,21.1,37,era5_archive
2022-11-07,21.2,12.0,16.4,0.5,0.5,2.59,12.5,19.7,75,era5_archive
2022-11-08,19.8,11.5,15.2,2.4,2.4,2.5,13.22,19.7,73,era5_archive
2022-11-09,17.5,9.4,13.4,2.0,2.0,1.65,9.98,13.5,85,era5_archive
2022-11-10,20.1,9.2,14.1,0.0,0.0,2.49,14.15,9.2,71,era5_archive
2022-11-11,23.0,8.5,15.3,0.0,0.0,3.07,14.37,15.7,57,era5_archive
2022-11-12,22.9,9.1,16.0,0.0,0.0,2.96,13.09,18.4,60,era5_archive
2022-11-13,24.1,10.1,15.9,0.1,0.1,2.46,12.06,22.8,67,era5_archive
2022-11-14,21.7,12.4,16.2,2.1,2.1,1.92,10.19,14.5,78,era5_archive
2022-11-15,22.0,12.4,15.8,0.4,0.4,2.35,12.58,15.0,77,era5_archive
2022-11-16,19.5,10.1,14.2,0.1,0.1,2.34,11.68,18.8,72,era5_archive
2022-11-17,19.7,9.1,13.7,0.0,0.0,2.21,11.54,16.2,74,era5_archive
2022-11-18,20.2,8.2,13.9,0.0,0.0,2.37,12.89,12.2,69,era5_archive
2022-11-19,21.0,9.6,14.4,0.0,0.0,2.94,13.83,14.1,56,era5_archive
2022-11-20,21.5,11.5,15.9,0.0,0.0,4.04,14.12,24.0,45,era5_archive
2022-11-21,21.4,11.5,16.2,0.0,0.0,4.04,12.84,26.2,48,era5_archive
2022-11-22,21.4,14.1,16.4,0.3,0.3,2.87,9.81,25.3,63,era5_archive
2022-11-23,22.1,7.8,14.7,0.0,0.0,2.57,13.73,8.8,64,era5_archive
2022-11-24,18.4,9.7,14.0,4.9,4.9,1.57,8.87,17.9,79,era5_archive
2022-11-25,17.0,9.6,12.7,6.1,6.1,1.97,10.75,25.1,78,era5_archive
2022-11-26,15.9,8.9,12.4,4.4,4.4,1.76,9.81,23.8,78,era5_archive
2022-11-27,17.8,6.7,11.7,0.0,0.0,1.93,10.01,19.0,74,era5_archive
2022-11-28,20.4,7.8,14.3,0.0,0.0,2.31,12.4,20.1,74,era5_archive
2022-11-29,16.1,8.8,12.3,18.7,18.7,1.03,6.37,9.3,90,era5_archive
2022-11-30,17.8,8.8,12.6,0.7,0.7,1.52,9.06,17.4,85,era5_archive
2022-12-01,18.2,7.9,11.9,0.0,0.0,2.09,13.0,14.2,77,era5_archive
2022-12-02,18.5,6.8,11.7,0.0,0.0,2.16,12.87,13.6,72,era5_archive
2022-12-03,18.4,7.2,11.7,0.0,0.0,2.07,11.71,15.2,72,era5_archive
2022-12-04,18.4,6.9,11.8,0.0,0.0,1.99,11.82,13.0,70,era5_archive
2022-12-05,17.5,7.8,12.3,0.1,0.1,1.76,10.45,17.0,75,era5_archive
2022-12-06,17.5,6.6,11.4,0.2,0.2,1.67,10.95,6.9,79,era5_archive
2022-12-07,17.0,7.0,11.3,0.0,0.0,1.78,11.38,11.7,76,era5_archive
2022-12-08,18.1,7.6,12.0,0.0,0.0,2.02,12.38,9.4,68,era5_archive
2022-12-09,18.4,6.6,11.8,0.0,0.0,1.94,12.11,9.8,74,era5_archive
2022-12-10,17.9,4.5,10.7,0.0,0.0,1.96,12.43,10.7,77,era5_archive
2022-12-11,18.0,5.6,10.6,0.0,0.0,2.03,12.33,16.1,73,era5_archive
2022-12-12,19.0,5.8,12.1,0.0,0.0,2.19,12.01,13.3,67,era5_archive
2022-12-13,18.6,9.8,13.1,0.0,0.0,2.15,10.11,14.7,60,era5_archive
2022-12-14,16.9,7.5,11.0,0.1,0.1,1.43,8.24,10.5,78,era5_archive
2022-12-15,19.0,7.9,12.3,0.0,0.0,1.82,11.01,11.9,81,era5_archive
2022-12-16,18.9,7.5,12.3,0.0,0.0,1.93,12.11,9.4,79,era5_archive
2022-12-17,19.9,6.9,12.3,0.0,0.0,1.96,12.08,9.5,74,era5_archive
2022-12-18,20.1,6.7,12.1,0.0,0.0,2.39,12.36,13.8,57,era5_archive
2022-12-19,18.5,6.1,11.1,0.0,0.0,2.69,12.51,20.0,50,era5_archive
2022-12-20,17.7,6.6,11.2,0.0,0.0,2.48,12.34,16.9,56,era5_archive
2022-12-21,17.4,5.7,11.1,0.4,0.4,1.98,11.93,16.3,70,era5_archive
2022-12-22,15.9,8.0,10.8,0.5,0.5,1.8,10.63,15.5,79,era5_archive
2022-12-23,12.6,5.1,9.1,0.0,0.0,0.94,5.29,14.1,77,era5_archive
2022-12-24,15.3,4.3,9.0,0.1,0.1,1.67,11.43,14.0,81,era5_archive
2022-12-25,15.3,5.7,10.0,1.7,1.7,1.6,9.82,11.4,79,era5_archive
2022-12-26,11.1,7.3,8.8,15.2,15.2,0.65,4.01,20.4,90,era5_archive
2022-12-27,13.1,6.5,9.0,0.0,0.0,1.44,9.94,17.6,79,era5_archive
2022-12-28,14.2,2.9,7.8,0.0,0.0,1.65,11.8,11.5,80,era5_archive
2022-12-29,12.6,3.5,7.4,0.0,0.0,1.48,11.78,18.0,84,era5_archive
2022-12-30,15.0,3.3,8.7,0.0,0.0,1.96,11.2,20.7,71,era5_archive
2022-12-31,15.0,6.9,10.1,0.0,0.0,1.59,8.2,19.5,68,era5_archive
2023-01-01,14.3,5.7,9.9,0.0,0.0,1.64,8.89,24.5,73,era5_archive
2023-01-02,15.0,6.6,10.2,1.0,1.0,2.13,7.62,24.7,58,era5_archive
2023-01-03,16.2,5.3,10.7,10.4,10.4,1.8,9.94,19.5,72,era5_archive
2023-01-04,13.3,4.3,8.5,0.0,0.0,1.81,11.18,21.1,69,era5_archive
2023-01-05,14.7,6.1,9.8,0.0,0.0,1.75,11.64,19.9,78,era5_archive
2023-01-06,14.7,4.7,8.7,0.2,0.2,1.12,7.35,11.4,85,era5_archive
2023-01-07,14.5,7.1,10.1,2.1,2.1,1.32,8.36,13.5,84,era5_archive
2023-01-08,15.3,4.9,9.0,0.0,0.0,1.89,11.88,13.1,73,era5_archive
2023-01-09,14.1,4.4,7.8,0.1,0.1,1.67,11.98,19.4,80,era5_archive
2023-01-10,11.5,2.8,6.3,0.0,0.0,1.25,11.17,22.4,86,era5_archive
2023-01-11,13.2,4.3,7.9,0.0,0.0,2.05,12.86,20.2,71,era5_archive
2023-01-12,12.5,4.2,7.4,0.0,0.0,1.91,10.9,24.9,67,era5_archive
2023-01-13,13.2,4.8,8.2,0.1,0.1,1.79,10.9,15.5,70,era5_archive
2023-01-14,13.4,4.5,7.8,0.3,0.3,1.49,9.02,19.4,75,era5_archive
2023-01-15,14.4,5.2,8.5,0.0,0.0,1.73,9.56,17.0,72,era5_archive
2023-01-16,14.3,5.2,8.7,0.1,0.1,1.68,11.08,18.4,75,era5_archive
2023-01-17,14.6,3.2,9.1,0.0,0.0,1.85,12.76,9.6,75,era5_archive
2023-01-18,15.7,3.0,8.8,0.0,0.0,2.12,13.6,13.0,71,era5_archive
2023-01-19,16.0,6.0,9.9,0.0,0.0,2.66,14.01,21.3,61,era5_archive
2023-01-20,17.9,6.6,10.5,0.0,0.0,2.84,14.16,21.3,58,era5_archive
2023-01-21,19.1,4.2,10.3,0.0,0.0,2.28,13.99,11.0,71,era5_archive
2023-01-22,19.0,4.7,10.7,0.0,0.0,2.22,14.12,10.9,74,era5_archive
2023-01-23,18.8,5.2,11.2,0.0,0.0,2.33,13.93,14.1,71,era5_archive
2023-01-24,17.1,4.9,10.5,0.0,0.0,2.54,13.99,15.6,63,era5_archive
2023-01-25,16.4,5.7,10.7,0.0,0.0,2.35,13.96,16.5,62,era5_archive
2023-01-26,16.4,4.9,9.9,0.0,0.0,2.51,14.48,16.9,59,era5_archive
2023-01-27,18.6,7.5,12.6,0.0,0.0,4.16,14.54,30.1,43,era5_archive
2023-01-28,21.3,10.9,14.5,0.0,0.0,4.01,10.53,33.5,43,era5_archive
2023-01-29,16.1,7.6,11.5,0.0,0.0,2.21,12.76,16.1,74,era5_archive
2023-01-30,15.0,7.0,9.9,1.5,1.5,1.91,11.69,22.3,79,era5_archive
2023-01-31,10.5,5.8,7.7,11.8,11.8,1.12,7.19,26.0,83,era5_archive
2023-02-01,13.3,5.8,8.2,16.4,16.4,1.6,8.83,38.8,79,era5_archive
2023-02-02,11.6,4.6,7.4,0.6,0.6,2.13,13.15,33.9,72,era5_archive
2023-02-03,10.8,4.2,7.1,2.4,2.4,1.24,8.94,7.5,83,era5_archive
2023-02-04,11.4,4.4,7.5,6.4,6.4,1.48,10.08,26.3,80,era5_archive
2023-02-05,13.7,5.8,8.8,4.2,4.2,2.04,13.48,25.8,76,era5_archive
2023-02-06,10.5,5.2,7.3,3.9,3.9,1.78,9.33,36.0,71,era5_archive
2023-02-07,8.0,4.7,5.9,20.9,20.3,1.16,9.85,31.3,85,era5_archive
2023-02-08,7.3,0.5,4.3,4.8,4.1,1.42,12.88,30.7,81,era5_archive
2023-02-09,9.3,1.4,5.2,0.0,0.0,1.64,12.37,12.5,71,era5_archive
2023-02-10,12.2,1.4,6.1,0.8,0.8,2.22,14.66,20.5,64,era5_archive
2023-02-11,12.1,-2.3,4.9,0.0,0.0,2.19,14.55,13.4,70,era5_archive
2023-02-12,11.6,0.2,5.4,0.0,0.0,2.11,15.83,14.1,74,era5_archive
2023-02-13,12.1,-0.2,5.8,0.0,0.0,2.16,15.17,8.7,71,era5_archive
2023-02-14,12.6,1.1,6.3,0.0,0.0,2.26,16.29,9.7,66,era5_archive
2023-02-15,11.0,0.2,5.4,0.1,0.1,2.06,15.84,22.3,72,era5_archive
2023-02-16,11.8,-0.4,6.0,0.0,0.0,2.07,14.14,9.3,64,era5_archive
2023-02-17,14.0,-0.5,6.3,0.0,0.0,2.53,17.27,10.2,61,era5_archive
2023-02-18,15.6,0.4,7.1,0.0,0.0,2.82,17.96,17.5,58,era5_archive
2023-02-19,17.3,3.4,9.0,0.0,0.0,3.49,18.39,18.8,44,era5_archive
2023-02-20,19.6,5.5,11.2,0.0,0.0,3.89,18.3,19.0,41,era5_archive
2023-02-21,15.7,5.8,10.1,0.0,0.0,2.66,18.02,15.9,76,era5_archive
2023-02-22,19.2,3.6,10.7,0.0,0.0,3.2,18.47,15.2,63,era5_archive
2023-02-23,16.0,4.6,9.5,0.0,0.0,2.67,17.27,20.6,77,era5_archive
2023-02-24,16.4,5.4,10.3,0.0,0.0,2.52,16.05,15.5,71,era5_archive
2023-02-25,18.1,4.1,11.1,0.0,0.0,2.95,18.05,13.2,71,era5_archive
2023-02-26,21.8,5.2,13.1,0.0,0.0,3.34,18.78,12.2,62,era5_archive
2023-02-27,22.9,8.0,16.2,0.0,0.0,5.18,19.07,23.7,33,era5_archive
2023-02-28,22.8,13.1,17.0,0.0,0.0,5.62,19.35,24.8,29,era5_archive
2023-03-01,24.6,11.3,16.7,0.0,0.0,5.18,19.53,25.0,31,era5_archive
2023-03-02,26.8,12.3,17.9,0.0,0.0,5.2,19.77,18.2,30,era5_archive
2023-03-03,22.3,10.0,17.1,0.0,0.0,5.45,19.83,26.8,40,era5_archive
2023-03-04,22.9,7.4,14.5,0.0,0.0,3.81,20.0,11.2,57,era5_archive
2023-03-05,29.2,10.9,19.4,0.0,0.0,6.24,19.03,26.6,27,era5_archive
2023-03-06,19.2,9.7,14.5,0.1,0.1,3.8,17.98,28.5,59,era5_archive
2023-03-07,18.4,6.6,12.5,0.3,0.3,3.01,18.55,13.3,66,era5_archive
2023-03-08,17.9,7.7,11.8,0.1,0.1,3.55,19.09,27.4,62,era5_archive
2023-03-09,17.7,5.9,11.5,0.0,0.0,3.29,18.91,20.6,72,era5_archive
2023-03-10,20.5,5.0,12.5,0.0,0.0,3.71,21.27,8.3,55,era5_archive
2023-03-11,23.6,8.4,15.9,0.0,0.0,5.45,21.38,25.6,32,era5_archive
2023-03-12,25.7,11.0,17.3,0.0,0.0,5.41,21.25,17.3,33,era5_archive
2023-03-13,23.8,11.4,16.6,0.0,0.0,4.76,19.6,22.2,42,era5_archive
2023-03-14,16.0,9.6,11.9,9.7,9.7,1.19,6.63,15.5,83,era5_archive
2023-03-15,14.7,8.4,10.9,2.9,2.9,2.49,16.89,29.0,80,era5_archive
2023-03-16,18.6,6.5,11.7,0.0,0.0,3.46,21.41,13.0,69,era5_archive
2023-03-17,21.8,5.8,13.3,0.0,0.0,4.37,21.93,22.3,57,era5_archive
2023-03-18,20.1,7.4,12.3,0.7,0.7,3.58,19.96,29.8,67,era5_archive
2023-03-19,14.7,8.2,10.6,15.4,15.4,2.34,15.9,25.2,79,era5_archive
2023-03-20,13.6,7.7,9.9,16.1,16.1,2.26,16.52,20.5,80,era5_archive
2023-03-21,15.8,7.1,11.2,0.7,0.7,2.71,17.2,28.2,78,era5_archive
2023-03-22,18.2,8.4,12.7,0.0,0.0,3.49,22.02,15.6,74,era5_archive
2023-03-23,19.4,8.3,13.7,0.0,0.0,2.11,9.1,13.2,62,era5_archive
2023-03-24,24.5,8.8,16.4,0.0,0.0,4.19,20.75,14.9,57,era5_archive
2023-03-25,21.4,11.8,15.6,2.6,2.6,3.04,14.77,17.1,68,era5_archive
2023-03-26,18.7,10.8,13.7,0.9,0.9,3.28,19.86,30.6,78,era5_archive
2023-03-27,18.1,9.6,13.2,0.3,0.3,3.37,20.31,19.6,75,era5_archive
2023-03-28,21.9,5.6,13.3,0.0,0.0,4.1,23.43,17.7,69,era5_archive
2023-03-29,19.1,9.4,13.7,0.0,0.0,4.13,21.84,33.1,59,era5_archive
2023-03-30,12.4,6.5,9.3,0.5,0.5,2.54,12.8,29.3,66,era5_archive
2023-03-31,13.4,3.9,8.2,0.0,0.0,3.61,23.27,34.2,59,era5_archive
2023-04-01,16.4,1.7,9.3,0.0,0.0,3.55,23.37,20.8,68,era5_archive
2023-04-02,21.1,4.7,12.5,0.0,0.0,4.17,24.12,20.7,69,era5_archive
2023-04-03,26.2,6.0,16.2,0.0,0.0,5.36,24.55,17.0,44,era5_archive
2023-04-04,29.1,14.9,20.2,0.0,0.0,7.69,25.01,29.8,20,era5_archive
2023-04-05,19.8,9.1,14.3,0.0,0.0,4.71,24.53,28.3,60,era5_archive
2023-04-06,19.3,8.2,13.3,0.0,0.0,4.0,23.76,20.7,69,era5_archive
2023-04-07,27.3,8.6,17.6,0.0,0.0,6.45,24.28,28.8,37,era5_archive
2023-04-08,28.5,10.0,19.1,0.0,0.0,4.57,19.68,13.7,35,era5_archive
2023-04-09,31.9,16.6,24.1,0.0,0.0,7.14,18.39,25.6,22,era5_archive
2023-04-10,29.5,15.6,21.5,5.3,5.3,5.66,19.95,26.3,47,era5_archive
2023-04-11,17.9,9.3,14.9,4.7,4.7,2.58,14.37,25.7,74,era5_archive
2023-04-12,13.4,6.3,9.6,4.6,4.6,1.86,11.56,28.4,77,era5_archive
2023-04-13,14.2,7.1,10.1,18.2,18.2,1.98,12.87,30.0,80,era5_archive
2023-04-14,19.3,4.6,12.3,0.0,0.0,4.42,25.73,14.2,63,era5_archive
2023-04-15,24.2,8.9,16.7,0.0,0.0,4.85,23.0,19.6,48,era5_archive
2023-04-16,26.4,12.7,19.3,0.0,0.0,5.65,24.86,20.2,45,era5_archive
2023-04-17,28.8,11.9,20.9,0.0,0.0,5.64,23.95,23.3,46,era5_archive
2023-04-18,30.4,15.7,22.7,0.0,0.0,7.43,24.26,32.6,33,era5_archive
2023-04-19,31.1,13.2,21.7,0.0,0.0,6.55,25.14,25.7,38,era5_archive
2023-04-20,23.0,10.9,18.0,0.0,0.0,5.05,25.2,31.6,56,era5_archive
2023-04-21,21.2,8.4,14.4,0.0,0.0,4.72,26.44,19.5,67,era5_archive
2023-04-22,25.5,7.6,16.6,0.0,0.0,5.21,26.52,18.8,54,era5_archive
2023-04-23,25.4,12.6,18.1,0.0,0.0,5.48,25.54,20.1,46,era5_archive
2023-04-24,23.4,11.5,16.7,0.0,0.0,5.51,26.92,25.5,47,era5_archive
2023-04-25,23.9,7.4,15.4,0.0,0.0,5.33,27.42,19.7,53,era5_archive
2023-04-26,25.0,10.3,16.8,0.0,0.0,5.68,27.51,19.5,45,era5_archive
2023-04-27,26.5,8.6,17.6,0.0,0.0,6.13,27.41,25.3,39,era5_archive
2023-04-28,24.6,11.7,16.4,0.2,0.2,5.09,24.4,28.6,49,era5_archive
2023-04-29,18.4,9.5,12.8,4.9,4.9,3.25,18.6,25.6,71,era5_archive
2023-04-30,17.8,8.2,12.6,0.8,0.8,3.38,17.59,23.5,65,era5_archive
2023-05-01,21.6,7.1,14.0,0.0,0.0,4.84,27.29,16.4,63,era5_archive
2023-05-02,25.2,9.1,17.4,0.0,0.0,5.55,26.87,17.9,52,era5_archive
2023-05-03,28.0,10.7,19.8,0.0,0.0,6.01,27.31,12.9,42,era5_archive
2023-05-04,30.5,13.2,22.7,0.0,0.0,7.32,27.71,21.3,23,era5_archive
2023-05-05,34.9,18.8,25.4,0.2,0.2,9.99,25.24,38.2,21,era5_archive
2023-05-06,25.4,14.6,19.1,0.1,0.1,5.99,26.51,28.6,47,era5_archive
2023-05-07,23.2,12.1,17.1,0.0,0.0,4.41,20.23,24.8,58,era5_archive
2023-05-08,22.6,11.0,16.3,0.0,0.0,4.68,24.28,23.0,70,era5_archive
2023-05-09,26.6,10.2,18.1,0.0,0.0,5.57,27.94,21.2,60,era5_archive
2023-05-10,30.8,11.3,22.0,0.0,0.0,6.36,27.99,17.5,42,era5_archive
2023-05-11,35.7,15.4,25.4,0.0,0.0,8.66,27.95,30.7,25,era5_archive
2023-05-12,31.3,16.3,23.5,0.0,0.0,7.5,26.21,31.6,34,era5_archive
2023-05-13,24.7,13.0,18.2,0.0,0.0,5.32,26.44,29.1,67,era5_archive
2023-05-14,30.0,10.7,19.6,0.0,0.0,6.01,28.41,21.3,62,era5_archive
2023-05-15,31.1,13.7,23.1,0.0,0.0,5.96,28.59,11.4,38,era5_archive
2023-05-16,34.0,15.8,25.6,0.0,0.0,7.9,28.71,26.1,23,era5_archive
2023-05-17,36.2,18.2,27.0,0.0,0.0,8.67,28.5,30.3,21,era5_archive
2023-05-18,26.9,14.2,20.3,0.0,0.0,6.13,27.11,26.6,53,era5_archive
2023-05-19,24.3,12.2,17.3,0.2,0.2,5.35,26.54,26.1,65,era5_archive
2023-05-20,24.0,12.5,17.6,0.0,0.0,4.85,22.73,25.0,65,era5_archive
2023-05-21,27.3,11.0,19.4,0.0,0.0,5.57,28.1,10.6,53,era5_archive
2023-05-22,32.0,18.7,24.8,0.0,0.0,9.16,29.2,30.7,29,era5_archive
2023-05-23,28.9,14.7,21.8,0.0,0.0,7.06,28.94,21.3,43,era5_archive
2023-05-24,32.7,16.0,23.8,0.0,0.0,7.86,27.31,24.0,26,era5_archive
2023-05-25,29.9,15.5,22.4,0.0,0.0,7.14,28.69,27.0,35,era5_archive
2023-05-26,30.1,13.4,21.8,0.0,0.0,6.68,28.33,24.0,36,era5_archive
2023-05-27,34.8,18.6,25.7,0.3,0.3,7.93,20.34,33.0,23,era5_archive
2023-05-28,27.2,18.5,22.0,1.7,1.7,5.54,19.76,32.0,56,era5_archive
2023-05-29,26.7,16.4,20.2,6.1,6.1,4.62,22.99,22.3,68,era5_archive
2023-05-30,28.0,14.2,20.6,0.0,0.0,6.12,27.6,22.5,53,era5_archive
2023-05-31,29.0,14.4,21.7,0.0,0.0,6.89,29.51,23.8,42,era5_archive
2023-06-01,34.2,15.4,25.0,0.0,0.0,7.87,28.18,26.0,29,era5_archive
2023-06-02,36.2,21.0,27.5,0.3,0.3,6.76,22.45,24.4,32,era5_archive
2023-06-03,35.5,19.1,27.0,0.0,0.0,8.41,28.62,28.7,35,era5_archive
2023-06-04,30.0,14.5,21.8,0.0,0.0,6.72,29.5,23.3,56,era5_archive
2023-06-05,29.0,14.0,21.4,0.0,0.0,6.93,30.06,21.5,49,era5_archive
2023-06-06,30.7,13.4,21.6,0.0,0.0,6.88,30.12,24.2,52,era5_archive
2023-06-07,30.8,15.4,22.8,0.0,0.0,7.02,30.0,21.4,53,era5_archive
2023-06-08,33.9,15.2,25.1,0.0,0.0,6.31,23.41,25.8,42,era5_archive
2023-06-09,33.6,20.9,26.7,0.4,0.4,6.63,21.42,27.1,37,era5_archive
2023-06-10,32.0,19.7,25.9,0.0,0.0,7.67,27.42,26.6,42,era5_archive
2023-06-11,29.8,16.0,22.5,0.0,0.0,6.88,29.74,25.5,58,era5_archive
2023-06-12,30.4,14.6,22.1,0.0,0.0,6.9,29.44,28.9,56,era5_archive
2023-06-13,30.3,15.4,22.5,0.5,0.5,6.16,26.06,24.9,60,era5_archive
2023-06-14,31.5,18.2,23.9,0.0,0.0,7.16,29.68,26.9,47,era5_archive
2023-06-15,28.9,16.2,21.6,0.0,0.0,6.39,28.91,28.0,66,era5_archive
2023-06-16,31.7,15.4,23.0,0.0,0.0,6.92,29.46,27.8,61,era5_archive
2023-06-17,37.2,19.1,27.1,0.0,0.0,8.68,30.0,30.2,42,era5_archive
2023-06-18,28.4,17.3,21.9,0.1,0.1,6.5,29.33,25.6,64,era5_archive
2023-06-19,28.1,15.3,20.9,0.0,0.0,6.47,29.7,26.0,65,era5_archive
2023-06-20,29.2,15.9,21.7,0.0,0.0,6.18,28.27,24.3,67,era5_archive
2023-06-21,31.3,14.9,22.9,0.0,0.0,6.98,30.32,21.1,61,era5_archive
2023-06-22,32.4,15.9,23.7,0.0,0.0,7.26,30.65,24.8,57,era5_archive
2023-06-23,33.5,15.7,24.3,0.0,0.0,7.29,30.51,21.2,54,era5_archive
2023-06-24,34.6,17.4,25.9,0.0,0.0,7.86,30.89,21.9,37,era5_archive
2023-06-25,34.1,16.4,25.4,0.0,0.0,8.21,30.99,25.4,39,era5_archive
2023-06-26,31.6,17.4,24.0,0.0,0.0,7.89,31.05,26.6,46,era5_archive
2023-06-27,32.4,15.7,23.4,0.0,0.0,7.39,30.48,28.4,59,era5_archive
2023-06-28,33.1,16.9,24.4,0.0,0.0,7.58,30.48,25.5,54,era5_archive
2023-06-29,31.7,17.7,23.7,0.0,0.0,7.06,29.04,28.0,60,era5_archive
2023-06-30,32.0,17.0,23.6,0.0,0.0,7.18,29.55,26.0,60,era5_archive
2023-07-01,33.4,17.3,24.6,0.0,0.0,7.25,29.34,27.2,59,era5_archive
2023-07-02,33.2,17.2,24.4,0.0,0.0,7.37,30.2,24.2,57,era5_archive
2023-07-03,34.4,16.4,24.6,0.0,0.0,7.51,30.25,23.1,55,era5_archive
2023-07-04,35.7,19.1,26.7,0.0,0.0,8.26,30.3,27.7,43,era5_archive
2023-07-05,34.9,21.3,26.9,0.0,0.0,8.3,30.46,28.3,39,era5_archive
2023-07-06,32.9,17.2,24.1,0.0,0.0,7.26,30.32,27.6,60,era5_archive
2023-07-07,31.8,17.9,24.0,0.0,0.0,7.05,29.71,28.1,66,era5_archive
2023-07-08,33.5,18.5,25.1,0.0,0.0,7.42,29.49,28.8,61,era5_archive
2023-07-09,33.6,17.7,25.3,0.0,0.0,7.43,29.64,27.1,62,era5_archive
2023-07-10,32.4,17.7,24.8,0.0,0.0,6.97,27.92,26.9,61,era5_archive
2023-07-11,34.7,18.0,26.2,0.0,0.0,7.51,29.43,21.3,53,era5_archive
2023-07-12,38.3,22.1,29.8,0.0,0.0,8.05,29.94,21.1,30,era5_archive
2023-07-13,38.8,21.1,30.6,0.0,0.0,8.84,29.69,21.7,24,era5_archive
2023-07-14,38.0,22.5,30.5,0.0,0.0,9.24,30.06,22.7,22,era5_archive
2023-07-15,38.4,21.6,29.5,0.0,0.0,8.95,30.0,23.9,33,era5_archive
2023-07-16,39.1,20.0,29.3,0.0,0.0,8.86,30.06,26.5,36,era5_archive
2023-07-17,37.7,22.7,29.5,0.0,0.0,9.13,29.85,27.1,35,era5_archive
2023-07-18,37.1,21.7,28.8,0.0,0.0,8.78,29.69,26.6,35,era5_archive
2023-07-19,37.0,21.6,28.5,0.0,0.0,8.71,30.03,26.3,32,era5_archive
2023-07-20,37.3,23.3,28.9,0.0,0.0,8.45,29.72,24.5,31,era5_archive
2023-07-21,36.7,21.3,28.1,0.0,0.0,8.43,29.95,24.8,30,era5_archive
2023-07-22,36.9,19.9,27.7,0.0,0.0,8.27,29.76,26.6,43,era5_archive
2023-07-23,38.2,21.1,29.1,0.0,0.0,8.39,29.39,26.9,45,era5_archive
2023-07-24,38.3,21.5,29.2,0.0,0.0,9.06,29.11,30.8,42,era5_archive
2023-07-25,37.3,21.2,29.5,0.0,0.0,8.81,29.1,27.6,37,era5_archive
2023-07-26,37.2,23.8,29.9,0.0,0.0,8.5,29.19,23.3,30,era5_archive
2023-07-27,38.2,20.9,29.9,0.0,0.0,8.93,29.58,28.7,27,era5_archive
2023-07-28,37.7,20.2,29.0,0.0,0.0,8.96,29.61,26.3,29,era5_archive
2023-07-29,37.0,20.9,28.0,0.0,0.0,8.27,29.0,26.1,45,era5_archive
2023-07-30,34.3,19.1,25.8,0.0,0.0,7.1,28.69,26.2,64,era5_archive
2023-07-31,36.2,18.5,27.1,0.0,0.0,7.23,28.53,18.7,56,era5_archive
2023-08-01,36.8,21.3,28.7,0.0,0.0,7.81,28.47,22.9,44,era5_archive
2023-08-02,35.3,21.8,27.9,0.0,0.0,8.24,28.69,26.1,36,era5_archive
2023-08-03,34.7,19.9,26.5,0.0,0.0,7.81,29.15,26.1,41,era5_archive
2023-08-04,33.8,18.4,25.4,0.0,0.0,7.4,28.25,31.3,59,era5_archive
2023-08-05,34.7,19.9,26.1,0.0,0.0,7.49,26.86,34.6,59,era5_archive
2023-08-06,34.2,19.8,26.6,0.0,0.0,8.03,28.37,30.0,48,era5_archive
2023-08-07,35.6,20.8,27.0,0.0,0.0,8.04,28.48,31.3,44,era5_archive
2023-08-08,33.9,18.3,25.5,0.0,0.0,7.0,28.1,27.0,61,era5_archive
2023-08-09,34.5,18.7,25.5,0.0,0.0,6.94,28.04,23.7,61,era5_archive
2023-08-10,34.3,18.7,25.6,0.0,0.0,6.79,27.75,22.8,63,era5_archive
2023-08-11,36.1,18.4,26.5,0.0,0.0,7.08,27.46,20.3,59,era5_archive
2023-08-12,43.6,19.0,30.5,0.0,0.0,7.34,26.15,18.7,47,era5_archive
2023-08-13,45.0,22.6,33.5,0.0,0.0,7.17,20.63,22.5,37,era5_archive
2023-08-14,43.7,22.3,32.3,0.0,0.0,7.16,21.38,21.7,46,era5_archive
2023-08-15,37.4,22.2,28.3,0.0,0.0,7.14,26.53,25.5,66,era5_archive
2023-08-16,36.6,21.9,27.9,0.0,0.0,6.74,25.84,23.0,66,era5_archive
2023-08-17,38.5,20.9,28.4,0.0,0.0,6.94,26.46,20.3,63,era5_archive
2023-08-18,39.0,21.3,29.0,0.0,0.0,7.28,26.73,22.9,59,era5_archive
2023-08-19,38.5,21.3,29.0,0.0,0.0,7.23,26.45,22.9,56,era5_archive
2023-08-20,37.1,21.3,28.1,0.0,0.0,7.13,26.2,22.4,59,era5_archive
2023-08-21,34.9,20.0,26.4,0.0,0.0,6.75,26.47,22.7,58,era5_archive
2023-08-22,36.8,18.0,27.2,0.0,0.0,6.87,26.61,17.9,50,era5_archive
2023-08-23,38.5,19.7,28.1,0.0,0.0,7.07,26.29,20.0,49,era5_archive
2023-08-24,35.0,19.6,26.2,0.0,0.0,6.94,26.51,23.6,58,era5_archive
2023-08-25,33.6,19.2,25.1,0.0,0.0,6.12,24.43,26.0,68,era5_archive
2023-08-26,33.5,21.1,25.7,0.0,0.0,6.06,24.15,27.8,70,era5_archive
2023-08-27,32.2,19.8,25.0,0.0,0.0,6.34,25.61,26.7,67,era5_archive
2023-08-28,30.7,20.1,24.6,0.0,0.0,6.26,24.76,28.7,65,era5_archive
2023-08-29,30.9,19.5,24.4,0.5,0.5,5.64,22.65,29.7,68,era5_archive
2023-08-30,34.1,19.3,25.9,0.0,0.0,6.78,24.99,27.8,59,era5_archive
2023-08-31,36.2,18.1,27.1,0.0,0.0,6.85,25.5,25.2,44,era5_archive
2023-09-01,35.4,20.6,27.7,0.0,0.0,6.87,25.32,22.2,43,era5_archive
2023-09-02,32.5,19.0,24.7,0.0,0.0,6.4,25.46,25.4,58,era5_archive
2023-09-03,32.3,19.8,25.0,0.0,0.0,5.91,24.04,21.9,65,era5_archive
2023-09-04,35.1,17.3,25.6,0.0,0.0,5.92,24.76,19.4,57,era5_archive
2023-09-05,36.7,19.4,27.1,0.0,0.0,6.37,24.61,17.7,52,era5_archive
2023-09-06,35.7,19.9,27.8,0.0,0.0,6.78,24.42,18.9,38,era5_archive
2023-09-07,35.5,20.6,27.0,0.0,0.0,7.17,24.84,20.6,33,era5_archive
2023-09-08,37.8,22.0,29.7,0.0,0.0,7.46,24.61,22.0,23,era5_archive
2023-09-09,34.7,21.5,27.1,0.0,0.0,6.94,23.88,25.9,46,era5_archive
2023-09-10,31.2,20.3,24.5,0.2,0.2,5.61,22.84,24.6,69,era5_archive
2023-09-11,32.0,19.4,25.1,0.0,0.0,6.04,23.67,24.1,57,era5_archive
2023-09-12,34.8,21.1,27.3,0.0,0.0,7.52,23.54,22.1,31,era5_archive
2023-09-13,30.8,21.5,25.3,0.0,0.0,5.55,20.22,23.3,50,era5_archive
2023-09-14,31.6,18.7,24.2,0.0,0.0,5.92,23.44,21.7,55,era5_archive
2023-09-15,32.5,16.8,24.4,0.0,0.0,6.01,23.58,18.9,46,era5_archive
2023-09-16,31.6,17.2,23.9,0.0,0.0,6.21,23.45,19.5,48,era5_archive
2023-09-17,31.8,16.2,23.1,0.0,0.0,5.82,23.3,23.8,56,era5_archive
2023-09-18,32.3,16.8,23.7,0.0,0.0,5.9,23.06,23.2,58,era5_archive
2023-09-19,32.9,16.6,24.3,0.0,0.0,5.39,23.11,20.6,47,era5_archive
2023-09-20,30.7,17.0,23.2,0.0,0.0,5.44,22.4,26.1,66,era5_archive
2023-09-21,31.3,17.0,23.4,0.0,0.0,5.25,22.55,14.8,64,era5_archive
2023-09-22,34.4,17.4,25.3,0.0,0.0,5.44,22.45,15.0,53,era5_archive
2023-09-23,37.7,19.4,27.4,0.0,0.0,5.78,22.26,24.9,39,era5_archive
2023-09-24,33.6,17.9,25.0,0.0,0.0,5.96,22.17,22.3,55,era5_archive
2023-09-25,33.2,18.1,24.5,0.0,0.0,5.63,21.84,25.4,62,era5_archive
2023-09-26,33.3,17.4,24.7,0.0,0.0,5.68,22.08,16.6,53,era5_archive
2023-09-27,32.4,16.6,24.0,0.0,0.0,5.44,22.04,17.4,55,era5_archive
2023-09-28,34.8,16.7,25.6,0.0,0.0,5.71,21.8,20.1,41,era5_archive
2023-09-29,34.1,17.6,26.2,0.0,0.0,6.21,21.38,19.6,33,era5_archive
2023-09-30,30.6,18.6,24.3,0.0,0.0,5.78,20.59,27.2,46,era5_archive
2023-10-01,25.8,19.2,21.8,0.3,0.3,2.28,7.39,16.9,70,era5_archive
2023-10-02,26.0,17.7,21.5,0.6,0.6,3.47,13.2,20.1,67,era5_archive
2023-10-03,28.8,17.0,22.1,0.0,0.0,4.34,17.67,21.6,61,era5_archive
2023-10-04,28.2,16.2,21.9,0.0,0.0,4.29,18.61,16.4,61,era5_archive
2023-10-05,29.8,16.4,22.7,1.5,1.5,3.74,15.06,19.0,54,era5_archive
2023-10-06,30.4,17.7,23.1,0.0,0.0,4.84,19.43,21.3,56,era5_archive
2023-10-07,29.7,15.6,21.9,0.0,0.0,4.58,19.7,20.2,64,era5_archive
2023-10-08,31.6,17.3,23.1,0.0,0.0,4.23,18.22,22.7,62,era5_archive
2023-10-09,26.3,16.9,21.5,0.3,0.3,2.45,7.08,26.5,61,era5_archive
2023-10-10,27.9,17.5,21.9,0.1,0.1,3.97,17.12,19.5,64,era5_archive
2023-10-11,27.1,14.4,20.0,0.0,0.0,3.97,17.95,21.7,70,era5_archive
2023-10-12,27.9,15.2,20.6,0.0,0.0,4.04,18.73,17.6,70,era5_archive
2023-10-13,28.1,14.0,20.9,0.0,0.0,4.16,18.82,17.1,66,era5_archive
2023-10-14,29.4,14.0,21.0,0.0,0.0,4.46,18.5,25.8,65,era5_archive
2023-10-15,24.0,16.2,19.5,0.1,0.1,3.75,16.66,27.0,69,era5_archive
2023-10-16,23.5,14.5,18.7,0.6,0.6,3.53,16.19,27.2,71,era5_archive
2023-10-17,25.7,12.8,19.1,0.0,0.0,3.79,18.1,14.3,64,era5_archive
2023-10-18,26.8,13.0,19.2,0.0,0.0,3.71,16.39,23.0,63,era5_archive
2023-10-19,24.4,14.8,19.3,0.0,0.0,3.31,15.04,21.7,70,era5_archive
2023-10-20,26.6,13.6,19.4,0.0,0.0,3.4,16.7,12.8,67,era5_archive
2023-10-21,29.7,13.5,21.2,0.0,0.0,4.25,17.5,13.8,45,era5_archive
2023-10-22,31.7,16.7,24.0,0.0,0.0,5.07,16.65,17.5,30,era5_archive
2023-10-23,31.6,18.7,24.4,0.0,0.0,4.58,17.05,14.5,30,era5_archive
2023-10-24,31.5,16.0,23.5,0.0,0.0,4.3,17.13,19.5,31,era5_archive
2023-10-25,30.5,17.0,23.2,0.0,0.0,4.35,17.15,14.8,34,era5_archive
2023-10-26,31.0,19.3,24.7,0.0,0.0,6.09,16.86,23.9,30,era5_archive
2023-10-27,30.9,20.5,25.1,0.0,0.0,6.21,14.5,27.4,27,era5_archive
2023-10-28,31.5,17.9,24.6,0.0,0.0,4.87,15.61,18.2,35,era5_archive
2023-10-29,27.5,20.2,23.4,0.0,0.0,4.49,11.76,24.2,41,era5_archive
2023-10-30,28.6,18.3,22.2,0.0,0.0,4.23,12.29,19.2,51,era5_archive
2023-10-31,28.1,18.5,22.7,0.0,0.0,4.68,15.0,19.7,41,era5_archive
2023-11-01,27.1,16.9,21.4,5.3,5.3,3.56,13.65,18.1,49,era5_archive
2023-11-02,28.0,13.7,20.8,0.0,0.0,3.66,15.3,19.2,52,era5_archive
2023-11-03,26.7,16.4,20.8,0.0,0.0,3.5,15.67,19.4,62,era5_archive
2023-11-04,28.3,14.1,20.2,0.0,0.0,3.7,15.79,11.9,45,era5_archive
2023-11-05,29.7,15.1,21.7,0.0,0.0,4.22,14.28,15.0,35,era5_archive
2023-11-06,28.2,13.7,20.9,0.0,0.0,3.88,15.7,17.3,40,era5_archive
2023-11-07,27.8,13.6,20.5,0.0,0.0,3.61,15.44,15.0,49,era5_archive
2023-11-08,28.6,13.2,20.1,0.0,0.0,3.77,15.31,11.7,40,era5_archive
2023-11-09,28.8,13.9,20.1,0.0,0.0,3.85,15.29,17.4,42,era5_archive
2023-11-10,25.7,15.0,19.3,0.0,0.0,2.96,14.43,10.7,63,era5_archive
2023-11-11,26.6,12.7,19.0,0.0,0.0,2.61,11.24,9.1,49,era5_archive
2023-11-12,26.0,15.2,19.6,2.3,2.3,3.0,10.46,19.3,53,era5_archive
2023-11-13,27.3,14.9,20.7,0.8,0.8,3.57,13.01,17.1,47,era5_archive
2023-11-14,21.9,13.3,17.0,5.3,5.3,1.86,9.5,18.4,75,era5_archive
2023-11-15,21.9,11.4,15.9,0.2,0.2,2.44,13.0,13.5,75,era5_archive
2023-11-16,22.8,10.4,16.0,0.0,0.0,2.77,13.82,15.4,70,era5_archive
2023-11-17,22.7,11.6,16.9,0.0,0.0,2.34,11.97,18.9,81,era5_archive
2023-11-18,23.6,11.7,16.3,0.0,0.0,2.75,13.91,15.5,74,era5_archive
2023-11-19,20.9,10.8,14.6,30.0,30.0,1.99,8.51,36.1,81,era5_archive
2023-11-20,16.0,10.2,12.2,3.3,3.3,2.2,11.29,33.7,74,era5_archive
2023-11-21,17.8,8.8,13.6,0.0,0.0,2.5,13.14,23.9,72,era5_archive
2023-11-22,18.6,7.7,13.1,0.0,0.0,2.59,10.94,26.2,62,era5_archive
2023-11-23,20.0,10.0,14.8,0.0,0.0,2.74,13.44,25.6,61,era5_archive
2023-11-24,19.5,9.0,13.7,0.0,0.0,2.43,13.58,20.5,74,era5_archive
2023-11-25,19.6,12.7,15.3,0.0,0.0,2.3,9.05,27.0,70,era5_archive
2023-11-26,20.3,12.4,15.3,0.0,0.0,3.37,13.44,22.1,54,era5_archive
2023-11-27,14.8,9.4,12.4,10.4,10.4,1.31,7.38,29.8,82,era5_archive
2023-11-28,15.0,6.7,10.3,0.0,0.0,1.7,11.32,12.9,77,era5_archive
2023-11-29,17.9,6.6,11.5,0.0,0.0,2.52,12.66,23.4,63,era5_archive
2023-11-30,18.6,7.2,12.5,0.0,0.0,2.18,12.15,17.3,68,era5_archive
2023-12-01,19.9,5.9,12.6,0.0,0.0,2.13,12.87,8.4,69,era5_archive
2023-12-02,20.5,6.2,12.5,0.0,0.0,2.39,12.9,13.0,66,era5_archive
2023-12-03,21.8,10.3,14.6,0.0,0.0,3.04,12.86,21.7,56,era5_archive
2023-12-04,23.4,13.1,17.0,0.0,0.0,3.46,12.25,22.9,49,era5_archive
2023-12-05,23.3,14.7,18.6,3.5,3.5,3.92,9.92,29.8,50,era5_archive
2023-12-06,18.8,10.8,14.2,4.5,4.5,1.73,10.51,15.5,85,era5_archive
2023-12-07,17.0,11.0,13.8,0.3,0.3,1.43,8.2,12.1,84,era5_archive
2023-12-08,19.6,9.8,14.1,0.0,0.0,2.14,11.97,15.5,74,era5_archive
2023-12-09,17.0,8.4,12.4,1.0,1.0,1.66,10.25,19.2,83,era5_archive
2023-12-10,18.6,6.7,11.7,0.0,0.0,2.03,11.46,16.7,72,era5_archive
2023-12-11,19.1,9.2,13.1,0.0,0.0,1.73,9.91,20.9,79,era5_archive
2023-12-12,18.0,7.2,11.8,0.0,0.0,2.08,12.17,18.1,75,era5_archive
2023-12-13,14.9,9.0,11.4,1.3,1.3,1.35,9.54,25.6,88,era5_archive
2023-12-14,16.5,7.9,12.0,0.1,0.1,1.71,11.22,21.1,84,era5_archive
2023-12-15,16.3,6.3,10.8,0.0,0.0,1.87,12.08,18.1,81,era5_archive
2023-12-16,17.7,10.1,12.8,0.0,0.0,2.43,11.12,24.4,68,era5_archive
2023-12-17,19.6,7.9,12.7,0.0,0.0,2.23,11.19,15.5,64,era5_archive
2023-12-18,16.8,5.5,10.2,0.0,0.0,1.89,12.38,12.4,77,era5_archive
2023-12-19,15.9,4.7,9.0,0.0,0.0,1.76,12.34,12.1,77,era5_archive
2023-12-20,15.9,3.1,9.0,0.0,0.0,2.37,12.28,23.0,58,era5_archive
2023-12-21,15.3,8.8,11.6,0.0,0.0,2.55,8.46,31.3,52,era5_archive
2023-12-22,14.8,7.6,10.7,2.1,2.1,1.75,8.47,17.3,69,era5_archive
2023-12-23,13.7,9.8,11.7,19.3,19.3,1.28,6.87,25.2,83,era5_archive
2023-12-24,15.9,9.1,12.1,5.1,5.1,1.29,8.71,22.7,89,era5_archive
2023-12-25,16.1,6.6,10.4,0.0,0.0,1.62,11.16,10.3,87,era5_archive
2023-12-26,18.2,5.1,10.6,0.0,0.0,2.13,12.21,18.2,72,era5_archive
2023-12-27,18.2,8.7,13.5,1.2,1.2,1.98,8.73,20.8,68,era5_archive
2023-12-28,18.3,7.2,11.8,0.0,0.0,1.82,11.5,17.7,84,era5_archive
2023-12-29,16.5,4.9,10.1,0.0,0.0,1.45,9.55,7.6,81,era5_archive
2023-12-30,15.8,5.6,10.0,0.0,0.0,1.71,11.44,16.0,78,era5_archive
2023-12-31,16.1,6.8,10.4,0.0,0.0,1.77,11.99,18.1,79,era5_archive
2024-01-01,15.8,5.4,10.1,0.0,0.0,1.81,11.74,15.1,78,era5_archive
2024-01-02,16.1,7.6,10.9,0.0,0.0,1.78,11.39,17.3,76,era5_archive
2024-01-03,15.0,7.7,10.9,0.9,0.9,1.19,7.91,19.0,88,era5_archive
2024-01-04,16.7,6.4,10.8,0.0,0.0,1.78,11.43,12.6,80,era5_archive
2024-01-05,16.3,6.5,11.0,0.1,0.1,1.56,9.86,19.0,84,era5_archive
2024-01-06,18.7,8.5,12.7,0.0,0.0,2.0,11.44,14.8,79,era5_archive
2024-01-07,18.6,10.7,13.9,0.0,0.0,3.11,12.71,29.3,60,era5_archive
2024-01-08,19.4,7.1,13.1,0.0,0.0,2.42,11.65,22.6,63,era5_archive
2024-01-09,20.6,6.4,12.2,0.0,0.0,2.61,12.88,16.7,62,era5_archive
2024-01-10,15.8,5.1,9.8,0.6,0.6,2.2,12.7,16.3,71,era5_archive
2024-01-11,13.3,6.5,9.4,12.6,12.6,1.34,9.08,24.3,82,era5_archive
2024-01-12,12.4,9.1,10.3,23.6,23.6,0.95,6.45,25.0,89,era5_archive
2024-01-13,14.3,6.4,10.5,3.2,3.2,1.91,11.84,20.4,74,era5_archive
2024-01-14,13.2,6.5,9.5,0.5,0.5,1.47,10.52,17.3,80,era5_archive
2024-01-15,13.6,4.0,8.4,0.5,0.5,1.49,10.36,13.6,85,era5_archive
2024-01-16,15.2,4.1,8.5,0.0,0.0,1.85,12.57,17.0,78,era5_archive
2024-01-17,14.6,4.8,9.2,0.0,0.0,1.29,8.29,8.2,78,era5_archive
2024-01-18,16.6,3.9,9.6,0.0,0.0,2.01,13.44,8.4,75,era5_archive
2024-01-19,17.5,4.4,10.0,0.0,0.0,2.26,13.52,14.9,66,era5_archive
2024-01-20,18.8,5.1,11.0,0.0,0.0,2.34,13.63,10.7,63,era5_archive
2024-01-21,19.2,9.1,12.7,0.0,0.0,2.85,11.9,19.6,51,era5_archive
2024-01-22,20.8,7.4,13.0,0.0,0.0,2.61,13.83,11.0,56,era5_archive
2024-01-23,14.4,6.5,10.8,10.9,10.9,1.34,8.18,27.2,83,era5_archive
2024-01-24,13.2,7.8,10.4,12.2,12.2,1.28,8.83,20.0,88,era5_archive
2024-01-25,14.1,5.7,9.2,0.2,0.2,1.64,11.34,10.8,85,era5_archive
2024-01-26,12.1,5.6,8.7,23.2,23.2,1.22,8.27,22.9,87,era5_archive
2024-01-27,9.0,3.6,6.9,13.3,13.3,1.01,8.46,30.6,86,era5_archive
2024-01-28,11.2,3.6,7.0,5.3,5.3,0.95,6.54,13.9,85,era5_archive
2024-01-29,12.6,4.5,8.0,6.3,6.3,1.55,11.51,10.5,86,era5_archive
2024-01-30,11.1,5.4,7.6,1.6,1.6,1.68,11.45,22.3,75,era5_archive
2024-01-31,11.2,3.0,6.1,3.7,3.3,1.76,13.71,13.0,80,era5_archive
2024-02-01,10.5,0.3,4.9,0.9,0.9,1.6,13.25,17.9,84,era5_archive
2024-02-02,10.6,3.8,6.9,1.8,1.8,1.19,7.89,16.8,84,era5_archive
2024-02-03,12.7,2.4,7.4,2.9,2.9,1.74,12.56,13.7,85,era5_archive
2024-02-04,12.7,3.7,7.1,3.8,3.8,1.64,12.0,19.2,84,era5_archive
2024-02-05,13.6,3.8,8.2,2.4,2.4,1.55,10.48,22.0,86,era5_archive
2024-02-06,13.7,6.8,10.1,0.6,0.6,1.64,11.09,21.6,83,era5_archive
2024-02-07,16.3,5.3,10.3,0.0,0.0,2.26,15.35,10.0,83,era5_archive
2024-02-08,17.8,5.9,10.9,0.0,0.0,2.94,15.93,22.2,62,era5_archive
2024-02-09,15.9,6.2,11.1,0.0,0.0,2.76,16.0,17.0,66,era5_archive
2024-02-10,15.8,5.2,10.1,0.5,0.5,2.09,13.47,14.1,82,era5_archive
2024-02-11,17.7,3.5,10.5,0.0,0.0,2.58,16.47,15.5,74,era5_archive
2024-02-12,18.2,9.1,13.5,0.0,0.0,3.64,14.83,27.9,55,era5_archive
2024-02-13,19.8,11.7,14.3,0.0,0.0,3.14,12.49,25.5,58,era5_archive
2024-02-14,15.2,6.1,11.0,3.3,3.3,1.89,12.2,17.8,81,era5_archive
2024-02-15,15.3,5.3,9.6,4.0,4.0,2.18,15.01,18.9,79,era5_archive
2024-02-16,13.2,5.0,8.2,3.8,3.8,1.75,12.54,19.8,82,era5_archive
2024-02-17,13.7,3.8,8.6,0.8,0.8,2.04,13.69,22.9,78,era5_archive
2024-02-18,14.3,5.8,9.8,1.6,1.6,1.89,13.33,17.2,85,era5_archive
2024-02-19,12.7,5.4,8.6,6.9,6.9,1.53,11.98,26.9,87,era5_archive
2024-02-20,14.5,2.9,8.3,0.0,0.0,2.31,16.09,12.9,82,era5_archive
2024-02-21,17.1,2.8,9.7,0.0,0.0,2.66,17.69,10.4,77,era5_archive
2024-02-22,17.0,5.8,10.9,0.0,0.0,2.79,18.2,15.3,73,era5_archive
2024-02-23,17.3,5.7,11.6,0.0,0.0,1.98,11.95,6.6,74,era5_archive
2024-02-24,13.3,8.4,10.6,4.9,4.9,0.92,5.89,14.1,85,era5_archive
2024-02-25,16.3,5.3,10.3,0.0,0.0,2.54,16.93,15.3,79,era5_archive
2024-02-26,17.6,4.1,10.6,0.0,0.0,3.01,18.28,17.9,66,era5_archive
2024-02-27,16.2,3.1,9.2,0.0,0.0,2.71,16.71,14.7,66,era5_archive
2024-02-28,16.8,3.1,9.4,0.0,0.0,3.0,19.11,10.2,58,era5_archive
2024-02-29,17.9,2.3,9.2,0.0,0.0,4.13,20.28,18.4,34,era5_archive
2024-03-01,16.8,6.3,10.7,0.0,0.0,4.91,20.3,27.6,28,era5_archive
2024-03-02,22.0,8.0,13.1,0.0,0.0,4.95,19.89,21.8,36,era5_archive
2024-03-03,15.1,8.7,11.3,2.5,2.5,1.95,12.8,26.7,82,era5_archive
2024-03-04,15.6,8.2,11.0,0.6,0.6,2.49,16.75,17.1,81,era5_archive
2024-03-05,19.2,4.5,12.3,0.0,0.0,3.25,20.33,9.4,68,era5_archive
2024-03-06,19.8,5.9,11.9,0.5,0.5,3.36,18.54,27.0,67,era5_archive
2024-03-07,15.4,8.7,11.3,2.1,2.1,2.5,17.22,25.7,80,era5_archive
2024-03-08,17.8,6.2,11.1,0.3,0.3,3.01,18.15,25.3,75,era5_archive
2024-03-09,15.4,6.3,10.7,0.0,0.0,2.63,16.15,25.8,73,era5_archive
2024-03-10,16.6,3.3,10.2,0.0,0.0,3.4,21.32,20.0,72,era5_archive
2024-03-11,18.0,3.9,11.2,0.0,0.0,3.36,21.43,9.2,67,era5_archive
2024-03-12,22.2,8.1,14.7,0.0,0.0,5.47,21.99,27.5,35,era5_archive
2024-03-13,23.7,12.6,17.3,0.0,0.0,6.05,21.63,25.6,29,era5_archive
2024-03-14,19.5,8.2,13.7,0.0,0.0,3.6,19.66,21.5,62,era5_archive
2024-03-15,16.4,7.7,11.8,0.0,0.0,2.85,17.33,26.2,76,era5_archive
2024-03-16,18.1,5.9,12.0,0.1,0.1,3.42,21.33,13.8,72,era5_archive
2024-03-17,24.2,7.6,15.4,0.0,0.0,3.92,19.87,12.4,55,era5_archive
2024-03-18,21.2,9.9,15.6,3.3,3.3,3.52,16.68,26.3,65,era5_archive
2024-03-19,14.8,7.2,10.8,3.0,3.0,2.54,17.31,33.9,79,era5_archive
2024-03-20,17.3,7.7,12.0,0.9,0.9,2.74,15.62,22.3,72,era5_archive
2024-03-21,20.9,8.5,13.9,2.6,2.6,4.01,20.77,21.7,60,era5_archive
2024-03-22,15.6,7.5,11.4,5.2,5.2,2.98,16.56,26.2,70,era5_archive
2024-03-23,16.1,6.4,10.8,0.5,0.5,3.28,21.4,14.3,70,era5_archive
2024-03-24,17.6,5.8,10.7,0.9,0.9,2.84,17.44,19.5,71,era5_archive
2024-03-25,15.7,7.3,10.7,0.4,0.4,2.76,16.96,28.3,72,era5_archive
2024-03-26,19.6,4.8,12.0,0.0,0.0,3.96,22.13,29.2,63,era5_archive
2024-03-27,23.2,8.1,15.5,0.0,0.0,3.32,16.18,9.7,55,era5_archive
2024-03-28,27.8,13.6,20.0,0.0,0.0,6.27,23.63,26.7,34,era5_archive
2024-03-29,26.1,11.5,17.9,0.1,0.1,4.15,17.62,15.1,48,era5_archive
2024-03-30,26.4,12.5,18.6,0.1,0.1,4.54,21.82,18.7,57,era5_archive
2024-03-31,27.6,13.9,20.2,0.0,0.0,5.43,23.72,14.8,48,era5_archive
2024-04-01,27.7,14.1,21.0,0.0,0.0,5.54,23.81,15.1,39,era5_archive
2024-04-02,28.1,12.5,20.3,0.0,0.0,5.32,21.98,14.9,38,era5_archive
2024-04-03,29.5,12.6,20.6,0.0,0.0,5.7,23.93,20.5,41,era5_archive
2024-04-04,27.6,12.5,20.1,0.0,0.0,5.59,24.69,20.8,41,era5_archive
2024-04-05,26.0,13.0,19.0,0.0,0.0,5.62,24.94,23.1,39,era5_archive
2024-04-06,22.3,10.2,15.2,0.0,0.0,4.45,23.97,25.8,69,era5_archive
2024-04-07,20.0,12.1,15.6,0.7,0.7,3.93,21.38,24.7,71,era5_archive
2024-04-08,22.6,8.9,15.6,1.5,1.5,4.36,21.61,18.6,64,era5_archive
2024-04-09,19.0,10.0,14.2,10.1,10.1,3.28,19.99,20.1,70,era5_archive
2024-04-10,18.2,10.2,13.9,0.4,0.4,3.53,20.67,28.3,72,era5_archive
2024-04-11,20.1,9.3,14.8,1.1,1.1,3.45,20.48,22.9,79,era5_archive
2024-04-12,22.8,10.4,16.3,0.1,0.1,4.4,23.88,15.5,72,era5_archive
2024-04-13,23.5,10.7,16.6,0.0,0.0,4.46,23.78,21.1,76,era5_archive
2024-04-14,22.2,11.0,16.0,0.0,0.0,4.2,22.37,26.1,76,era5_archive
2024-04-15,24.2,11.0,17.1,0.3,0.3,4.41,22.2,19.3,73,era5_archive
2024-04-16,27.4,12.5,19.8,0.0,0.0,5.2,24.52,14.0,55,era5_archive
2024-04-17,30.5,13.2,22.0,0.0,0.0,6.35,25.69,20.5,40,era5_archive
2024-04-18,28.3,15.1,21.8,0.0,0.0,6.89,25.69,24.5,41,era5_archive
2024-04-19,25.1,13.6,18.0,0.0,0.0,5.05,25.75,21.7,71,era5_archive
2024-04-20,27.0,9.6,18.3,0.0,0.0,6.06,26.36,23.7,52,era5_archive
2024-04-21,24.1,11.4,17.1,0.0,0.0,5.31,26.46,25.2,59,era5_archive
2024-04-22,27.2,9.1,17.7,0.0,0.0,5.67,26.54,22.2,54,era5_archive
2024-04-23,32.2,12.6,22.3,0.0,0.0,6.31,26.6,14.6,35,era5_archive
2024-04-24,34.3,18.0,26.4,0.0,0.0,8.22,26.62,20.1,20,era5_archive
2024-04-25,34.5,18.8,27.3,0.0,0.0,8.61,26.81,22.1,18,era5_archive
2024-04-26,34.6,18.4,25.0,0.0,0.0,6.76,22.68,25.8,29,era5_archive
2024-04-27,30.4,15.6,22.0,0.3,0.3,4.29,16.95,17.3,55,era5_archive
2024-04-28,28.1,16.5,21.8,0.7,0.7,4.68,21.0,12.4,62,era5_archive
2024-04-29,27.9,16.4,21.6,1.6,1.6,4.31,20.55,16.1,65,era5_archive
2024-04-30,23.5,15.9,18.8,9.9,9.9,3.16,16.83,20.4,82,era5_archive
2024-05-01,25.4,13.8,18.8,0.2,0.2,4.86,24.8,23.9,74,era5_archive
2024-05-02,25.2,14.4,18.9,0.3,0.3,4.6,22.06,31.5,74,era5_archive
2024-05-03,25.2,12.5,18.1,0.0,0.0,5.49,26.69,30.1,68,era5_archive
2024-05-04,24.8,12.1,18.3,0.0,0.0,6.0,27.66,32.7,58,era5_archive
2024-05-05,24.0,11.0,16.9,0.0,0.0,5.45,26.73,28.0,61,era5_archive
2024-05-06,20.3,11.9,14.8,11.6,11.6,3.91,23.32,29.1,74,era5_archive
2024-05-07,22.2,10.7,15.8,0.0,0.0,5.04,26.31,27.1,64,era5_archive
2024-05-08,25.8,9.3,17.7,0.0,0.0,5.37,28.4,11.9,48,era5_archive
2024-05-09,32.3,14.1,23.5,0.0,0.0,8.72,28.11,29.0,19,era5_archive
2024-05-10,35.4,15.7,26.4,0.0,0.0,8.55,25.14,27.0,18,era5_archive
2024-05-11,30.1,16.0,23.6,0.0,0.0,7.23,26.04,28.2,38,era5_archive
2024-05-12,25.0,12.8,18.2,0.0,0.0,5.54,26.2,28.1,62,era5_archive
2024-05-13,22.3,12.3,16.7,0.6,0.6,4.75,24.57,29.8,68,era5_archive
2024-05-14,24.7,11.8,17.9,0.0,0.0,5.55,27.76,20.0,61,era5_archive
2024-05-15,25.2,10.4,17.7,0.0,0.0,5.94,28.63,24.5,59,era5_archive
2024-05-16,26.8,11.1,18.6,0.0,0.0,6.17,28.36,25.3,59,era5_archive
2024-05-17,29.7,12.4,21.3,0.0,0.0,6.38,28.16,22.4,47,era5_archive
2024-05-18,31.9,17.2,25.0,0.0,0.0,7.55,28.01,26.7,32,era5_archive
2024-05-19,32.6,17.2,24.5,0.0,0.0,8.14,28.33,31.4,29,era5_archive
2024-05-20,33.8,17.9,25.9,0.0,0.0,7.8,25.78,31.4,31,era5_archive
2024-05-21,31.4,17.5,24.2,0.0,0.0,7.44,27.84,31.7,44,era5_archive
2024-05-22,32.8,16.2,24.2,0.0,0.0,7.32,28.3,30.5,47,era5_archive
2024-05-23,33.1,18.1,25.7,0.0,0.0,8.01,27.4,31.3,38,era5_archive
2024-05-24,27.3,16.6,21.4,0.0,0.0,7.08,29.03,28.6,47,era5_archive
2024-05-25,26.3,14.4,19.8,0.5,0.5,5.16,21.95,27.2,63,era5_archive
2024-05-26,28.8,14.9,21.3,0.0,0.0,6.54,29.2,19.2,56,era5_archive
2024-05-27,35.2,15.9,25.1,1.3,1.3,8.47,26.61,32.0,39,era5_archive
2024-05-28,30.7,15.0,22.4,0.0,0.0,6.22,26.38,20.7,58,era5_archive
2024-05-29,28.9,14.2,21.0,0.0,0.0,6.68,28.75,25.3,55,era5_archive
2024-05-30,27.1,14.2,19.8,0.0,0.0,6.22,29.29,26.3,64,era5_archive
2024-05-31,27.9,13.1,20.0,0.0,0.0,6.73,29.78,28.5,57,era5_archive
2024-06-01,31.9,13.1,22.7,0.0,0.0,7.11,29.91,17.7,43,era5_archive
2024-06-02,36.8,16.5,27.5,0.0,0.0,7.34,30.09,15.1,27,era5_archive
2024-06-03,40.2,21.3,31.6,0.0,0.0,8.61,29.57,16.5,17,era5_archive
2024-06-04,41.9,23.0,31.1,0.0,0.0,9.01,29.93,32.7,25,era5_archive
2024-06-05,39.6,19.7,29.0,0.0,0.0,8.42,29.71,28.3,38,era5_archive
2024-06-06,38.4,20.0,29.5,0.0,0.0,9.14,27.75,33.9,39,era5_archive
2024-06-07,40.7,21.8,31.4,0.0,0.0,9.11,28.95,25.6,30,era5_archive
2024-06-08,37.6,22.2,29.5,0.0,0.0,8.88,29.43,28.8,33,era5_archive
2024-06-09,34.5,19.7,26.6,0.0,0.0,7.74,28.24,26.5,43,era5_archive
2024-06-10,32.6,18.4,25.0,0.0,0.0,7.69,29.49,29.5,53,era5_archive
2024-06-11,33.8,18.1,25.4,0.0,0.0,7.76,29.91,27.2,50,era5_archive
2024-06-12,37.1,18.8,27.6,0.0,0.0,7.72,29.8,23.3,43,era5_archive
2024-06-13,40.5,21.4,31.6,0.0,0.0,9.09,29.89,24.5,31,era5_archive
2024-06-14,41.2,23.8,33.1,0.0,0.0,9.0,29.48,25.9,23,era5_archive
2024-06-15,40.0,24.2,31.9,0.0,0.0,8.71,27.53,30.0,28,era5_archive
2024-06-16,36.8,22.9,29.2,0.0,0.0,8.79,30.47,25.2,28,era5_archive
2024-06-17,36.3,19.2,27.5,0.0,0.0,7.87,30.27,19.5,36,era5_archive
2024-06-18,39.2,19.4,29.1,0.0,0.0,8.0,30.39,20.8,26,era5_archive
2024-06-19,38.9,20.5,29.6,0.0,0.0,8.62,30.13,23.3,41,era5_archive
2024-06-20,38.2,22.6,30.3,0.0,0.0,8.41,29.15,21.3,34,era5_archive
2024-06-21,35.8,20.5,27.9,0.0,0.0,8.55,30.19,23.5,43,era5_archive
2024-06-22,33.6,19.3,25.8,0.0,0.0,7.67,30.24,27.1,51,era5_archive
2024-06-23,32.6,18.5,25.8,0.4,0.4,7.37,27.84,33.2,58,era5_archive
2024-06-24,34.1,20.0,26.7,0.0,0.0,7.96,29.0,31.7,55,era5_archive
2024-06-25,36.5,20.2,27.7,0.0,0.0,9.05,30.38,33.3,39,era5_archive
2024-06-26,35.2,18.9,26.8,0.0,0.0,8.29,30.46,28.6,44,era5_archive
2024-06-27,36.9,20.2,27.8,0.0,0.0,8.13,29.63,27.4,52,era5_archive
2024-06-28,35.6,20.2,27.7,0.0,0.0,8.65,30.47,30.8,48,era5_archive
2024-06-29,35.0,20.1,27.2,0.0,0.0,8.15,30.1,24.8,49,era5_archive
2024-06-30,33.2,18.4,25.3,0.0,0.0,7.3,29.46,26.1,60,era5_archive
2024-07-01,32.9,19.4,25.3,0.0,0.0,7.54,29.2,30.1,58,era5_archive
2024-07-02,32.7,18.8,25.4,0.0,0.0,7.71,29.4,28.6,57,era5_archive
2024-07-03,33.8,19.1,26.2,0.0,0.0,8.18,30.0,28.0,46,era5_archive
2024-07-04,36.7,19.9,28.4,0.0,0.0,8.35,30.09,23.2,30,era5_archive
2024-07-05,35.6,21.6,28.0,0.0,0.0,8.52,29.67,26.2,34,era5_archive
2024-07-06,31.6,18.6,24.6,0.0,0.0,7.14,29.59,27.3,64,era5_archive
2024-07-07,32.8,19.8,25.5,0.0,0.0,7.21,28.79,27.8,63,era5_archive
2024-07-08,34.4,19.7,26.7,0.0,0.0,7.7,29.31,27.1,57,era5_archive
2024-07-09,36.0,20.3,28.1,0.0,0.0,7.96,29.64,25.3,48,era5_archive
2024-07-10,39.1,21.5,29.8,0.0,0.0,8.17,29.47,28.4,40,era5_archive
2024-07-11,38.4,23.2,30.6,0.0,0.0,8.99,29.51,28.7,30,era5_archive
2024-07-12,36.6,22.0,29.7,0.0,0.0,9.08,29.79,26.1,32,era5_archive
2024-07-13,34.8,22.2,28.5,0.0,0.0,8.87,29.33,29.5,40,era5_archive
2024-07-14,32.0,20.8,26.1,0.0,0.0,7.11,26.88,32.5,62,era5_archive
2024-07-15,33.4,21.4,26.8,0.0,0.0,7.16,27.1,28.9,64,era5_archive
2024-07-16,35.4,20.6,28.0,0.0,0.0,7.86,29.46,24.5,49,era5_archive
2024-07-17,36.6,20.9,28.2,0.0,0.0,8.15,29.85,23.8,44,era5_archive
2024-07-18,36.2,20.2,27.9,0.0,0.0,8.15,29.84,26.9,47,era5_archive
2024-07-19,35.4,20.6,27.6,0.0,0.0,8.17,29.25,30.2,55,era5_archive
2024-07-20,35.6,21.6,28.0,0.0,0.0,7.98,28.55,29.3,58,era5_archive
2024-07-21,36.4,21.3,28.9,0.0,0.0,8.67,29.03,27.9,47,era5_archive
2024-07-22,36.1,21.0,28.5,0.0,0.0,8.72,28.98,30.6,45,era5_archive
2024-07-23,35.4,20.9,27.9,0.0,0.0,8.43,28.94,32.8,52,era5_archive
2024-07-24,33.6,20.6,26.6,0.0,0.0,7.72,28.86,33.6,54,era5_archive
2024-07-25,34.7,22.3,27.7,0.0,0.0,8.24,28.63,33.4,56,era5_archive
2024-07-26,33.5,21.5,27.3,0.0,0.0,7.3,26.5,31.9,49,era5_archive
2024-07-27,34.6,21.5,26.9,0.0,0.0,7.05,28.21,27.6,66,era5_archive
2024-07-28,34.5,20.7,27.0,0.0,0.0,7.35,28.09,26.7,62,era5_archive
2024-07-29,34.9,21.1,27.4,0.0,0.0,7.56,28.51,27.2,62,era5_archive
2024-07-30,34.3,20.8,27.1,0.0,0.0,7.82,28.68,29.0,56,era5_archive
2024-07-31,35.8,20.3,27.4,0.0,0.0,7.54,28.76,26.2,56,era5_archive
2024-08-01,35.6,21.2,27.9,0.0,0.0,8.14,28.8,27.1,47,era5_archive
2024-08-02,34.8,20.0,27.1,0.0,0.0,8.39,28.36,29.5,48,era5_archive
2024-08-03,33.1,20.8,26.4,0.0,0.0,7.77,28.2,30.6,54,era5_archive
2024-08-04,33.7,20.1,26.2,0.0,0.0,7.65,28.45,26.9,51,era5_archive
2024-08-05,33.5,19.2,25.7,0.0,0.0,7.29,28.38,28.7,53,era5_archive
2024-08-06,33.8,20.4,26.3,0.0,0.0,7.37,27.73,26.9,57,era5_archive
2024-08-07,34.7,19.3,26.5,0.0,0.0,7.54,27.93,27.3,51,era5_archive
2024-08-08,35.5,20.1,26.9,0.0,0.0,7.57,27.98,28.9,56,era5_archive
2024-08-09,34.6,19.4,26.5,0.0,0.0,7.54,28.18,27.6,52,era5_archive
2024-08-10,33.4,20.5,26.0,0.0,0.0,7.35,27.67,28.0,60,era5_archive
2024-08-11,33.1,20.1,25.7,0.0,0.0,6.6,25.59,27.6,65,era5_archive
2024-08-12,34.4,20.8,26.4,0.0,0.0,6.66,25.23,29.8,67,era5_archive
2024-08-13,35.1,20.2,27.1,0.0,0.0,7.31,27.14,24.3,58,era5_archive
2024-08-14,36.5,21.1,27.8,0.0,0.0,7.2,27.0,23.8,51,era5_archive
2024-08-15,34.7,20.1,26.9,0.0,0.0,7.21,26.65,27.3,54,era5_archive
2024-08-16,33.4,20.1,26.0,0.0,0.0,6.74,26.28,27.2,65,era5_archive
2024-08-17,33.8,20.8,26.7,0.0,0.0,6.97,26.35,28.0,61,era5_archive
2024-08-18,35.9,20.7,27.7,0.0,0.0,7.14,26.32,27.2,55,era5_archive
2024-08-19,36.2,21.8,28.9,0.0,0.0,7.67,26.91,23.6,42,era5_archive
2024-08-20,35.7,20.1,27.1,0.0,0.0,7.27,27.05,22.9,50,era5_archive
2024-08-21,34.1,17.7,25.7,0.0,0.0,6.94,26.84,26.0,56,era5_archive
2024-08-22,35.6,19.7,27.1,0.0,0.0,6.92,26.24,22.6,59,era5_archive
2024-08-23,35.1,19.2,26.4,0.0,0.0,6.76,26.18,23.4,60,era5_archive
2024-08-24,33.0,20.6,25.7,0.0,0.0,6.34,25.2,26.3,67,era5_archive
2024-08-25,34.5,19.7,26.4,0.0,0.0,6.4,25.57,20.4,64,era5_archive
2024-08-26,36.9,20.0,27.7,0.0,0.0,6.84,25.86,28.5,51,era5_archive
2024-08-27,34.6,21.8,28.1,0.0,0.0,7.31,25.33,26.8,38,era5_archive
2024-08-28,32.3,19.2,25.1,0.0,0.0,6.43,24.81,27.2,60,era5_archive
2024-08-29,32.4,19.3,24.9,0.0,0.0,6.16,24.4,27.2,67,era5_archive
2024-08-30,31.2,20.4,24.8,0.0,0.0,6.38,24.83,30.4,66,era5_archive
2024-08-31,31.5,20.4,24.9,0.1,0.1,6.31,24.24,31.4,65,era5_archive
2024-09-01,30.9,20.0,24.6,0.0,0.0,6.12,24.28,26.5,65,era5_archive
2024-09-02,32.1,18.5,24.7,0.0,0.0,6.0,24.65,23.1,66,era5_archive
2024-09-03,31.9,18.2,24.4,0.0,0.0,6.14,24.89,23.9,61,era5_archive
2024-09-04,31.5,19.3,24.3,0.0,0.0,5.78,23.85,25.9,68,era5_archive
2024-09-05,31.9,17.7,23.9,0.0,0.0,5.83,24.6,26.7,68,era5_archive
2024-09-06,32.3,17.7,24.2,0.0,0.0,5.68,24.18,25.1,70,era5_archive
2024-09-07,32.9,19.1,25.0,0.0,0.0,5.81,23.87,25.5,69,era5_archive
2024-09-08,33.8,19.7,25.9,0.0,0.0,5.95,23.35,24.3,62,era5_archive
2024-09-09,34.8,19.6,26.4,0.0,0.0,6.32,23.26,23.7,53,era5_archive
2024-09-10,33.7,20.0,26.2,0.0,0.0,6.25,22.99,23.4,51,era5_archive
2024-09-11,33.0,19.6,26.1,0.0,0.0,6.27,24.04,21.1,43,era5_archive
2024-09-12,35.7,19.9,27.9,0.0,0.0,6.67,22.9,21.9,37,era5_archive
2024-09-13,34.0,20.8,27.0,0.0,0.0,6.89,23.41,30.9,43,era5_archive
2024-09-14,30.2,19.1,23.7,0.1,0.1,5.71,23.61,29.8,69,era5_archive
2024-09-15,30.4,19.8,23.9,0.6,0.6,5.48,21.32,32.8,69,era5_archive
2024-09-16,28.8,19.5,22.9,0.7,0.7,5.27,21.51,31.2,68,era5_archive
2024-09-17,27.6,18.5,22.2,0.1,0.1,4.66,17.99,23.5,62,era5_archive
2024-09-18,29.0,17.0,21.9,0.0,0.0,5.31,22.35,26.0,66,era5_archive
2024-09-19,29.2,17.1,22.2,0.0,0.0,5.07,21.65,28.8,67,era5_archive
2024-09-20,30.2,18.6,23.8,0.0,0.0,5.37,21.46,25.2,64,era5_archive
2024-09-21,28.7,18.1,23.0,0.0,0.0,5.07,20.6,26.5,61,era5_archive
2024-09-22,27.4,17.9,21.9,0.4,0.4,4.36,18.48,24.4,68,era5_archive
2024-09-23,28.1,16.7,21.7,0.0,0.0,4.7,20.39,20.8,66,era5_archive
2024-09-24,30.5,16.0,22.6,0.0,0.0,4.75,21.85,15.0,59,era5_archive
2024-09-25,32.7,17.7,24.6,0.0,0.0,5.15,21.5,15.8,54,era5_archive
2024-09-26,32.9,17.6,24.8,0.0,0.0,5.36,21.56,17.1,52,era5_archive
2024-09-27,33.7,17.8,25.0,0.0,0.0,5.38,21.57,16.4,53,era5_archive
2024-09-28,34.5,18.8,25.1,0.0,0.0,5.09,21.43,19.1,56,era5_archive
2024-09-29,30.2,18.8,23.1,0.0,0.0,5.06,20.64,26.3,69,era5_archive
2024-09-30,29.2,17.0,21.8,0.0,0.0,4.67,19.96,28.1,72,era5_archive
2024-10-01,26.3,17.2,20.9,0.1,0.1,4.02,16.84,29.7,71,era5_archive
2024-10-02,26.3,16.0,20.4,0.0,0.0,4.65,20.31,23.2,62,era5_archive
2024-10-03,29.1,13.4,21.0,0.0,0.0,4.34,20.7,13.8,57,era5_archive
2024-10-04,31.3,13.7,22.5,0.0,0.0,4.57,20.46,15.0,50,era5_archive
2024-10-05,32.8,17.1,24.0,0.0,0.0,4.76,20.21,16.7,56,era5_archive
2024-10-06,34.7,17.9,24.3,0.0,0.0,4.71,19.74,20.9,62,era5_archive
2024-10-07,30.0,18.9,23.1,0.0,0.0,4.34,18.93,23.8,74,era5_archive
2024-10-08,30.0,18.0,22.8,0.0,0.0,4.79,18.31,24.2,68,era5_archive
2024-10-09,31.9,16.3,22.6,0.0,0.0,4.94,19.44,26.7,64,era5_archive
2024-10-10,29.0,15.5,21.4,0.0,0.0,4.2,18.15,21.8,72,era5_archive
2024-10-11,28.4,14.8,20.9,0.0,0.0,4.38,19.08,20.1,67,era5_archive
2024-10-12,29.4,15.5,21.4,0.0,0.0,4.33,18.75,18.0,69,era5_archive
2024-10-13,30.3,16.1,22.0,0.0,0.0,4.4,18.59,19.8,69,era5_archive
2024-10-14,30.1,16.9,22.3,0.0,0.0,4.26,18.1,20.7,68,era5_archive
2024-10-15,29.5,16.3,22.5,0.0,0.0,3.85,17.72,12.2,63,era5_archive
2024-10-16,30.5,16.3,22.0,0.0,0.0,4.13,17.29,22.8,71,era5_archive
2024-10-17,26.6,15.7,20.5,0.0,0.0,3.97,17.58,24.9,73,era5_archive
2024-10-18,26.1,15.5,20.4,0.0,0.0,3.96,16.81,20.2,67,era5_archive
2024-10-19,24.9,12.0,17.6,0.0,0.0,3.95,18.16,17.9,54,era5_archive
2024-10-20,25.5,9.8,17.7,0.0,0.0,3.59,18.08,9.7,32,era5_archive
2024-10-21,25.4,10.1,17.4,0.0,0.0,4.71,18.13,18.2,28,era5_archive
2024-10-22,22.8,9.6,15.4,0.0,0.0,4.03,18.0,18.7,32,era5_archive
2024-10-23,21.7,7.8,14.6,0.0,0.0,3.94,17.89,18.7,25,era5_archive
2024-10-24,22.2,6.8,14.9,0.0,0.0,3.7,17.87,11.1,24,era5_archive
2024-10-25,22.9,12.3,16.8,0.0,0.0,5.47,17.65,26.0,22,era5_archive
2024-10-26,24.6,10.6,17.9,0.0,0.0,4.65,17.14,15.5,24,era5_archive
2024-10-27,25.6,10.1,18.0,0.0,0.0,3.6,15.3,12.0,35,era5_archive
2024-10-28,25.5,11.3,19.0,0.0,0.0,3.84,16.52,14.7,41,era5_archive
2024-10-29,26.1,12.3,18.8,0.0,0.0,4.02,16.22,15.9,44,era5_archive
2024-10-30,23.3,12.4,17.6,0.3,0.3,2.98,14.94,8.9,54,era5_archive
2024-10-31,24.4,11.8,17.9,1.0,1.0,2.83,14.32,8.5,56,era5_archive
2024-11-01,25.0,12.8,17.7,2.0,2.0,3.2,13.88,12.0,53,era5_archive
2024-11-02,24.9,11.9,17.6,0.4,0.4,2.98,13.27,16.2,65,era5_archive
2024-11-03,21.5,11.8,15.7,0.1,0.1,2.83,14.6,20.6,75,era5_archive
2024-11-04,21.1,10.7,15.8,0.0,0.0,2.76,14.55,19.2,74,era5_archive
2024-11-05,22.7,9.7,16.2,0.0,0.0,2.98,15.49,8.5,60,era5_archive
2024-11-06,24.9,11.0,17.4,0.0,0.0,3.53,14.81,21.1,49,era5_archive
2024-11-07,24.5,12.9,18.6,0.0,0.0,3.5,14.42,21.7,58,era5_archive
2024-11-08,22.8,12.5,17.7,0.0,0.0,3.02,14.22,17.7,62,era5_archive
2024-11-09,22.7,14.1,17.5,0.0,0.0,3.12,12.78,21.6,61,era5_archive
2024-11-10,23.7,12.3,17.9,0.0,0.0,3.38,14.34,22.4,61,era5_archive
2024-11-11,21.8,12.2,16.1,0.0,0.0,2.59,12.69,19.5,73,era5_archive
2024-11-12,22.3,11.3,16.4,0.0,0.0,2.52,13.81,9.2,70,era5_archive
2024-11-13,22.9,9.7,16.0,0.0,0.0,2.81,14.44,16.0,64,era5_archive
2024-11-14,22.2,10.4,15.7,0.0,0.0,2.59,14.46,8.1,58,era5_archive
2024-11-15,23.4,8.8,15.9,0.0,0.0,3.04,14.35,13.0,49,era5_archive
2024-11-16,21.3,10.3,15.5,0.0,0.0,2.9,14.25,17.3,63,era5_archive
2024-11-17,21.9,9.5,15.2,0.0,0.0,2.61,13.44,11.8,58,era5_archive
2024-11-18,18.6,9.5,13.8,0.5,0.5,2.25,11.82,20.5,70,era5_archive
2024-11-19,19.0,9.2,13.1,0.1,0.1,1.9,10.4,15.9,81,era5_archive
2024-11-20,19.4,8.5,13.2,0.0,0.0,2.29,12.79,13.3,72,era5_archive
2024-11-21,21.8,8.3,14.0,0.0,0.0,2.46,13.32,11.7,64,era5_archive
2024-11-22,22.6,8.1,14.8,0.0,0.0,3.06,13.56,15.5,53,era5_archive
2024-11-23,22.3,12.5,16.5,0.0,0.0,3.52,13.37,19.2,45,era5_archive
2024-11-24,19.6,9.7,13.1,2.6,2.6,1.98,8.16,32.1,67,era5_archive
2024-11-25,11.8,7.5,9.4,0.1,0.1,1.99,9.12,23.1,63,era5_archive
2024-11-26,11.5,4.7,7.8,0.8,0.8,1.79,10.9,22.6,72,era5_archive
2024-11-27,14.1,1.7,7.9,0.0,0.0,1.7,10.79,15.9,73,era5_archive
2024-11-28,16.3,6.5,11.5,0.0,0.0,1.71,10.47,9.2,74,era5_archive
2024-11-29,15.4,8.5,11.1,0.8,0.8,0.91,4.28,11.7,80,era5_archive
2024-11-30,16.2,6.0,10.3,0.0,0.0,1.94,12.96,6.5,73,era5_archive
2024-12-01,16.8,3.7,10.0,0.0,0.0,2.08,13.05,10.1,63,era5_archive
2024-12-02,17.0,4.4,10.1,0.0,0.0,2.17,12.7,9.0,55,era5_archive
2024-12-03,17.6,5.5,10.6,0.0,0.0,2.48,13.04,11.7,46,era5_archive
2024-12-04,18.0,4.6,10.8,0.0,0.0,2.14,12.77,12.0,50,era5_archive
2024-12-05,18.6,5.5,11.4,0.0,0.0,2.32,12.36,8.8,52,era5_archive
2024-12-06,18.9,8.7,13.7,0.0,0.0,3.65,11.75,24.4,41,era5_archive
2024-12-07,19.1,9.9,14.1,0.0,0.0,3.1,11.11,20.9,42,era5_archive
2024-12-08,18.6,8.1,12.6,0.0,0.0,2.42,12.16,19.4,61,era5_archive
2024-12-09,18.3,5.2,11.6,0.0,0.0,2.33,12.47,10.9,65,era5_archive
2024-12-10,18.6,8.1,12.9,0.0,0.0,3.05,11.53,20.3,46,era5_archive
2024-12-11,18.7,9.8,13.5,0.0,0.0,2.77,7.57,17.9,41,era5_archive
2024-12-12,18.4,9.5,13.6,0.0,0.0,2.16,10.42,19.2,60,era5_archive
2024-12-13,16.3,8.8,12.5,0.9,0.9,2.13,11.22,21.7,72,era5_archive
2024-12-14,14.9,3.6,9.3,0.0,0.0,2.05,12.52,10.4,60,era5_archive
2024-12-15,13.6,2.6,8.0,0.0,0.0,3.04,12.92,21.3,35,era5_archive
2024-12-16,13.9,4.6,8.2,0.0,0.0,3.16,12.73,21.5,28,era5_archive
2024-12-17,17.1,4.7,9.8,0.0,0.0,2.04,12.1,9.8,44,era5_archive
2024-12-18,16.3,2.9,9.4,0.0,0.0,2.96,12.56,14.2,29,era5_archive
2024-12-19,17.3,6.9,11.0,0.0,0.0,3.57,12.63,21.1,22,era5_archive
2024-12-20,14.2,5.3,9.7,1.5,1.5,1.54,9.24,15.4,59,era5_archive
2024-12-21,16.6,6.6,10.9,0.3,0.3,1.84,11.77,15.7,81,era5_archive
2024-12-22,16.3,7.5,11.2,0.3,0.3,1.24,7.97,10.8,84,era5_archive
2024-12-23,16.8,7.3,10.9,0.0,0.0,2.44,12.04,23.8,61,era5_archive
2024-12-24,16.2,5.1,10.1,0.0,0.0,1.72,10.42,12.1,69,era5_archive
2024-12-25,17.8,8.0,12.1,0.0,0.0,3.6,12.49,26.8,43,era5_archive
2024-12-26,17.2,5.9,10.6,0.0,0.0,2.23,11.84,14.2,52,era5_archive
2024-12-27,12.4,6.9,9.2,0.1,0.1,1.89,10.16,26.0,58,era5_archive
2024-12-28,13.8,6.0,9.2,0.2,0.2,1.81,7.34,17.6,60,era5_archive
2024-12-29,15.4,4.6,8.7,0.0,0.0,2.0,11.54,15.8,65,era5_archive
2024-12-30,13.4,5.4,8.4,2.1,2.1,1.36,8.1,14.3,75,era5_archive
2024-12-31,10.5,4.7,7.0,7.1,7.1,0.95,7.03,17.8,86,era5_archive
2025-01-01,14.0,2.2,7.2,0.0,0.0,1.77,12.34,13.5,78,era5_archive
2025-01-02,13.0,2.0,7.0,0.0,0.0,1.93,12.54,13.3,69,era5_archive
2025-01-03,13.1,3.3,7.3,0.0,0.0,2.24,12.79,19.0,59,era5_archive
2025-01-04,15.1,5.0,9.6,0.0,0.0,2.74,10.19,19.5,44,era5_archive
2025-01-05,17.8,7.4,11.6,0.4,0.4,2.66,11.32,20.8,42,era5_archive
2025-01-06,15.1,4.7,9.2,0.6,0.6,2.31,12.52,20.6,60,era5_archive
2025-01-07,15.1,2.8,7.9,0.0,0.0,1.93,12.78,9.9,66,era5_archive
2025-01-08,15.0,2.9,8.1,0.0,0.0,2.3,12.92,15.4,60,era5_archive
2025-01-09,16.4,6.0,10.1,0.0,0.0,2.79,12.97,22.0,52,era5_archive
2025-01-10,16.0,7.7,10.7,0.2,0.2,2.78,13.06,21.3,53,era5_archive
2025-01-11,15.4,4.5,9.3,0.0,0.0,1.92,11.91,18.5,74,era5_archive
2025-01-12,16.8,5.8,10.1,0.0,0.0,1.65,10.83,9.0,79,era5_archive
2025-01-13,17.1,6.1,10.9,0.0,0.0,2.7,13.16,17.5,59,era5_archive
2025-01-14,17.7,8.3,12.1,0.0,0.0,3.42,13.29,21.5,44,era5_archive
2025-01-15,19.4,8.5,12.8,0.0,0.0,3.28,13.43,17.6,43,era5_archive
2025-01-16,18.5,8.7,12.5,0.0,0.0,2.04,10.12,18.1,65,era5_archive
2025-01-17,16.5,6.1,10.7,0.0,0.0,2.09,12.69,15.4,74,era5_archive
2025-01-18,16.5,3.6,9.4,0.0,0.0,2.37,13.8,18.4,68,era5_archive
2025-01-19,15.7,4.2,9.3,0.0,0.0,2.16,13.82,13.4,69,era5_archive
2025-01-20,15.6,6.2,10.2,0.0,0.0,2.05,13.01,19.9,76,era5_archive
2025-01-21,16.6,4.5,10.2,0.0,0.0,2.63,12.92,23.1,62,era5_archive
2025-01-22,14.4,8.7,11.3,0.0,0.0,3.23,9.47,24.8,40,era5_archive
2025-01-23,15.5,6.3,10.2,0.0,0.0,2.41,12.93,18.8,57,era5_archive
2025-01-24,15.0,6.2,9.9,0.1,0.1,1.97,12.7,12.0,79,era5_archive
2025-01-25,15.9,4.2,9.9,0.0,0.0,2.11,13.02,10.2,66,era5_archive
2025-01-26,16.6,5.9,10.8,1.2,1.2,2.54,11.82,17.1,56,era5_archive
2025-01-27,17.2,6.9,11.1,0.0,0.0,2.61,13.86,16.0,55,era5_archive
2025-01-28,16.1,2.3,9.2,0.0,0.0,2.51,14.54,15.7,58,era5_archive
2025-01-29,17.1,3.3,10.0,0.0,0.0,2.69,14.76,16.2,49,era5_archive
2025-01-30,17.5,5.1,10.7,0.0,0.0,3.26,15.26,18.8,45,era5_archive
2025-01-31,15.3,5.1,10.2,0.3,0.3,2.65,13.24,23.0,58,era5_archive
2025-02-01,16.2,6.0,10.4,0.0,0.0,2.37,14.64,12.6,74,era5_archive
2025-02-02,17.3,3.9,10.5,0.0,0.0,2.93,15.5,14.5,54,era5_archive
2025-02-03,17.7,8.3,11.8,0.0,0.0,2.46,8.19,15.6,40,era5_archive
2025-02-04,19.4,6.7,12.0,0.0,0.0,2.88,15.84,13.7,47,era5_archive
2025-02-05,13.7,6.7,9.7,10.6,10.6,1.65,10.87,28.4,83,era5_archive
2025-02-06,8.1,2.9,6.0,14.4,14.4,1.4,10.71,35.8,80,era5_archive
2025-02-07,10.2,2.8,6.4,0.3,0.3,1.59,10.03,25.3,75,era5_archive
2025-02-08,11.7,1.5,6.2,0.1,0.1,2.28,15.55,20.9,65,era5_archive
2025-02-09,10.6,1.3,6.2,0.5,0.5,1.47,9.78,14.8,74,era5_archive
2025-02-10,13.2,3.7,6.8,4.2,4.2,1.67,12.3,13.1,81,era5_archive
2025-02-11,12.9,2.6,7.2,0.6,0.6,1.93,13.63,16.4,81,era5_archive
2025-02-12,13.1,2.6,6.1,11.3,9.6,1.77,12.93,14.3,84,era5_archive
2025-02-13,11.8,2.9,7.2,1.1,1.1,1.81,11.97,27.6,78,era5_archive
2025-02-14,12.3,3.2,6.9,0.0,0.0,2.19,15.84,12.2,70,era5_archive
2025-02-15,16.6,2.2,8.9,0.1,0.1,2.97,17.39,22.0,52,era5_archive
2025-02-16,14.7,4.8,9.1,3.7,3.7,2.42,14.8,19.8,65,era5_archive
2025-02-17,16.3,4.4,9.4,0.0,0.0,2.65,17.21,15.5,69,era5_archive
2025-02-18,18.0,3.8,10.4,0.0,0.0,2.86,17.72,13.0,59,era5_archive
2025-02-19,16.4,5.8,10.8,0.1,0.1,2.34,11.85,18.9,64,era5_archive
2025-02-20,12.6,6.7,9.4,4.5,4.5,1.8,12.29,31.3,80,era5_archive
2025-02-21,9.8,2.5,6.9,1.0,1.0,1.7,10.43,22.0,72,era5_archive
2025-02-22,8.0,0.8,4.0,0.4,0.4,1.21,7.6,13.4,71,era5_archive
2025-02-23,6.9,-0.4,3.3,0.0,0.0,1.76,12.53,23.2,69,era5_archive
2025-02-24,7.4,-2.3,2.1,0.0,0.0,2.05,16.68,22.8,63,era5_archive
2025-02-25,9.3,-3.1,2.9,0.0,0.0,2.51,19.43,16.1,55,era5_archive
2025-02-26,12.7,-1.4,5.2,0.0,0.0,2.73,19.38,8.5,54,era5_archive
2025-02-27,14.1,-0.8,6.6,0.0,0.0,2.83,19.7,7.9,44,era5_archive
2025-02-28,16.0,-0.2,7.9,0.0,0.0,3.25,19.77,17.2,50,era5_archive
2025-03-01,14.3,4.4,8.8,0.0,0.0,2.15,13.36,20.2,75,era5_archive
2025-03-02,17.3,2.2,9.8,0.0,0.0,3.09,19.72,14.2,61,era5_archive
2025-03-03,18.8,5.1,12.4,0.0,0.0,3.86,15.32,25.4,35,era5_archive
2025-03-04,21.4,7.9,13.9,0.0,0.0,3.84,17.86,21.0,35,era5_archive
2025-03-05,17.3,6.4,11.1,0.0,0.0,2.91,17.35,22.4,65,era5_archive
2025-03-06,18.5,5.6,11.4,0.1,0.1,2.89,15.9,16.0,65,era5_archive
2025-03-07,13.2,7.9,10.1,8.0,8.0,1.01,5.45,28.2,85,era5_archive
2025-03-08,18.0,7.6,12.2,0.4,0.4,2.7,15.42,24.4,76,era5_archive
2025-03-09,19.2,6.9,12.6,0.0,0.0,3.65,20.81,16.6,68,era5_archive
2025-03-10,18.9,8.3,12.5,0.2,0.2,3.33,19.83,20.1,73,era5_archive
2025-03-11,20.9,6.5,13.6,0.0,0.0,3.71,20.61,13.2,64,era5_archive
2025-03-12,23.1,10.1,16.3,0.0,0.0,4.68,21.05,17.1,49,era5_archive
2025-03-13,24.9,13.2,18.3,0.0,0.0,5.52,20.54,27.6,41,era5_archive
2025-03-14,26.8,14.1,19.9,0.0,0.0,4.49,17.69,19.6,37,era5_archive
2025-03-15,28.4,11.6,20.3,0.0,0.0,4.71,21.56,13.6,37,era5_archive
2025-03-16,28.9,12.3,20.6,0.0,0.0,5.26,22.16,13.2,33,era5_archive
2025-03-17,29.5,13.2,20.9,0.0,0.0,5.62,20.31,15.9,25,era5_archive
2025-03-18,29.3,13.5,20.5,0.1,0.1,5.47,21.64,23.3,41,era5_archive
2025-03-19,19.7,10.8,14.4,0.1,0.1,4.01,20.91,26.0,68,era5_archive
2025-03-20,13.0,5.3,9.7,6.0,6.0,2.63,15.87,35.7,71,era5_archive
2025-03-21,10.3,4.3,6.8,5.9,5.9,1.93,13.3,24.1,72,era5_archive
2025-03-22,13.3,3.3,8.3,0.0,0.0,2.4,15.04,15.6,67,era5_archive
2025-03-23,16.9,2.8,9.4,0.0,0.0,3.67,23.37,14.5,63,era5_archive
2025-03-24,21.3,3.2,12.2,0.0,0.0,4.04,23.08,12.3,53,era5_archive
2025-03-25,24.8,7.4,16.1,0.0,0.0,4.59,22.89,16.2,42,era5_archive
2025-03-26,27.4,10.4,18.7,0.0,0.0,5.17,22.74,13.3,38,era5_archive
2025-03-27,29.7,14.0,21.3,0.0,0.0,6.24,22.82,21.8,28,era5_archive
2025-03-28,31.5,17.7,23.3,0.0,0.0,6.54,18.69,22.7,20,era5_archive
2025-03-29,21.5,13.2,16.8,1.0,1.0,3.51,17.78,18.9,71,era5_archive
2025-03-30,19.0,10.3,13.9,26.7,26.7,3.83,21.27,24.2,69,era5_archive
2025-03-31,23.2,7.7,14.7,0.0,0.0,4.75,24.22,19.8,54,era5_archive
2025-04-01,25.7,12.6,19.0,1.1,1.1,3.84,11.28,39.2,46,era5_archive
2025-04-02,22.2,12.3,16.6,0.0,0.0,5.05,24.44,25.6,57,era5_archive
2025-04-03,23.0,8.3,15.3,0.0,0.0,4.86,24.37,20.2,46,era5_archive
2025-04-04,22.6,8.9,15.1,0.0,0.0,4.85,24.38,25.0,50,era5_archive
2025-04-05,21.5,9.4,14.5,0.0,0.0,4.21,22.71,21.0,62,era5_archive
2025-04-06,29.0,9.7,19.9,0.4,0.4,7.26,22.3,28.3,30,era5_archive
2025-04-07,29.7,15.7,21.8,0.0,0.0,5.71,23.25,19.1,28,era5_archive
2025-04-08,32.8,16.8,24.3,0.0,0.0,6.52,17.26,31.8,25,era5_archive
2025-04-09,26.7,13.1,20.5,0.1,0.1,5.49,21.33,24.8,39,era5_archive
2025-04-10,17.5,9.2,12.8,0.4,0.4,4.05,21.72,32.2,63,era5_archive
2025-04-11,16.5,7.8,11.5,0.1,0.1,3.45,17.42,25.4,58,era5_archive
2025-04-12,17.1,7.7,11.8,1.0,1.0,3.17,16.98,26.3,68,era5_archive
2025-04-13,18.6,6.9,11.8,0.0,0.0,3.76,21.2,20.6,64,era5_archive
2025-04-14,16.0,7.2,11.4,2.7,2.7,3.75,21.88,29.9,65,era5_archive
2025-04-15,18.3,7.6,12.2,1.4,1.4,4.8,25.81,28.9,53,era5_archive
2025-04-16,22.3,6.2,14.2,0.0,0.0,4.36,23.94,13.1,45,era5_archive
2025-04-17,26.1,9.3,17.8,0.0,0.0,5.53,26.07,13.3,32,era5_archive
2025-04-18,28.2,12.6,20.6,0.0,0.0,6.23,26.31,21.5,23,era5_archive
2025-04-19,31.2,13.9,22.1,0.0,0.0,7.02,26.38,22.8,21,era5_archive
2025-04-20,29.5,14.9,21.4,0.0,0.0,6.4,26.5,22.2,28,era5_archive
2025-04-21,27.3,12.0,19.5,0.0,0.0,5.85,26.96,20.4,36,era5_archive
2025-04-22,33.9,14.5,24.5,0.0,0.0,7.69,22.13,26.9,23,era5_archive
2025-04-23,35.1,18.6,26.4,0.0,0.0,7.5,15.73,28.6,20,era5_archive
2025-04-24,27.1,15.4,20.4,0.0,0.0,3.88,13.36,24.3,51,era5_archive
2025-04-25,24.0,13.2,18.1,0.0,0.0,5.38,26.58,20.0,61,era5_archive
2025-04-26,22.5,10.2,16.1,0.0,0.0,5.11,26.38,24.3,63,era5_archive
2025-04-27,25.9,10.2,17.7,0.0,0.0,5.14,25.19,14.9,56,era5_archive
2025-04-28,27.7,11.7,18.8,0.0,0.0,5.75,26.55,22.0,58,era5_archive
2025-04-29,24.6,10.8,17.4,0.0,0.0,5.39,26.99,22.3,62,era5_archive
2025-04-30,32.1,12.9,22.3,0.0,0.0,7.05,22.96,31.1,32,era5_archive
2025-05-01,25.4,14.7,19.0,1.1,1.1,5.37,23.92,22.9,59,era5_archive
2025-05-02,24.6,12.2,17.9,0.0,0.0,5.65,26.63,21.2,48,era5_archive
2025-05-03,26.9,11.5,18.6,0.0,0.0,6.01,26.61,24.4,37,era5_archive
2025-05-04,22.1,12.0,16.7,2.7,2.7,4.86,24.94,23.8,59,era5_archive
2025-05-05,21.3,11.8,16.1,1.4,1.4,4.47,23.73,29.3,69,era5_archive
2025-05-06,26.1,10.8,18.4,0.0,0.0,6.1,28.05,19.0,44,era5_archive
2025-05-07,30.2,12.0,21.2,0.0,0.0,6.09,28.32,18.7,32,era5_archive
2025-05-08,33.7,14.0,24.5,0.0,0.0,6.86,28.17,18.8,27,era5_archive
2025-05-09,35.1,17.2,26.2,0.0,0.0,7.18,27.84,21.9,22,era5_archive
2025-05-10,36.1,19.1,27.4,0.0,0.0,7.45,27.46,24.7,21,era5_archive
2025-05-11,35.2,19.5,26.9,0.0,0.0,8.28,27.72,29.5,23,era5_archive
2025-05-12,33.1,16.1,24.7,0.7,0.7,7.44,24.34,28.5,36,era5_archive
2025-05-13,27.0,12.9,20.5,1.5,1.5,5.68,25.31,21.7,48,era5_archive
2025-05-14,24.6,15.1,19.7,0.0,0.0,6.1,25.79,27.2,48,era5_archive
2025-05-15,26.0,12.8,18.7,0.0,0.0,5.89,28.13,25.0,59,era5_archive
2025-05-16,31.0,12.1,22.0,0.0,0.0,6.4,28.88,14.4,34,era5_archive
2025-05-17,38.7,18.6,28.8,0.0,0.0,8.17,27.85,15.2,14,era5_archive
2025-05-18,35.6,20.9,27.5,0.0,0.0,7.93,27.75,26.3,27,era5_archive
2025-05-19,29.0,15.7,21.6,0.0,0.0,7.0,28.73,21.9,46,era5_archive
2025-05-20,28.6,13.0,20.0,0.0,0.0,6.51,29.09,22.9,50,era5_archive
2025-05-21,30.3,12.1,20.6,0.0,0.0,6.49,29.21,19.2,57,era5_archive
2025-05-22,35.5,14.2,23.6,0.0,0.0,7.12,28.61,28.5,53,era5_archive
2025-05-23,29.2,15.7,22.1,0.0,0.0,7.35,28.82,31.8,50,era5_archive
2025-05-24,32.0,15.8,23.3,0.0,0.0,7.5,29.14,27.6,45,era5_archive
2025-05-25,34.4,15.9,25.3,0.0,0.0,7.63,29.28,20.0,32,era5_archive
2025-05-26,38.1,19.0,28.8,0.0,0.0,8.32,28.32,22.6,23,era5_archive
2025-05-27,28.4,15.7,22.5,0.1,0.1,6.52,27.92,26.1,55,era5_archive
2025-05-28,26.7,14.3,19.4,0.0,0.0,6.24,29.3,27.4,63,era5_archive
2025-05-29,26.3,13.5,19.5,0.0,0.0,6.49,29.32,26.5,54,era5_archive
2025-05-30,28.4,12.7,20.6,0.0,0.0,6.6,29.32,21.9,47,era5_archive
2025-05-31,33.4,15.5,24.5,0.0,0.0,7.98,29.66,23.4,28,era5_archive
2025-06-01,28.7,16.7,22.4,0.0,0.0,6.88,27.78,24.8,44,era5_archive
2025-06-02,26.3,15.3,20.1,0.0,0.0,6.37,29.7,25.9,54,era5_archive
2025-06-03,27.2,14.7,20.2,0.0,0.0,6.15,27.93,26.2,64,era5_archive
2025-06-04,29.3,15.4,21.6,0.0,0.0,6.66,29.06,25.3,60,era5_archive
2025-06-05,33.6,15.7,24.5,0.0,0.0,7.13,29.88,16.1,45,era5_archive
2025-06-06,34.8,19.0,26.3,0.0,0.0,8.01,30.42,23.2,32,era5_archive
2025-06-07,34.7,16.9,25.2,0.0,0.0,7.57,30.51,22.0,37,era5_archive
2025-06-08,33.4,18.0,25.0,0.0,0.0,7.73,30.2,26.0,41,era5_archive
2025-06-09,32.6,16.9,24.2,0.0,0.0,7.25,29.38,27.9,55,era5_archive
2025-06-10,36.3,17.2,26.0,0.0,0.0,7.4,29.11,23.6,57,era5_archive
2025-06-11,33.9,18.0,25.8,0.0,0.0,7.44,29.43,22.0,55,era5_archive
2025-06-12,34.8,19.7,26.8,0.0,0.0,7.91,30.23,19.7,35,era5_archive
2025-06-13,35.4,19.3,27.0,0.0,0.0,8.08,30.52,22.3,33,era5_archive
2025-06-14,35.4,19.5,27.0,0.0,0.0,8.13,30.5,22.5,37,era5_archive
2025-06-15,31.6,18.7,24.4,0.0,0.0,7.64,30.44,25.9,45,era5_archive
2025-06-16,32.7,16.1,23.5,0.0,0.0,7.2,30.63,23.1,59,era5_archive
2025-06-17,33.3,16.6,24.6,0.0,0.0,7.33,30.6,20.1,47,era5_archive
2025-06-18,36.0,17.2,26.1,0.0,0.0,7.53,30.64,21.3,41,era5_archive
2025-06-19,34.3,18.2,26.0,0.0,0.0,8.01,30.92,21.4,36,era5_archive
2025-06-20,33.3,17.1,24.8,0.0,0.0,7.91,30.93,24.4,44,era5_archive
2025-06-21,33.9,18.3,25.6,0.0,0.0,7.96,30.93,23.4,42,era5_archive
2025-06-22,33.2,17.8,25.1,0.0,0.0,7.73,30.67,23.6,49,era5_archive
2025-06-23,32.5,18.0,24.3,0.0,0.0,6.91,29.52,23.3,64,era5_archive
2025-06-24,34.3,17.8,25.3,0.0,0.0,7.02,29.12,22.7,61,era5_archive
2025-06-25,34.1,17.8,25.3,0.0,0.0,7.56,30.15,22.1,52,era5_archive
2025-06-26,34.6,17.9,25.9,0.0,0.0,7.64,30.38,20.5,45,era5_archive
2025-06-27,36.8,19.3,27.6,0.0,0.0,8.03,30.55,21.3,36,era5_archive
2025-06-28,37.6,20.7,28.6,0.0,0.0,8.54,30.25,23.6,30,era5_archive
2025-06-29,35.8,21.6,28.6,0.0,0.0,9.03,30.25,26.0,26,era5_archive
2025-06-30,33.9,20.6,27.0,0.0,0.0,8.65,30.2,29.2,32,era5_archive
2025-07-01,34.0,19.6,26.8,0.0,0.0,8.76,30.65,27.5,33,era5_archive
2025-07-02,32.8,20.5,26.0,0.0,0.0,8.06,30.02,27.4,40,era5_archive
2025-07-03,33.3,18.5,25.5,0.0,0.0,7.67,29.6,28.1,52,era5_archive
2025-07-04,31.7,18.7,25.4,0.0,0.0,8.33,30.03,30.4,41,era5_archive
2025-07-05,32.1,17.8,24.7,0.0,0.0,7.66,30.21,24.8,46,era5_archive
2025-07-06,34.3,17.5,25.5,0.0,0.0,7.7,30.28,25.6,48,era5_archive
2025-07-07,34.2,18.7,25.8,0.0,0.0,7.71,29.79,27.6,53,era5_archive
2025-07-08,34.2,18.7,25.7,0.0,0.0,7.64,29.37,28.1,59,era5_archive
2025-07-09,34.1,18.1,25.5,0.0,0.0,7.92,30.03,27.5,48,era5_archive
2025-07-10,35.5,19.5,26.7,0.0,0.0,7.9,29.73,26.1,47,era5_archive
2025-07-11,36.7,20.2,27.8,0.0,0.0,7.79,29.49,24.6,49,era5_archive
2025-07-12,36.2,21.8,28.0,0.0,0.0,7.96,29.98,24.4,39,era5_archive
2025-07-13,34.8,18.5,25.6,0.0,0.0,7.71,30.34,25.8,52,era5_archive
2025-07-14,33.9,17.6,25.0,0.0,0.0,7.4,29.89,23.8,55,era5_archive
2025-07-15,34.9,16.9,25.3,0.0,0.0,7.43,30.13,22.1,51,era5_archive
2025-07-16,35.3,17.6,26.2,0.0,0.0,7.75,29.98,25.4,42,era5_archive
2025-07-17,34.7,18.1,27.1,0.0,0.0,8.25,29.96,26.9,29,era5_archive
2025-07-18,35.2,20.8,27.8,0.0,0.0,8.4,29.99,25.2,27,era5_archive
2025-07-19,32.9,18.4,25.0,0.0,0.0,7.5,29.82,24.2,51,era5_archive
2025-07-20,32.6,19.0,24.8,0.0,0.0,6.54,27.79,26.8,68,era5_archive
2025-07-21,34.5,19.2,26.2,0.0,0.0,7.05,28.04,23.9,61,era5_archive
2025-07-22,37.0,20.4,28.0,0.0,0.0,7.45,28.45,22.1,53,era5_archive
2025-07-23,36.6,21.1,28.4,0.0,0.0,8.27,29.01,27.1,48,era5_archive
2025-07-24,35.3,22.0,28.0,0.0,0.0,8.74,29.15,32.8,39,era5_archive
2025-07-25,36.0,21.5,28.0,0.0,0.0,8.47,29.13,29.9,44,era5_archive
2025-07-26,37.4,21.1,28.8,0.0,0.0,8.0,29.15,22.6,47,era5_archive
2025-07-27,37.7,22.8,29.8,0.0,0.0,8.33,29.14,25.1,32,era5_archive
2025-07-28,36.7,22.8,29.3,0.0,0.0,8.27,28.88,24.0,30,era5_archive
2025-07-29,34.1,20.1,26.3,0.0,0.0,6.77,26.78,28.7,63,era5_archive
2025-07-30,33.9,20.8,26.2,0.0,0.0,7.18,27.95,27.7,63,era5_archive
2025-07-31,31.4,19.8,24.6,0.0,0.0,6.56,27.48,28.5,67,era5_archive
2025-08-01,31.9,20.1,24.8,0.0,0.0,6.72,27.94,24.4,64,era5_archive
2025-08-02,33.4,18.4,25.2,0.0,0.0,6.6,28.21,22.5,63,era5_archive
2025-08-03,33.8,19.4,25.7,0.0,0.0,6.86,27.81,23.3,62,era5_archive
2025-08-04,33.1,19.1,25.1,0.0,0.0,6.72,27.89,21.1,59,era5_archive
2025-08-05,32.5,17.4,24.3,0.0,0.0,6.57,28.39,20.0,63,era5_archive
2025-08-06,34.0,18.0,25.0,0.0,0.0,6.6,28.14,23.6,66,era5_archive
2025-08-07,35.2,19.2,26.3,0.0,0.0,6.59,27.35,19.6,65,era5_archive
2025-08-08,43.5,19.5,30.4,0.0,0.0,7.16,27.49,24.6,48,era5_archive
2025-08-09,41.4,22.5,31.2,0.0,0.0,6.29,22.36,21.3,52,era5_archive
2025-08-10,41.4,23.6,32.0,0.0,0.0,6.76,25.26,14.8,48,era5_archive
2025-08-11,41.3,24.2,32.9,0.0,0.0,6.27,22.85,16.6,41,era5_archive
2025-08-12,43.2,25.6,34.4,0.0,0.0,7.32,24.64,22.3,28,era5_archive
2025-08-13,43.2,27.2,35.2,0.0,0.0,8.59,26.12,21.2,23,era5_archive
2025-08-14,42.0,27.4,34.0,0.0,0.0,8.14,26.29,20.1,23,era5_archive
2025-08-15,37.9,24.8,30.3,0.0,0.0,8.54,27.09,28.7,34,era5_archive
2025-08-16,34.7,21.9,27.2,0.0,0.0,7.46,26.86,24.1,51,era5_archive
2025-08-17,33.0,19.6,25.1,0.0,0.0,6.68,27.14,25.2,65,era5_archive
2025-08-18,32.5,19.3,24.5,0.0,0.0,6.45,26.5,26.0,67,era5_archive
2025-08-19,33.0,19.5,25.0,0.0,0.0,6.84,26.45,26.8,61,era5_archive
2025-08-20,32.9,18.9,25.2,0.0,0.0,6.89,26.69,26.7,57,era5_archive
2025-08-21,33.2,18.3,25.0,0.0,0.0,6.26,26.13,21.4,65,era5_archive
2025-08-22,35.3,19.2,26.4,0.0,0.0,6.22,25.09,21.2,67,era5_archive
2025-08-23,36.0,20.1,27.2,0.0,0.0,6.92,25.89,23.5,58,era5_archive
2025-08-24,35.3,20.7,26.9,0.0,0.0,7.23,26.27,27.5,50,era5_archive
2025-08-25,33.1,20.0,25.5,0.0,0.0,6.54,25.87,22.2,62,era5_archive
2025-08-26,31.8,18.4,24.4,0.0,0.0,6.21,25.79,23.0,66,era5_archive
2025-08-27,31.8,19.4,24.5,0.0,0.0,5.76,23.77,26.2,70,era5_archive
2025-08-28,32.1,18.8,24.4,0.0,0.0,5.96,25.2,21.5,66,era5_archive
2025-08-29,32.5,17.9,24.5,0.0,0.0,6.23,25.55,20.6,56,era5_archive
2025-08-30,30.7,17.9,23.8,0.0,0.0,6.12,25.69,23.5,52,era5_archive
2025-08-31,32.3,18.0,23.9,0.0,0.0,6.16,24.84,26.9,62,era5_archive
2025-09-01,32.0,18.2,24.0,0.0,0.0,6.08,25.16,25.9,66,era5_archive
2025-09-02,32.0,19.9,24.7,0.0,0.0,6.01,24.53,27.4,68,era5_archive
2025-09-03,31.0,19.3,24.1,0.0,0.0,5.9,25.05,23.9,67,era5_archive
2025-09-04,32.4,16.8,23.8,0.0,0.0,5.66,24.9,19.5,65,era5_archive
2025-09-05,34.6,18.2,25.6,0.0,0.0,5.95,24.99,15.7,56,era5_archive
2025-09-06,34.2,18.7,25.7,0.0,0.0,6.19,24.89,19.1,51,era5_archive
2025-09-07,31.2,17.4,23.6,0.0,0.0,5.77,24.33,20.9,65,era5_archive
2025-09-08,30.3,17.0,23.3,0.0,0.0,5.43,23.54,19.5,68,era5_archive
2025-09-09,30.3,18.5,23.3,0.0,0.0,5.49,23.87,20.5,67,era5_archive
2025-09-10,31.5,16.5,23.1,0.0,0.0,5.61,24.43,17.6,64,era5_archive
2025-09-11,33.8,16.9,24.3,0.0,0.0,5.68,24.24,20.0,58,era5_archive
2025-09-12,33.9,17.2,25.0,0.0,0.0,5.62,24.34,15.7,52,era5_archive
2025-09-13,34.1,18.5,25.3,0.0,0.0,6.05,24.12,23.6,51,era5_archive
2025-09-14,34.0,18.8,25.5,0.0,0.0,5.85,23.68,15.9,52,era5_archive
2025-09-15,33.6,18.4,25.1,0.0,0.0,5.75,23.36,18.0,59,era5_archive
2025-09-16,32.9,17.7,24.2,0.0,0.0,5.41,22.96,19.5,65,era5_archive
2025-09-17,31.9,18.6,24.1,0.0,0.0,5.37,22.41,21.7,67,era5_archive
2025-09-18,31.1,17.2,23.3,0.0,0.0,5.28,22.85,23.8,66,era5_archive
2025-09-19,30.1,19.7,23.8,0.0,0.0,5.34,22.1,21.7,66,era5_archive
2025-09-20,31.6,16.8,24.0,0.0,0.0,4.83,22.94,7.4,43,era5_archive
2025-09-21,33.1,17.6,25.3,0.0,0.0,5.42,22.59,10.6,25,era5_archive
2025-09-22,33.8,18.5,25.9,0.0,0.0,5.56,22.47,13.3,22,era5_archive
2025-09-23,34.3,17.7,26.1,0.0,0.0,5.85,22.4,15.7,28,era5_archive
2025-09-24,30.5,18.3,23.6,0.0,0.0,5.28,21.65,24.5,60,era5_archive
2025-09-25,25.9,18.1,21.2,0.8,0.8,4.34,19.62,29.9,72,era5_archive
2025-09-26,29.6,17.9,22.3,0.1,0.1,4.68,19.64,21.8,71,era5_archive
2025-09-27,31.8,16.3,23.3,0.0,0.0,5.13,21.52,15.9,54,era5_archive
2025-09-28,33.7,16.3,24.9,0.0,0.0,5.44,21.56,13.2,24,era5_archive
2025-09-29,32.0,18.0,24.2,0.0,0.0,5.5,21.11,20.5,38,era5_archive
2025-09-30,28.4,16.6,21.8,0.0,0.0,4.77,20.39,25.5,65,era5_archive
2025-10-01,27.4,17.4,21.1,0.2,0.2,4.69,20.67,23.4,69,era5_archive
2025-10-02,28.3,15.1,21.2,0.0,0.0,4.48,20.64,16.0,61,era5_archive
2025-10-03,32.2,16.1,24.3,0.0,0.0,5.82,20.38,14.7,35,era5_archive
2025-10-04,33.8,19.5,25.7,0.0,0.0,5.53,20.38,17.9,32,era5_archive
2025-10-05,33.0,17.6,23.4,0.0,0.0,4.71,19.99,22.0,64,era5_archive
2025-10-06,27.9,17.1,21.6,0.0,0.0,4.38,19.57,19.5,69,era5_archive
2025-10-07,28.1,15.3,20.7,0.0,0.0,4.39,19.47,19.1,62,era5_archive
2025-10-08,27.6,14.8,20.7,0.0,0.0,4.55,19.55,19.7,54,era5_archive
2025-10-09,23.4,15.6,19.6,0.7,0.7,3.73,16.34,18.6,59,era5_archive
2025-10-10,25.5,13.0,19.0,0.0,0.0,3.87,19.17,12.5,62,era5_archive
2025-10-11,29.6,13.9,21.0,0.0,0.0,4.23,19.01,12.4,52,era5_archive
2025-10-12,24.9,14.9,19.5,0.0,0.0,3.98,17.38,26.2,66,era5_archive
2025-10-13,25.2,14.8,19.4,0.0,0.0,3.9,18.73,12.5,61,era5_archive
2025-10-14,28.3,13.5,19.6,0.0,0.0,4.14,18.62,19.0,52,era5_archive
2025-10-15,25.0,12.8,18.3,0.0,0.0,3.72,18.58,10.1,58,era5_archive
2025-10-16,27.0,13.5,19.5,0.0,0.0,3.7,18.38,10.8,54,era5_archive
2025-10-17,29.9,15.0,21.4,0.0,0.0,3.9,17.71,16.8,56,era5_archive
2025-10-18,26.2,15.3,19.7,0.0,0.0,3.97,18.14,18.7,65,era5_archive
2025-10-19,25.2,13.6,18.5,0.0,0.0,3.72,17.73,20.0,71,era5_archive
2025-10-20,26.4,13.6,19.4,0.0,0.0,3.9,17.27,21.2,69,era5_archive
2025-10-21,28.4,14.4,20.7,0.0,0.0,4.0,17.53,14.6,47,era5_archive
2025-10-22,29.3,13.9,21.3,0.0,0.0,3.8,17.53,10.1,29,era5_archive
2025-10-23,32.0,14.8,22.5,0.0,0.0,4.42,17.22,16.3,27,era5_archive
2025-10-24,27.6,17.2,21.8,0.0,0.0,4.24,16.65,20.5,40,era5_archive
2025-10-25,26.8,14.1,20.0,0.0,0.0,3.71,16.91,15.8,60,era5_archive
2025-10-26,27.4,13.8,19.6,0.0,0.0,3.64,16.7,21.4,64,era5_archive
2025-10-27,28.1,14.1,20.0,0.0,0.0,3.16,16.74,8.4,62,era5_archive
2025-10-28,30.9,15.1,21.6,0.0,0.0,3.7,16.57,18.4,45,era5_archive
2025-10-29,26.4,13.7,19.2,0.0,0.0,3.55,16.44,19.2,69,era5_archive
2025-10-30,27.5,12.2,19.7,0.0,0.0,3.48,16.36,11.8,55,era5_archive
2025-10-31,27.6,13.3,20.1,0.0,0.0,4.13,16.34,13.8,35,era5_archive
2025-11-01,28.9,13.5,20.7,0.0,0.0,4.72,16.25,13.3,25,era5_archive
2025-11-02,30.2,15.2,22.0,0.0,0.0,5.34,15.2,19.0,23,era5_archive
2025-11-03,30.9,15.4,22.4,0.0,0.0,5.02,15.9,19.4,28,era5_archive
2025-11-04,30.3,17.2,23.2,0.0,0.0,3.2,11.73,9.9,33,era5_archive
2025-11-05,30.7,17.2,23.1,0.0,0.0,3.79,12.6,15.1,22,era5_archive
2025-11-06,29.9,18.2,23.5,0.0,0.0,6.32,15.58,25.7,15,era5_archive
2025-11-07,27.4,16.0,21.4,0.0,0.0,5.31,15.57,22.2,22,era5_archive
2025-11-08,26.7,12.0,18.5,0.0,0.0,3.69,15.55,15.6,29,era5_archive
2025-11-09,28.5,13.4,20.5,0.0,0.0,5.72,15.26,22.8,20,era5_archive
2025-11-10,27.4,16.3,21.4,0.0,0.0,6.6,15.11,23.9,17,era5_archive
2025-11-11,27.2,15.4,20.4,0.0,0.0,5.64,14.82,23.8,28,era5_archive
2025-11-12,24.9,11.4,18.2,0.0,0.0,3.07,14.05,9.9,47,era5_archive
2025-11-13,24.9,14.9,19.2,0.0,0.0,4.9,14.19,23.2,32,era5_archive
2025-11-14,20.2,11.5,14.4,5.0,5.0,2.1,11.45,19.9,77,era5_archive
2025-11-15,18.2,9.7,13.7,2.4,2.4,1.91,10.67,27.7,82,era5_archive
2025-11-16,19.0,10.4,14.1,0.2,0.2,2.17,12.39,12.4,77,era5_archive
2025-11-17,20.6,7.9,13.6,0.0,0.0,2.35,13.44,12.3,69,era5_archive
2025-11-18,22.6,6.8,15.0,0.0,0.0,2.83,13.46,20.0,61,era5_archive
2025-11-19,23.6,9.8,16.1,0.0,0.0,3.29,13.82,18.4,51,era5_archive
2025-11-20,25.2,12.0,17.5,0.0,0.0,3.54,13.86,14.7,41,era5_archive
2025-11-21,27.5,12.3,18.7,0.0,0.0,4.03,13.86,18.6,36,era5_archive
2025-11-22,26.8,13.4,19.5,0.0,0.0,4.54,13.82,18.4,32,era5_archive
2025-11-23,24.4,15.3,18.6,0.0,0.0,4.98,13.95,20.7,29,era5_archive
2025-11-24,24.1,13.5,17.7,0.0,0.0,4.35,13.15,20.0,27,era5_archive
2025-11-25,18.9,10.8,14.2,8.5,8.5,1.76,9.14,16.5,73,era5_archive
2025-11-26,19.1,8.6,12.9,0.0,0.0,2.18,13.36,12.2,67,era5_archive
2025-11-27,21.0,7.7,13.9,0.0,0.0,2.69,13.2,18.6,56,era5_archive
2025-11-28,22.6,10.3,15.9,0.0,0.0,3.07,12.99,19.1,45,era5_archive
2025-11-29,22.2,10.9,15.6,0.0,0.0,2.5,11.51,10.2,41,era5_archive
2025-11-30,21.9,11.1,14.9,0.0,0.0,2.55,10.85,25.9,56,era5_archive
2025-12-01,18.8,9.6,13.2,0.0,0.0,2.14,12.62,13.9,74,era5_archive
2025-12-02,19.2,6.6,12.3,0.0,0.0,2.21,12.51,9.0,63,era5_archive
2025-12-03,20.1,7.0,13.2,0.0,0.0,2.6,12.21,16.3,57,era5_archive
2025-12-04,20.3,12.3,15.4,0.0,0.0,3.93,12.59,24.2,41,era5_archive
2025-12-05,21.9,9.2,15.2,2.4,2.4,3.29,12.16,20.2,45,era5_archive
2025-12-06,19.5,13.3,15.8,9.0,9.0,2.85,9.27,32.1,58,era5_archive
2025-12-07,18.4,7.5,12.8,0.2,0.2,1.84,10.0,19.3,72,era5_archive
2025-12-08,16.9,6.9,11.0,0.0,0.0,2.18,12.09,14.0,59,era5_archive
2025-12-09,15.6,7.3,10.9,0.4,0.4,1.87,10.89,13.8,69,era5_archive
2025-12-10,15.8,8.7,11.0,5.1,5.1,1.44,7.01,16.3,75,era5_archive
2025-12-11,15.3,7.6,10.5,3.4,3.4,1.25,6.7,19.3,82,era5_archive
2025-12-12,15.3,7.2,10.5,0.2,0.2,1.57,10.62,14.6,84,era5_archive
2025-12-13,15.9,6.8,10.4,0.0,0.0,1.76,11.29,17.4,80,era5_archive
2025-12-14,15.4,5.1,9.7,0.0,0.0,1.77,12.02,13.7,80,era5_archive
2025-12-15,14.5,6.1,9.8,3.6,3.6,1.66,11.07,14.7,78,era5_archive
2025-12-16,13.4,7.5,9.8,7.4,7.4,1.76,11.02,18.4,69,era5_archive
2025-12-17,12.3,4.8,8.0,1.2,1.2,1.99,12.24,22.7,65,era5_archive
2025-12-18,15.3,2.3,7.7,0.0,0.0,1.91,12.54,15.6,69,era5_archive
2025-12-19,14.9,5.8,9.3,0.0,0.0,1.74,12.33,17.5,81,era5_archive
2025-12-20,16.0,7.2,10.4,0.0,0.0,1.61,10.88,12.9,85,era5_archive
2025-12-21,14.5,7.2,9.7,0.0,0.0,1.7,9.51,22.8,73,era5_archive
2025-12-22,16.7,4.1,9.2,0.0,0.0,1.97,12.33,11.3,64,era5_archive
2025-12-23,17.1,4.4,9.5,0.0,0.0,1.85,11.57,10.8,67,era5_archive
2025-12-24,15.8,5.2,9.7,0.0,0.0,1.68,11.57,12.1,80,era5_archive
2025-12-25,15.3,5.0,8.9,0.0,0.0,1.89,11.88,20.8,72,era5_archive
2025-12-26,16.4,4.3,9.0,0.0,0.0,1.9,11.99,18.4,73,era5_archive
2025-12-27,14.5,6.3,9.7,24.5,24.5,1.17,7.43,23.9,85,era5_archive
2025-12-28,10.9,7.3,8.8,4.8,4.8,1.24,9.08,24.5,84,era5_archive
2025-12-29,12.8,8.2,9.7,3.5,3.5,1.17,8.26,31.4,85,era5_archive
2025-12-30,14.4,6.4,9.7,0.4,0.4,1.61,10.24,18.2,77,era5_archive
2025-12-31,15.5,7.0,9.9,0.0,0.0,2.0,11.34,21.7,71,era5_archive
2026-01-01,12.9,7.5,9.9,12.4,12.4,1.3,7.37,24.0,77,era5_archive
2026-01-02,12.7,5.7,9.1,6.6,6.6,1.53,10.15,21.2,80,era5_archive
2026-01-03,11.7,1.2,6.1,0.0,0.0,1.7,12.91,11.1,75,era5_archive
2026-01-04,14.3,1.9,7.6,0.0,0.0,2.15,12.91,21.2,63,era5_archive
2026-01-05,15.8,4.6,9.8,0.0,0.0,2.52,12.66,21.8,53,era5_archive
2026-01-06,16.0,5.6,9.8,0.0,0.0,2.44,11.98,17.0,51,era5_archive
2026-01-07,18.5,5.0,10.6,0.0,0.0,2.17,12.59,11.7,61,era5_archive
2026-01-08,19.5,8.5,13.1,0.0,0.0,3.29,12.46,23.7,51,era5_archive
2026-01-09,14.1,7.9,10.7,18.1,18.1,1.44,6.31,32.3,75,era5_archive
2026-01-10,14.0,6.4,10.0,0.0,0.0,1.78,10.17,23.8,76,era5_archive
2026-01-11,15.8,6.0,9.7,0.0,0.0,2.14,13.16,25.5,73,era5_archive
2026-01-12,15.1,4.5,9.4,0.0,0.0,2.42,12.99,26.2,66,era5_archive
2026-01-13,9.4,4.7,6.9,31.4,31.1,0.95,4.52,35.5,83,era5_archive
2026-01-14,10.9,5.4,7.4,1.5,1.5,1.45,8.93,34.0,77,era5_archive
2026-01-15,11.9,2.4,6.5,0.0,0.0,1.85,13.45,18.3,71,era5_archive
2026-01-16,13.4,1.3,6.7,0.0,0.0,1.83,13.57,8.2,73,era5_archive
2026-01-17,14.9,2.3,7.6,0.0,0.0,1.97,13.47,14.4,74,era5_archive
2026-01-18,13.8,3.5,7.8,0.5,0.5,1.46,10.33,17.7,85,era5_archive
2026-01-19,11.2,3.3,7.5,2.0,2.0,1.87,12.43,20.3,73,era5_archive
2026-01-20,9.9,2.1,4.9,0.0,0.0,2.14,13.89,20.3,55,era5_archive
2026-01-21,10.0,-0.5,4.8,0.0,0.0,2.4,12.63,26.1,52,era5_archive
2026-01-22,10.1,6.1,7.4,2.9,2.9,2.68,3.23,35.9,43,era5_archive
2026-01-23,17.3,5.3,10.2,0.8,0.8,2.6,13.0,34.3,60,era5_archive
2026-01-24,13.6,2.1,6.7,0.0,0.0,1.67,11.96,16.9,82,era5_archive
2026-01-25,14.8,2.7,7.8,0.0,0.0,2.06,14.34,14.7,75,era5_archive
2026-01-26,16.5,6.0,10.6,0.0,0.0,3.21,14.16,25.1,54,era5_archive
2026-01-27,17.9,6.0,11.0,0.0,0.0,2.86,14.22,18.4,56,era5_archive
2026-01-28,14.4,4.8,9.0,3.0,3.0,1.66,9.68,24.4,79,era5_archive
2026-01-29,15.3,6.8,10.2,2.2,2.2,1.63,10.52,19.4,82,era5_archive
2026-01-30,18.9,8.3,12.1,0.0,0.0,2.84,13.41,18.2,57,era5_archive
2026-01-31,19.2,5.9,11.9,0.0,0.0,2.59,14.49,11.8,67,era5_archive
2026-02-01,22.9,10.0,15.3,0.0,0.0,3.36,14.83,15.2,53,era5_archive
2026-02-02,22.8,9.8,16.4,0.7,0.7,4.07,15.25,22.4,51,era5_archive
2026-02-03,13.3,7.3,10.1,8.2,8.2,1.57,10.4,27.8,84,era5_archive
2026-02-04,15.1,7.1,10.6,0.0,0.0,2.35,15.35,18.9,74,era5_archive
2026-02-05,18.4,4.5,11.6,0.0,0.0,3.39,15.64,23.9,56,era5_archive
2026-02-06,20.4,9.9,14.0,0.2,0.2,2.77,11.28,16.7,45,era5_archive
2026-02-07,19.9,8.6,14.5,0.0,0.0,3.38,15.49,25.7,54,era5_archive
2026-02-08,22.7,10.7,16.1,0.0,0.0,3.66,15.38,21.6,54,era5_archive
2026-02-09,22.8,11.9,16.5,0.0,0.0,3.21,12.83,16.4,46,era5_archive
2026-02-10,19.8,9.2,13.8,0.3,0.3,2.83,15.62,24.8,68,era5_archive
2026-02-11,18.3,7.1,12.0,0.1,0.1,2.6,13.84,24.8,72,era5_archive
2026-02-12,20.1,7.5,12.9,0.0,0.0,3.03,15.41,17.2,63,era5_archive
2026-02-13,22.2,10.1,14.8,0.0,0.0,3.98,15.05,24.7,50,era5_archive
2026-02-14,16.7,9.1,12.4,0.3,0.3,2.73,14.41,30.1,72,era5_archive
2026-02-15,19.7,8.1,13.1,0.0,0.0,3.43,17.38,15.1,63,era5_archive
2026-02-16,23.3,10.5,16.3,0.0,0.0,5.59,17.73,28.8,31,era5_archive
2026-02-17,18.1,9.3,14.2,0.8,0.8,2.13,5.97,20.2,60,era5_archive
2026-02-18,18.4,6.7,11.8,0.0,0.0,3.21,17.2,26.9,70,era5_archive
2026-02-19,15.9,7.5,10.9,1.2,1.2,2.33,14.7,21.6,74,era5_archive
2026-02-20,19.7,4.5,12.0,0.0,0.0,3.58,17.99,23.6,58,era5_archive
2026-02-21,22.2,11.0,15.3,0.0,0.0,4.45,18.37,25.4,50,era5_archive
2026-02-22,17.6,8.2,12.2,0.1,0.1,2.71,15.98,19.5,76,era5_archive
2026-02-23,17.2,5.7,10.0,0.0,0.0,2.39,15.05,24.0,80,era5_archive
2026-02-24,14.8,5.0,9.6,0.5,0.5,2.48,16.43,25.3,78,era5_archive
2026-02-25,17.7,4.4,10.5,0.0,0.0,2.84,17.47,17.4,73,era5_archive
2026-02-26,15.6,5.8,10.0,1.0,1.0,2.46,15.0,31.8,74,era5_archive
2026-02-27,12.1,3.8,7.8,0.0,0.0,2.89,16.84,25.4,57,era5_archive
2026-02-28,12.0,-0.1,6.1,0.0,0.0,2.8,19.77,15.6,56,era5_archive
2026-03-01,14.9,1.0,7.5,0.0,0.0,2.97,19.2,20.1,58,era5_archive
2026-03-02,15.4,1.3,8.4,0.0,0.0,3.22,19.75,14.4,58,era5_archive
2026-03-03,16.5,2.7,9.3,0.0,0.0,3.27,20.08,13.1,46,era5_archive
2026-03-04,14.6,4.1,9.8,0.1,0.1,2.5,13.64,26.1,58,era5_archive
2026-03-05,16.4,4.1,10.4,0.0,0.0,3.2,20.51,15.8,61,era5_archive
2026-03-06,19.3,3.0,10.6,0.0,0.0,4.17,20.43,21.3,38,era5_archive
2026-03-07,15.4,4.6,9.8,0.2,0.2,2.95,17.13,25.2,64,era5_archive
2026-03-08,14.3,2.5,8.1,0.0,0.0,3.47,21.39,21.9,50,era5_archive
2026-03-09,14.7,0.9,8.0,0.0,0.0,3.38,21.56,13.6,51,era5_archive
2026-03-10,17.7,1.6,9.9,0.0,0.0,3.94,21.42,12.7,40,era5_archive
2026-03-11,20.3,2.6,12.3,0.0,0.0,4.37,21.25,17.9,30,era5_archive
2026-03-12,21.4,5.7,13.6,0.0,0.0,4.29,20.94,19.6,33,era5_archive
2026-03-13,21.3,7.3,13.4,2.2,2.2,3.51,17.56,17.8,52,era5_archive
2026-03-14,22.5,12.1,15.3,14.7,14.7,3.15,12.82,33.5,64,era5_archive
2026-03-15,16.0,7.5,12.3,2.5,2.5,2.75,18.22,27.5,78,era5_archive
2026-03-16,16.4,6.7,10.9,0.9,0.9,2.76,17.48,20.5,75,era5_archive
2026-03-17,20.4,4.4,12.2,0.0,0.0,3.79,22.17,14.5,66,era5_archive
2026-03-18,25.0,8.7,16.5,1.8,1.8,5.64,20.51,31.9,42,era5_archive
2026-03-19,18.2,9.5,13.5,25.1,25.1,3.2,17.98,27.7,72,era5_archive
2026-03-20,17.3,10.1,12.9,4.9,4.9,3.27,18.97,26.5,68,era5_archive
2026-03-21,15.7,8.0,11.0,8.9,8.9,2.98,18.65,28.4,70,era5_archive
2026-03-22,15.4,6.5,9.8,5.0,5.0,2.78,18.92,14.3,77,era5_archive
2026-03-23,16.9,5.6,10.6,0.5,0.5,3.14,18.67,16.0,69,era5_archive
2026-03-24,17.1,5.2,10.6,0.0,0.0,3.11,18.6,20.6,68,era5_archive
2026-03-25,16.1,5.4,10.8,1.9,1.9,3.12,19.54,14.2,72,era5_archive
2026-03-26,14.1,6.5,9.7,3.4,3.4,2.27,15.4,25.6,80,era5_archive
2026-03-27,16.1,8.8,11.5,2.1,2.1,2.62,17.83,29.9,80,era5_archive
2026-03-28,19.6,6.8,12.8,0.0,0.0,3.94,23.26,15.5,64,era5_archive
2026-03-29,18.4,8.2,12.7,6.6,6.6,2.46,12.73,27.0,74,era5_archive
2026-03-30,16.0,6.6,10.9,1.5,1.5,2.7,17.34,26.4,76,era5_archive
2026-03-31,18.8,8.2,12.7,0.9,0.9,3.52,21.52,14.1,71,era5_archive
2026-04-01,18.5,8.2,13.8,10.7,10.7,2.25,8.73,21.5,67,era5_archive
2026-04-02,23.4,13.6,16.5,17.9,17.9,2.9,15.01,34.0,82,era5_archive
2026-04-03,17.8,9.3,14.3,7.1,7.1,4.15,23.88,23.1,64,era5_archive
2026-04-04,19.7,6.7,12.8,0.0,0.0,4.37,23.09,18.8,51,era5_archive
2026-04-05,16.0,8.0,11.5,1.7,1.7,3.08,20.63,25.4,69,era5_archive
2026-04-06,17.9,6.1,11.9,0.2,0.2,3.78,22.72,20.6,70,era5_archive
2026-04-07,15.9,7.4,11.2,10.9,10.9,2.85,18.93,22.4,79,era5_archive
2026-04-08,17.2,7.8,11.9,1.1,1.1,3.28,21.13,22.3,79,era5_archive
2026-04-09,19.6,7.1,12.9,0.0,0.0,3.72,21.34,18.7,75,era5_archive
2026-04-10,20.3,7.4,13.3,0.0,0.0,4.18,23.26,24.9,70,era5_archive
2026-04-11,18.9,7.3,12.7,0.0,0.0,3.81,22.36,22.9,73,era5_archive
2026-04-12,18.3,8.8,12.7,0.1,0.1,3.53,21.2,24.7,73,era5_archive
2026-04-13,19.4,8.2,13.4,0.1,0.1,4.07,24.46,18.8,70,era5_archive
2026-04-14,25.2,5.0,15.1,0.0,0.0,4.88,25.59,10.7,56,era5_archive
2026-04-15,27.9,11.5,19.6,0.0,0.0,6.02,22.19,22.7,38,era5_archive
2026-04-16,28.8,14.9,22.2,0.5,0.5,6.5,22.86,22.8,38,era5_archive
2026-04-17,28.8,15.5,22.5,2.3,2.3,6.41,21.02,31.4,52,era5_archive
2026-04-18,25.3,13.1,18.4,0.0,0.0,5.31,25.12,29.3,60,era5_archive
2026-04-19,23.5,10.6,16.0,0.0,0.0,4.31,20.52,25.0,68,era5_archive
2026-04-20,20.6,9.6,14.2,0.0,0.0,4.43,24.23,27.1,69,era5_archive
2026-04-21,20.5,9.2,14.1,0.0,0.0,4.54,25.52,21.1,68,era5_archive
2026-04-22,23.7,7.1,15.1,0.0,0.0,5.1,26.87,16.7,55,era5_archive
2026-04-23,26.1,8.4,16.9,0.0,0.0,5.54,27.15,16.7,46,era5_archive
2026-04-24,26.3,10.2,17.9,0.0,0.0,5.35,25.43,12.1,37,era5_archive
2026-04-25,30.4,11.8,20.9,0.0,0.0,5.59,23.09,21.1,36,era5_archive
2026-04-26,30.7,13.5,21.8,0.0,0.0,5.94,24.28,19.8,38,era5_archive
2026-04-27,24.4,11.5,17.3,3.7,3.7,4.89,23.06,25.0,59,era5_archive
2026-04-28,24.1,10.8,16.8,0.2,0.2,4.77,24.17,21.5,70,era5_archive
2026-04-29,25.3,11.3,18.0,0.0,0.0,5.57,26.7,18.5,57,era5_archive
2026-04-30,28.1,11.4,19.6,0.0,0.0,5.79,26.94,17.9,46,era5_archive
2026-05-01,25.2,12.7,18.4,0.0,0.0,5.74,26.91,22.9,56,era5_archive
2026-05-02,27.7,9.4,18.9,0.0,0.0,5.48,26.01,16.2,43,era5_archive
2026-05-03,28.3,12.7,20.4,0.5,0.5,6.49,26.29,35.4,44,era5_archive
2026-05-04,19.1,9.4,13.8,0.5,0.5,4.01,19.81,32.6,62,era5_archive
2026-05-05,18.3,8.2,13.2,0.3,0.3,3.84,17.79,28.6,61,era5_archive
2026-05-06,20.0,8.1,13.8,0.0,0.0,3.54,18.8,15.9,64,era5_archive
2026-05-07,25.5,7.7,16.5,0.0,0.0,5.54,28.18,17.1,55,era5_archive
2026-05-08,29.4,10.1,20.3,0.0,0.0,5.87,27.78,15.4,45,era5_archive
2026-05-09,32.0,13.8,22.9,0.0,0.0,6.63,27.37,24.6,42,era5_archive
2026-05-10,31.1,15.5,22.9,0.0,0.0,6.99,28.21,21.0,37,era5_archive
2026-05-11,30.2,14.5,21.8,0.0,0.0,6.92,28.26,24.1,36,era5_archive
2026-05-12,32.1,15.4,23.9,0.0,0.0,6.87,27.08,21.7,26,era5_archive
2026-05-13,28.8,14.6,21.9,0.0,0.0,7.18,28.89,25.3,43,era5_archive
2026-05-14,32.0,15.6,23.6,0.0,0.0,7.14,27.17,22.0,29,era5_archive
2026-05-15,25.7,14.6,20.8,0.0,0.0,6.66,28.5,29.3,35,era5_archive
2026-05-16,23.5,12.9,17.4,0.6,0.6,5.0,24.14,30.1,67,era5_archive
2026-05-17,31.2,12.1,21.7,0.0,0.0,6.42,28.5,19.3,48,era5_archive
2026-05-18,32.0,21.1,25.4,0.1,0.1,8.25,27.03,29.1,29,era5_archive
2026-05-19,26.5,15.6,20.4,0.0,0.0,6.66,27.6,27.0,51,era5_archive
2026-05-20,25.8,14.1,19.4,0.0,0.0,5.59,24.43,26.3,50,era5_archive
2026-05-21,22.5,13.3,17.2,0.3,0.3,4.32,20.61,27.7,67,era5_archive
2026-05-22,26.5,12.1,18.6,0.0,0.0,5.68,28.26,19.0,65,era5_archive
2026-05-23,25.7,12.7,19.1,0.0,0.0,6.18,28.38,25.6,53,era5_archive
2026-05-24,25.5,13.4,19.0,0.0,0.0,6.28,29.63,23.2,47,era5_archive
2026-05-25,27.4,12.8,19.7,0.0,0.0,6.17,29.66,21.0,52,era5_archive
2026-05-26,28.8,13.3,20.5,0.0,0.0,6.24,29.33,21.2,57,era5_archive
2026-05-27,31.1,14.5,22.1,0.0,0.0,6.56,28.93,25.2,59,era5_archive
2026-05-28,26.7,14.9,20.0,0.0,0.0,6.1,28.71,28.4,64,era5_archive
2026-05-29,26.0,13.5,19.5,0.0,0.0,6.23,29.08,27.3,59,era5_archive
2026-05-30,28.0,14.3,20.4,0.0,0.0,6.13,28.41,23.7,62,era5_archive
2026-05-31,29.2,15.2,22.1,0.0,0.0,6.42,28.58,19.7,52,era5_archive
2026-06-01,30.4,15.5,22.4,0.0,0.0,7.11,29.97,22.1,41,era5_archive
2026-06-02,30.1,14.7,22.0,0.0,0.0,6.91,30.13,21.4,51,era5_archive
2026-06-03,30.4,15.7,23.0,0.0,0.0,7.6,30.37,26.8,35,era5_archive
2026-06-04,31.1,18.2,24.6,0.0,0.0,7.82,29.84,22.9,22,era5_archive
2026-06-05,30.4,17.4,23.0,0.0,0.0,7.66,31.0,22.8,28,era5_archive
2026-06-06,30.6,14.7,23.2,0.0,0.0,7.45,30.14,22.7,36,era5_archive
2026-06-07,30.2,17.3,23.5,0.0,0.0,7.45,30.35,20.4,36,era5_archive
2026-06-08,31.1,15.7,23.1,0.0,0.0,6.8,29.5,21.9,58,era5_archive
2026-06-09,32.2,17.0,24.3,0.0,0.0,7.16,29.79,24.4,53,era5_archive
2026-06-10,32.5,18.3,25.1,0.0,0.0,7.32,30.36,22.9,39,era5_archive
2026-06-11,31.2,16.5,23.7,0.0,0.0,7.15,30.03,21.7,50,era5_archive
2026-06-12,30.5,16.4,22.9,0.0,0.0,6.92,30.08,23.2,57,era5_archive
2026-06-13,30.4,16.1,22.6,0.0,0.0,7.08,30.25,25.3,56,era5_archive
2026-06-14,29.7,16.3,22.7,0.0,0.0,7.02,30.22,25.1,51,era5_archive
2026-06-15,29.7,15.9,22.3,0.0,0.0,6.47,30.1,19.1,64,era5_archive
2026-06-16,33.3,15.9,24.3,0.0,0.0,7.09,30.8,17.8,53,era5_archive
2026-06-17,33.8,16.4,24.9,0.0,0.0,7.36,30.28,23.6,54,era5_archive
2026-06-18,31.8,17.9,24.0,0.0,0.0,7.26,30.47,22.1,55,era5_archive
2026-06-19,31.2,16.7,23.5,0.0,0.0,7.29,30.95,21.8,45,era5_archive
2026-06-20,32.2,16.5,24.3,0.0,0.0,7.18,30.66,16.3,46,era5_archive
2026-06-21,33.7,17.9,25.4,0.0,0.0,7.42,30.47,21.0,48,era5_archive
2026-06-22,31.9,17.3,23.7,0.0,0.0,7.01,30.24,24.2,61,era5_archive
2026-06-23,30.4,17.1,23.2,0.0,0.0,7.08,29.87,29.4,63,era5_archive
2026-06-24,31.5,17.8,24.3,0.0,0.0,7.58,30.3,29.3,54,era5_archive
2026-06-25,31.7,17.6,23.9,0.0,0.0,7.2,30.29,28.1,56,era5_archive
2026-06-26,31.3,17.0,23.7,0.0,0.0,7.03,30.12,27.9,61,era5_archive
2026-06-27,32.6,18.3,24.6,0.0,0.0,7.06,28.85,26.4,63,era5_archive
2026-06-28,33.8,18.1,25.1,0.0,0.0,7.0,29.42,22.6,62,era5_archive
2026-06-29,34.3,18.7,26.1,0.0,0.0,7.52,30.38,21.7,52,era5_archive
2026-06-30,34.6,18.6,26.1,0.0,0.0,7.82,30.55,23.2,51,era5_archive
2026-07-01,33.8,18.5,25.6,0.0,0.0,7.77,30.61,24.2,52,era5_archive
2026-07-02,32.7,17.7,24.7,0.0,0.0,7.52,30.57,24.3,57,era5_archive
2026-07-03,31.9,18.0,24.3,0.0,0.0,7.03,28.98,29.8,65,era5_archive
2026-07-04,31.9,18.7,24.6,0.0,0.0,6.83,29.17,26.1,65,era5_archive
2026-07-05,33.2,19.1,25.2,0.0,0.0,6.82,28.98,25.4,68,era5_archive
2026-07-06,32.0,19.6,25.5,0.0,0.0,6.99,28.84,25.8,62,era5_archive
2026-07-07,31.3,19.2,24.8,0.0,0.0,6.81,28.46,28.0,61,era5_archive
2026-07-08,31.1,19.3,24.4,0.0,0.0,6.95,29.72,25.4,63,era5_archive
2026-07-09,31.7,16.6,23.7,0.0,0.0,6.92,30.16,23.0,63,era5_archive
2026-07-10,32.7,17.2,24.4,0.0,0.0,7.36,30.61,21.4,53,era5_archive
2026-07-11,33.3,17.1,24.8,0.0,0.0,7.41,30.6,20.4,51,era5_archive
2026-07-12,34.3,17.9,25.5,0.0,0.0,7.4,30.16,22.6,58,era5_archive
2026-07-13,33.7,18.7,25.7,0.0,0.0,7.26,29.65,23.3,59,era5_archive
2026-07-14,34.8,18.7,26.2,0.0,0.0,7.44,30.09,22.2,53,era5_archive
2026-07-15,34.8,19.7,26.5,0.0,0.0,7.48,29.98,23.3,49,era5_archive
2026-07-16,34.4,18.8,26.1,0.0,0.0,7.48,29.89,22.5,53,era5_archive
2026-07-17,33.7,19.7,26.2,0.0,0.0,7.35,29.65,25.8,55,era5_archive
2026-07-18,34.7,20.1,27.1,0.0,0.0,7.87,29.91,22.4,46,era5_archive
2026-07-19,35.5,20.2,27.7,0.0,0.0,8.19,30.18,22.6,36,era5_archive
2026-07-20,35.1,20.3,27.5,0.0,0.0,7.98,29.9,26.6,42,era5_archive
2026-07-21,34.8,20.4,27.3,0.0,0.0,7.88,29.4,26.0,48,era5_archive
2026-07-22,36.4,20.9,27.8,0.0,0.0,7.98,29.26,31.0,53,era5_archive
2026-07-23,35.6,20.6,27.9,0.0,0.0,8.41,29.35,29.8,50,era5_archive
2026-07-24,33.8,20.6,26.6,0.0,0.0,7.47,29.22,24.8,55,era5_archive
2026-07-25,33.3,18.9,25.8,0.0,0.0,7.28,28.79,24.9,53,era5_archive
2026-07-26,32.2,20.5,25.7,0.0,0.0,7.16,28.71,22.2,45,era5_archive
2026-07-27,33.8,18.0,25.4,0.0,0.0,7.09,29.48,18.7,51,era5_archive
2026-07-28,33.9,18.8,25.8,0.0,0.0,7.43,29.38,26.0,55,era5_archive
2026-07-29,35.3,19.2,26.6,0.0,0.0,7.25,28.92,23.2,59,era5_archive
2026-07-30,36.5,20.6,27.9,0.0,0.0,7.82,28.86,23.3,48,era5_archive
2026-07-31,37.5,20.3,28.7,0.0,0.0,7.62,29.04,18.9,44,era5_archive
2026-08-01,38.8,22.9,30.3,0.0,0.0,8.06,28.3,23.4,39,era5_archive
2026-08-02,38.7,24.0,30.7,0.0,0.0,8.65,28.47,26.6,33,era5_archive
2026-08-03,38.2,23.6,29.9,0.0,0.0,8.48,28.57,24.5,28,era5_archive
2026-08-04,37.6,21.7,28.5,0.0,0.0,7.9,28.19,26.3,42,era5_archive
2026-08-05,37.2,21.3,28.8,0.0,0.0,7.97,28.32,21.1,40,era5_archive
2026-08-06,33.9,19.8,26.4,0.0,0.0,7.48,28.49,22.7,50,era5_archive
2026-08-07,32.2,19.8,24.7,0.0,0.0,6.35,27.15,31.6,71,preliminary
2026-08-08,33.5,20.8,25.7,0.0,0.0,6.41,26.67,30.4,71,preliminary
2026-08-09,34.1,21.5,26.2,0.0,0.0,6.4,26.67,24.6,68,preliminary
2026-08-10,35.8,19.8,27.0,0.0,0.0,7.55,27.02,30.6,55,preliminary
2026-08-11,35.6,21.0,27.3,0.0,0.0,7.5,27.25,37.5,54,preliminary
2026-08-12,35.1,20.9,28.0,0.0,0.0,7.82,26.6,30.2,41,preliminary
